"filename", "language", "JSON", "C#", "Markdown", "UnityShader", "C++", "XML", "UnityUSS", "comment", "blank", "total"
"c:\Users\dwh88\Perforce\dengw3_Liyuu_1160\GSAS-2540-01-F24\users\dengw3\dengw3_2DplatformGame\BuddahGo\Assets\Adobe\Substance3DForUnity\Connector\Library\Adobe.Substance.Connector.asmdef", "JSON", -16, 0, 0, 0, 0, 0, 0, 0, 0, -16
"c:\Users\dwh88\Perforce\dengw3_Liyuu_1160\GSAS-2540-01-F24\users\dengw3\dengw3_2DplatformGame\BuddahGo\Assets\Adobe\Substance3DForUnity\Connector\Library\Scripts\ConvertUuid.cs", "C#", 0, -42, 0, 0, 0, 0, 0, -19, -12, -73
"c:\Users\dwh88\Perforce\dengw3_Liyuu_1160\GSAS-2540-01-F24\users\dengw3\dengw3_2DplatformGame\BuddahGo\Assets\Adobe\Substance3DForUnity\Connector\Library\Scripts\GUIDs.cs", "C#", 0, -10, 0, 0, 0, 0, 0, -9, -4, -23
"c:\Users\dwh88\Perforce\dengw3_Liyuu_1160\GSAS-2540-01-F24\users\dengw3\dengw3_2DplatformGame\BuddahGo\Assets\Adobe\Substance3DForUnity\Connector\Library\Scripts\ImportFileMessage.cs", "C#", 0, -23, 0, 0, 0, 0, 0, -3, -5, -31
"c:\Users\dwh88\Perforce\dengw3_Liyuu_1160\GSAS-2540-01-F24\users\dengw3\dengw3_2DplatformGame\BuddahGo\Assets\Adobe\Substance3DForUnity\Connector\Library\Scripts\Instance.cs", "C#", 0, -52, 0, 0, 0, 0, 0, -34, -17, -103
"c:\Users\dwh88\Perforce\dengw3_Liyuu_1160\GSAS-2540-01-F24\users\dengw3\dengw3_2DplatformGame\BuddahGo\Assets\Adobe\Substance3DForUnity\Connector\Library\Scripts\NativeMethods.cs", "C#", 0, -18, 0, 0, 0, 0, 0, -9, -6, -33
"c:\Users\dwh88\Perforce\dengw3_Liyuu_1160\GSAS-2540-01-F24\users\dengw3\dengw3_2DplatformGame\BuddahGo\Assets\Adobe\Substance3DForUnity\Connector\Library\Scripts\NativeUuidType.cs", "C#", 0, -10, 0, 0, 0, 0, 0, -6, -1, -17
"c:\Users\dwh88\Perforce\dengw3_Liyuu_1160\GSAS-2540-01-F24\users\dengw3\dengw3_2DplatformGame\BuddahGo\Assets\Adobe\Substance3DForUnity\Connector\Unity\Adobe.Substance.Connector.Unity.asmdef", "JSON", -20, 0, 0, 0, 0, 0, 0, 0, 0, -20
"c:\Users\dwh88\Perforce\dengw3_Liyuu_1160\GSAS-2540-01-F24\users\dengw3\dengw3_2DplatformGame\BuddahGo\Assets\Adobe\Substance3DForUnity\Connector\Unity\SubstanceLinkEditor.cs", "C#", 0, -152, 0, 0, 0, 0, 0, -2, -37, -191
"c:\Users\dwh88\Perforce\dengw3_Liyuu_1160\GSAS-2540-01-F24\users\dengw3\dengw3_2DplatformGame\BuddahGo\Assets\Adobe\Substance3DForUnity\Editor\Adobe.Substance.Editor.asmdef", "JSON", -19, 0, 0, 0, 0, 0, 0, 0, 0, -19
"c:\Users\dwh88\Perforce\dengw3_Liyuu_1160\GSAS-2540-01-F24\users\dengw3\dengw3_2DplatformGame\BuddahGo\Assets\Adobe\Substance3DForUnity\Editor\Scripts\Extensions\PhysicalSizeExtension.cs", "C#", 0, -14, 0, 0, 0, 0, 0, 0, -1, -15
"c:\Users\dwh88\Perforce\dengw3_Liyuu_1160\GSAS-2540-01-F24\users\dengw3\dengw3_2DplatformGame\BuddahGo\Assets\Adobe\Substance3DForUnity\Editor\Scripts\Extensions\SubstanceGraphSOExtensions.cs", "C#", 0, -129, 0, 0, 0, 0, 0, -30, -30, -189
"c:\Users\dwh88\Perforce\dengw3_Liyuu_1160\GSAS-2540-01-F24\users\dengw3\dengw3_2DplatformGame\BuddahGo\Assets\Adobe\Substance3DForUnity\Editor\Scripts\GUIContent\SubstanceInputGUIContent.cs", "C#", 0, -23, 0, 0, 0, 0, 0, -6, -4, -33
"c:\Users\dwh88\Perforce\dengw3_Liyuu_1160\GSAS-2540-01-F24\users\dengw3\dengw3_2DplatformGame\BuddahGo\Assets\Adobe\Substance3DForUnity\Editor\Scripts\GUIContent\SubstanceNumericalInputGUIContent.cs", "C#", 0, -137, 0, 0, 0, 0, 0, -24, -34, -195
"c:\Users\dwh88\Perforce\dengw3_Liyuu_1160\GSAS-2540-01-F24\users\dengw3\dengw3_2DplatformGame\BuddahGo\Assets\Adobe\Substance3DForUnity\Editor\Scripts\Importer\SubstanceImporter.cs", "C#", 0, -216, 0, 0, 0, 0, 0, -9, -57, -282
"c:\Users\dwh88\Perforce\dengw3_Liyuu_1160\GSAS-2540-01-F24\users\dengw3\dengw3_2DplatformGame\BuddahGo\Assets\Adobe\Substance3DForUnity\Editor\Scripts\Importer\SubstanceImporterEditor.cs", "C#", 0, -477, 0, 0, 0, 0, 0, -13, -141, -631
"c:\Users\dwh88\Perforce\dengw3_Liyuu_1160\GSAS-2540-01-F24\users\dengw3\dengw3_2DplatformGame\BuddahGo\Assets\Adobe\Substance3DForUnity\Editor\Scripts\Package\UnityPackageInfo.cs", "C#", 0, -89, 0, 0, 0, 0, 0, 0, -26, -115
"c:\Users\dwh88\Perforce\dengw3_Liyuu_1160\GSAS-2540-01-F24\users\dengw3\dengw3_2DplatformGame\BuddahGo\Assets\Adobe\Substance3DForUnity\Editor\Scripts\Project Settings Editor\Extensions.cs", "C#", 0, -25, 0, 0, 0, 0, 0, -1, -3, -29
"c:\Users\dwh88\Perforce\dengw3_Liyuu_1160\GSAS-2540-01-F24\users\dengw3\dengw3_2DplatformGame\BuddahGo\Assets\Adobe\Substance3DForUnity\Editor\Scripts\Project Settings Editor\SubstanceEditorSettingsProvider.cs", "C#", 0, -218, 0, 0, 0, 0, 0, -3, -59, -280
"c:\Users\dwh88\Perforce\dengw3_Liyuu_1160\GSAS-2540-01-F24\users\dengw3\dengw3_2DplatformGame\BuddahGo\Assets\Adobe\Substance3DForUnity\Editor\Scripts\Project Settings Editor\SubstanceEditorSettingsSO.cs", "C#", 0, -62, 0, 0, 0, 0, 0, -3, -14, -79
"c:\Users\dwh88\Perforce\dengw3_Liyuu_1160\GSAS-2540-01-F24\users\dengw3\dengw3_2DplatformGame\BuddahGo\Assets\Adobe\Substance3DForUnity\Editor\Scripts\PropertyDrawers\SubstanceInputDrawer.cs", "C#", 0, -48, 0, 0, 0, 0, 0, 0, -13, -61
"c:\Users\dwh88\Perforce\dengw3_Liyuu_1160\GSAS-2540-01-F24\users\dengw3\dengw3_2DplatformGame\BuddahGo\Assets\Adobe\Substance3DForUnity\Editor\Scripts\PropertyDrawers\SubstanceInputDrawerFloat.cs", "C#", 0, -53, 0, 0, 0, 0, 0, 0, -14, -67
"c:\Users\dwh88\Perforce\dengw3_Liyuu_1160\GSAS-2540-01-F24\users\dengw3\dengw3_2DplatformGame\BuddahGo\Assets\Adobe\Substance3DForUnity\Editor\Scripts\PropertyDrawers\SubstanceInputDrawerFloat2.cs", "C#", 0, -35, 0, 0, 0, 0, 0, 0, -8, -43
"c:\Users\dwh88\Perforce\dengw3_Liyuu_1160\GSAS-2540-01-F24\users\dengw3\dengw3_2DplatformGame\BuddahGo\Assets\Adobe\Substance3DForUnity\Editor\Scripts\PropertyDrawers\SubstanceInputDrawerFloat3.cs", "C#", 0, -51, 0, 0, 0, 0, 0, -7, -12, -70
"c:\Users\dwh88\Perforce\dengw3_Liyuu_1160\GSAS-2540-01-F24\users\dengw3\dengw3_2DplatformGame\BuddahGo\Assets\Adobe\Substance3DForUnity\Editor\Scripts\PropertyDrawers\SubstanceInputDrawerFloat4.cs", "C#", 0, -49, 0, 0, 0, 0, 0, -7, -12, -68
"c:\Users\dwh88\Perforce\dengw3_Liyuu_1160\GSAS-2540-01-F24\users\dengw3\dengw3_2DplatformGame\BuddahGo\Assets\Adobe\Substance3DForUnity\Editor\Scripts\PropertyDrawers\SubstanceInputDrawerInt.cs", "C#", 0, -137, 0, 0, 0, 0, 0, -45, -38, -220
"c:\Users\dwh88\Perforce\dengw3_Liyuu_1160\GSAS-2540-01-F24\users\dengw3\dengw3_2DplatformGame\BuddahGo\Assets\Adobe\Substance3DForUnity\Editor\Scripts\PropertyDrawers\SubstanceInputDrawerInt2.cs", "C#", 0, -81, 0, 0, 0, 0, 0, 0, -14, -95
"c:\Users\dwh88\Perforce\dengw3_Liyuu_1160\GSAS-2540-01-F24\users\dengw3\dengw3_2DplatformGame\BuddahGo\Assets\Adobe\Substance3DForUnity\Editor\Scripts\PropertyDrawers\SubstanceInputDrawerInt3.cs", "C#", 0, -34, 0, 0, 0, 0, 0, 0, -7, -41
"c:\Users\dwh88\Perforce\dengw3_Liyuu_1160\GSAS-2540-01-F24\users\dengw3\dengw3_2DplatformGame\BuddahGo\Assets\Adobe\Substance3DForUnity\Editor\Scripts\PropertyDrawers\SubstanceInputDrawerInt4.cs", "C#", 0, -170, 0, 0, 0, 0, 0, -1, -40, -211
"c:\Users\dwh88\Perforce\dengw3_Liyuu_1160\GSAS-2540-01-F24\users\dengw3\dengw3_2DplatformGame\BuddahGo\Assets\Adobe\Substance3DForUnity\Editor\Scripts\PropertyDrawers\SubstanceInputDrawerString.cs", "C#", 0, -30, 0, 0, 0, 0, 0, 0, -5, -35
"c:\Users\dwh88\Perforce\dengw3_Liyuu_1160\GSAS-2540-01-F24\users\dengw3\dengw3_2DplatformGame\BuddahGo\Assets\Adobe\Substance3DForUnity\Editor\Scripts\PropertyDrawers\SubstanceInputDrawerTexture.cs", "C#", 0, -53, 0, 0, 0, 0, 0, 0, -8, -61
"c:\Users\dwh88\Perforce\dengw3_Liyuu_1160\GSAS-2540-01-F24\users\dengw3\dengw3_2DplatformGame\BuddahGo\Assets\Adobe\Substance3DForUnity\Editor\Scripts\SubstanceEditorEngine.cs", "C#", 0, -657, 0, 0, 0, 0, 0, -79, -172, -908
"c:\Users\dwh88\Perforce\dengw3_Liyuu_1160\GSAS-2540-01-F24\users\dengw3\dengw3_2DplatformGame\BuddahGo\Assets\Adobe\Substance3DForUnity\Editor\Scripts\SubstanceFileEditor.cs", "C#", 0, -159, 0, 0, 0, 0, 0, -6, -33, -198
"c:\Users\dwh88\Perforce\dengw3_Liyuu_1160\GSAS-2540-01-F24\users\dengw3\dengw3_2DplatformGame\BuddahGo\Assets\Adobe\Substance3DForUnity\Editor\Scripts\SubstanceGraphSOEditor.cs", "C#", 0, -1185, 0, 0, 0, 0, 0, -37, -338, -1560
"c:\Users\dwh88\Perforce\dengw3_Liyuu_1160\GSAS-2540-01-F24\users\dengw3\dengw3_2DplatformGame\BuddahGo\Assets\Adobe\Substance3DForUnity\Editor\Scripts\Utilities\AssetCreationUtils.cs", "C#", 0, -48, 0, 0, 0, 0, 0, -12, -11, -71
"c:\Users\dwh88\Perforce\dengw3_Liyuu_1160\GSAS-2540-01-F24\users\dengw3\dengw3_2DplatformGame\BuddahGo\Assets\Adobe\Substance3DForUnity\Editor\Scripts\Utilities\EditorDrawUtilities.cs", "C#", 0, -64, 0, 0, 0, 0, 0, -3, -12, -79
"c:\Users\dwh88\Perforce\dengw3_Liyuu_1160\GSAS-2540-01-F24\users\dengw3\dengw3_2DplatformGame\BuddahGo\Assets\Adobe\Substance3DForUnity\Editor\Scripts\Utilities\EditorTools.cs", "C#", 0, -173, 0, 0, 0, 0, 0, -47, -43, -263
"c:\Users\dwh88\Perforce\dengw3_Liyuu_1160\GSAS-2540-01-F24\users\dengw3\dengw3_2DplatformGame\BuddahGo\Assets\Adobe\Substance3DForUnity\Editor\Scripts\Utilities\GraphInputsGroupingHelper.cs", "C#", 0, -133, 0, 0, 0, 0, 0, -18, -34, -185
"c:\Users\dwh88\Perforce\dengw3_Liyuu_1160\GSAS-2540-01-F24\users\dengw3\dengw3_2DplatformGame\BuddahGo\Assets\Adobe\Substance3DForUnity\Editor\Scripts\Utilities\SubstanceBuildUtils.cs", "C#", 0, -56, 0, 0, 0, 0, 0, 0, -12, -68
"c:\Users\dwh88\Perforce\dengw3_Liyuu_1160\GSAS-2540-01-F24\users\dengw3\dengw3_2DplatformGame\BuddahGo\Assets\Adobe\Substance3DForUnity\Editor\Scripts\Utilities\SubstanceEditorTools.cs", "C#", 0, -202, 0, 0, 0, 0, 0, -90, -54, -346
"c:\Users\dwh88\Perforce\dengw3_Liyuu_1160\GSAS-2540-01-F24\users\dengw3\dengw3_2DplatformGame\BuddahGo\Assets\Adobe\Substance3DForUnity\Editor\Scripts\Utilities\TextureUtils.cs", "C#", 0, -82, 0, 0, 0, 0, 0, -9, -22, -113
"c:\Users\dwh88\Perforce\dengw3_Liyuu_1160\GSAS-2540-01-F24\users\dengw3\dengw3_2DplatformGame\BuddahGo\Assets\Adobe\Substance3DForUnity\README.md", "Markdown", 0, 0, -13, 0, 0, 0, 0, 0, -1, -14
"c:\Users\dwh88\Perforce\dengw3_Liyuu_1160\GSAS-2540-01-F24\users\dengw3\dengw3_2DplatformGame\BuddahGo\Assets\Adobe\Substance3DForUnity\Runtime\Adobe.Substance.asmdef", "JSON", -14, 0, 0, 0, 0, 0, 0, 0, 0, -14
"c:\Users\dwh88\Perforce\dengw3_Liyuu_1160\GSAS-2540-01-F24\users\dengw3\dengw3_2DplatformGame\BuddahGo\Assets\Adobe\Substance3DForUnity\Runtime\Runtime\Adobe.Substance.Runtime.asmdef", "JSON", -16, 0, 0, 0, 0, 0, 0, 0, 0, -16
"c:\Users\dwh88\Perforce\dengw3_Liyuu_1160\GSAS-2540-01-F24\users\dengw3\dengw3_2DplatformGame\BuddahGo\Assets\Adobe\Substance3DForUnity\Runtime\Runtime\Scripts\SubstanceRuntime.cs", "C#", 0, -49, 0, 0, 0, 0, 0, -15, -11, -75
"c:\Users\dwh88\Perforce\dengw3_Liyuu_1160\GSAS-2540-01-F24\users\dengw3\dengw3_2DplatformGame\BuddahGo\Assets\Adobe\Substance3DForUnity\Runtime\Runtime\Scripts\SubstanceRuntimeGraph.cs", "C#", 0, -386, 0, 0, 0, 0, 0, -214, -116, -716
"c:\Users\dwh88\Perforce\dengw3_Liyuu_1160\GSAS-2540-01-F24\users\dengw3\dengw3_2DplatformGame\BuddahGo\Assets\Adobe\Substance3DForUnity\Runtime\Scripts\Engine.cs", "C#", 0, -106, 0, 0, 0, 0, 0, -30, -29, -165
"c:\Users\dwh88\Perforce\dengw3_Liyuu_1160\GSAS-2540-01-F24\users\dengw3\dengw3_2DplatformGame\BuddahGo\Assets\Adobe\Substance3DForUnity\Runtime\Scripts\Exceptions\SubstanceException.cs", "C#", 0, -23, 0, 0, 0, 0, 0, 0, -3, -26
"c:\Users\dwh88\Perforce\dengw3_Liyuu_1160\GSAS-2540-01-F24\users\dengw3\dengw3_2DplatformGame\BuddahGo\Assets\Adobe\Substance3DForUnity\Runtime\Scripts\MarshalStructs\DataInternalNumeric.cs", "C#", 0, -29, 0, 0, 0, 0, 0, -3, -11, -43
"c:\Users\dwh88\Perforce\dengw3_Liyuu_1160\GSAS-2540-01-F24\users\dengw3\dengw3_2DplatformGame\BuddahGo\Assets\Adobe\Substance3DForUnity\Runtime\Scripts\MarshalStructs\Enums\ErrorCode.cs", "C#", 0, -11, 0, 0, 0, 0, 0, -1, 0, -12
"c:\Users\dwh88\Perforce\dengw3_Liyuu_1160\GSAS-2540-01-F24\users\dengw3\dengw3_2DplatformGame\BuddahGo\Assets\Adobe\Substance3DForUnity\Runtime\Scripts\MarshalStructs\Enums\HVFlip.cs", "C#", 0, -13, 0, 0, 0, 0, 0, 0, -1, -14
"c:\Users\dwh88\Perforce\dengw3_Liyuu_1160\GSAS-2540-01-F24\users\dengw3\dengw3_2DplatformGame\BuddahGo\Assets\Adobe\Substance3DForUnity\Runtime\Scripts\MarshalStructs\Enums\ImageFormat.cs", "C#", 0, -44, 0, 0, 0, 0, 0, -8, -12, -64
"c:\Users\dwh88\Perforce\dengw3_Liyuu_1160\GSAS-2540-01-F24\users\dengw3\dengw3_2DplatformGame\BuddahGo\Assets\Adobe\Substance3DForUnity\Runtime\Scripts\MarshalStructs\Enums\nativevaluetype.cs", "C#", 0, -36, 0, 0, 0, 0, 0, -2, -2, -40
"c:\Users\dwh88\Perforce\dengw3_Liyuu_1160\GSAS-2540-01-F24\users\dengw3\dengw3_2DplatformGame\BuddahGo\Assets\Adobe\Substance3DForUnity\Runtime\Scripts\MarshalStructs\NativeDataImage.cs", "C#", 0, -31, 0, 0, 0, 0, 0, -17, -11, -59
"c:\Users\dwh88\Perforce\dengw3_Liyuu_1160\GSAS-2540-01-F24\users\dengw3\dengw3_2DplatformGame\BuddahGo\Assets\Adobe\Substance3DForUnity\Runtime\Scripts\MarshalStructs\NativeInputVisibility.cs", "C#", 0, -14, 0, 0, 0, 0, 0, 0, -2, -16
"c:\Users\dwh88\Perforce\dengw3_Liyuu_1160\GSAS-2540-01-F24\users\dengw3\dengw3_2DplatformGame\BuddahGo\Assets\Adobe\Substance3DForUnity\Runtime\Scripts\MarshalStructs\NativeOutputFormat.cs", "C#", 0, -69, 0, 0, 0, 0, 0, 0, -17, -86
"c:\Users\dwh88\Perforce\dengw3_Liyuu_1160\GSAS-2540-01-F24\users\dengw3\dengw3_2DplatformGame\BuddahGo\Assets\Adobe\Substance3DForUnity\Runtime\Scripts\MarshalStructs\NativePhysicalSize.cs", "C#", 0, -12, 0, 0, 0, 0, 0, 0, -1, -13
"c:\Users\dwh88\Perforce\dengw3_Liyuu_1160\GSAS-2540-01-F24\users\dengw3\dengw3_2DplatformGame\BuddahGo\Assets\Adobe\Substance3DForUnity\Runtime\Scripts\MarshalStructs\NativePreset.cs", "C#", 0, -20, 0, 0, 0, 0, 0, -3, -2, -25
"c:\Users\dwh88\Perforce\dengw3_Liyuu_1160\GSAS-2540-01-F24\users\dengw3\dengw3_2DplatformGame\BuddahGo\Assets\Adobe\Substance3DForUnity\Runtime\Scripts\MarshalStructs\NativeThumbnail.cs", "C#", 0, -14, 0, 0, 0, 0, 0, 0, -1, -15
"c:\Users\dwh88\Perforce\dengw3_Liyuu_1160\GSAS-2540-01-F24\users\dengw3\dengw3_2DplatformGame\BuddahGo\Assets\Adobe\Substance3DForUnity\Runtime\Scripts\MarshalStructs\nativeNumericInputDesc.cs", "C#", 0, -51, 0, 0, 0, 0, 0, -14, -23, -88
"c:\Users\dwh88\Perforce\dengw3_Liyuu_1160\GSAS-2540-01-F24\users\dengw3\dengw3_2DplatformGame\BuddahGo\Assets\Adobe\Substance3DForUnity\Runtime\Scripts\MarshalStructs\nativegraph.cs", "C#", 0, -16, 0, 0, 0, 0, 0, -8, -7, -31
"c:\Users\dwh88\Perforce\dengw3_Liyuu_1160\GSAS-2540-01-F24\users\dengw3\dengw3_2DplatformGame\BuddahGo\Assets\Adobe\Substance3DForUnity\Runtime\Scripts\MarshalStructs\nativeinputdesc.cs", "C#", 0, -17, 0, 0, 0, 0, 0, -9, -8, -34
"c:\Users\dwh88\Perforce\dengw3_Liyuu_1160\GSAS-2540-01-F24\users\dengw3\dengw3_2DplatformGame\BuddahGo\Assets\Adobe\Substance3DForUnity\Runtime\Scripts\MarshalStructs\nativeoutputdesc.cs", "C#", 0, -15, 0, 0, 0, 0, 0, -7, -6, -28
"c:\Users\dwh88\Perforce\dengw3_Liyuu_1160\GSAS-2540-01-F24\users\dengw3\dengw3_2DplatformGame\BuddahGo\Assets\Adobe\Substance3DForUnity\Runtime\Scripts\NativeMethods.cs", "C#", 0, -752, 0, 0, 0, 0, 0, -59, -304, -1115
"c:\Users\dwh88\Perforce\dengw3_Liyuu_1160\GSAS-2540-01-F24\users\dengw3\dengw3_2DplatformGame\BuddahGo\Assets\Adobe\Substance3DForUnity\Runtime\Scripts\Profile\ProfileUtils.cs", "C#", 0, -25, 0, 0, 0, 0, 0, 0, -6, -31
"c:\Users\dwh88\Perforce\dengw3_Liyuu_1160\GSAS-2540-01-F24\users\dengw3\dengw3_2DplatformGame\BuddahGo\Assets\Adobe\Substance3DForUnity\Runtime\Scripts\Render Pipelines\PluginPipelines.cs", "C#", 0, -102, 0, 0, 0, 0, 0, 0, -18, -120
"c:\Users\dwh88\Perforce\dengw3_Liyuu_1160\GSAS-2540-01-F24\users\dengw3\dengw3_2DplatformGame\BuddahGo\Assets\Adobe\Substance3DForUnity\Runtime\Scripts\SubstanceNativeGraph.cs", "C#", 0, -840, 0, 0, 0, 0, 0, -89, -234, -1163
"c:\Users\dwh88\Perforce\dengw3_Liyuu_1160\GSAS-2540-01-F24\users\dengw3\dengw3_2DplatformGame\BuddahGo\Assets\Adobe\Substance3DForUnity\Runtime\Scripts\Unity Objects\Enums\ShuffleIndex.cs", "C#", 0, -13, 0, 0, 0, 0, 0, 0, -1, -14
"c:\Users\dwh88\Perforce\dengw3_Liyuu_1160\GSAS-2540-01-F24\users\dengw3\dengw3_2DplatformGame\BuddahGo\Assets\Adobe\Substance3DForUnity\Runtime\Scripts\Unity Objects\Enums\SubstanceValueType.cs", "C#", 0, -20, 0, 0, 0, 0, 0, -3, -1, -24
"c:\Users\dwh88\Perforce\dengw3_Liyuu_1160\GSAS-2540-01-F24\users\dengw3\dengw3_2DplatformGame\BuddahGo\Assets\Adobe\Substance3DForUnity\Runtime\Scripts\Unity Objects\Enums\SubstanceWidgetType.cs", "C#", 0, -18, 0, 0, 0, 0, 0, -3, -1, -22
"c:\Users\dwh88\Perforce\dengw3_Liyuu_1160\GSAS-2540-01-F24\users\dengw3\dengw3_2DplatformGame\BuddahGo\Assets\Adobe\Substance3DForUnity\Runtime\Scripts\Unity Objects\Enums\TextureFlip.cs", "C#", 0, -13, 0, 0, 0, 0, 0, 0, -1, -14
"c:\Users\dwh88\Perforce\dengw3_Liyuu_1160\GSAS-2540-01-F24\users\dengw3\dengw3_2DplatformGame\BuddahGo\Assets\Adobe\Substance3DForUnity\Runtime\Scripts\Unity Objects\Inputs\Descriptions\ISubstanceInputDescNumerical.cs", "C#", 0, -9, 0, 0, 0, 0, 0, 0, -1, -10
"c:\Users\dwh88\Perforce\dengw3_Liyuu_1160\GSAS-2540-01-F24\users\dengw3\dengw3_2DplatformGame\BuddahGo\Assets\Adobe\Substance3DForUnity\Runtime\Scripts\Unity Objects\Inputs\Descriptions\SubstanceInputDescNumericalFloat.cs", "C#", 0, -23, 0, 0, 0, 0, 0, -24, -9, -56
"c:\Users\dwh88\Perforce\dengw3_Liyuu_1160\GSAS-2540-01-F24\users\dengw3\dengw3_2DplatformGame\BuddahGo\Assets\Adobe\Substance3DForUnity\Runtime\Scripts\Unity Objects\Inputs\Descriptions\SubstanceInputDescNumericalFloat2.cs", "C#", 0, -23, 0, 0, 0, 0, 0, -24, -9, -56
"c:\Users\dwh88\Perforce\dengw3_Liyuu_1160\GSAS-2540-01-F24\users\dengw3\dengw3_2DplatformGame\BuddahGo\Assets\Adobe\Substance3DForUnity\Runtime\Scripts\Unity Objects\Inputs\Descriptions\SubstanceInputDescNumericalFloat3.cs", "C#", 0, -23, 0, 0, 0, 0, 0, -24, -9, -56
"c:\Users\dwh88\Perforce\dengw3_Liyuu_1160\GSAS-2540-01-F24\users\dengw3\dengw3_2DplatformGame\BuddahGo\Assets\Adobe\Substance3DForUnity\Runtime\Scripts\Unity Objects\Inputs\Descriptions\SubstanceInputDescNumericalFloat4.cs", "C#", 0, -23, 0, 0, 0, 0, 0, -24, -9, -56
"c:\Users\dwh88\Perforce\dengw3_Liyuu_1160\GSAS-2540-01-F24\users\dengw3\dengw3_2DplatformGame\BuddahGo\Assets\Adobe\Substance3DForUnity\Runtime\Scripts\Unity Objects\Inputs\Descriptions\SubstanceInputDescNumericalInt.cs", "C#", 0, -25, 0, 0, 0, 0, 0, -27, -11, -63
"c:\Users\dwh88\Perforce\dengw3_Liyuu_1160\GSAS-2540-01-F24\users\dengw3\dengw3_2DplatformGame\BuddahGo\Assets\Adobe\Substance3DForUnity\Runtime\Scripts\Unity Objects\Inputs\Descriptions\SubstanceInputDescNumericalInt2.cs", "C#", 0, -22, 0, 0, 0, 0, 0, -21, -8, -51
"c:\Users\dwh88\Perforce\dengw3_Liyuu_1160\GSAS-2540-01-F24\users\dengw3\dengw3_2DplatformGame\BuddahGo\Assets\Adobe\Substance3DForUnity\Runtime\Scripts\Unity Objects\Inputs\Descriptions\SubstanceInputDescNumericalInt3.cs", "C#", 0, -23, 0, 0, 0, 0, 0, 0, -9, -32
"c:\Users\dwh88\Perforce\dengw3_Liyuu_1160\GSAS-2540-01-F24\users\dengw3\dengw3_2DplatformGame\BuddahGo\Assets\Adobe\Substance3DForUnity\Runtime\Scripts\Unity Objects\Inputs\Descriptions\SubstanceInputDescNumericalInt4.cs", "C#", 0, -38, 0, 0, 0, 0, 0, 0, -9, -47
"c:\Users\dwh88\Perforce\dengw3_Liyuu_1160\GSAS-2540-01-F24\users\dengw3\dengw3_2DplatformGame\BuddahGo\Assets\Adobe\Substance3DForUnity\Runtime\Scripts\Unity Objects\Inputs\Descriptions\SubstanceInputDescription.cs", "C#", 0, -15, 0, 0, 0, 0, 0, 0, -6, -21
"c:\Users\dwh88\Perforce\dengw3_Liyuu_1160\GSAS-2540-01-F24\users\dengw3\dengw3_2DplatformGame\BuddahGo\Assets\Adobe\Substance3DForUnity\Runtime\Scripts\Unity Objects\Inputs\ISubstanceInput.cs", "C#", 0, -56, 0, 0, 0, 0, 0, -34, -27, -117
"c:\Users\dwh88\Perforce\dengw3_Liyuu_1160\GSAS-2540-01-F24\users\dengw3\dengw3_2DplatformGame\BuddahGo\Assets\Adobe\Substance3DForUnity\Runtime\Scripts\Unity Objects\Inputs\SubstanceInputFactory.cs", "C#", 0, -45, 0, 0, 0, 0, 0, -8, -14, -67
"c:\Users\dwh88\Perforce\dengw3_Liyuu_1160\GSAS-2540-01-F24\users\dengw3\dengw3_2DplatformGame\BuddahGo\Assets\Adobe\Substance3DForUnity\Runtime\Scripts\Unity Objects\Inputs\Values\SubstanceInputFloat.cs", "C#", 0, -59, 0, 0, 0, 0, 0, 0, -12, -71
"c:\Users\dwh88\Perforce\dengw3_Liyuu_1160\GSAS-2540-01-F24\users\dengw3\dengw3_2DplatformGame\BuddahGo\Assets\Adobe\Substance3DForUnity\Runtime\Scripts\Unity Objects\Inputs\Values\SubstanceInputFloat2.cs", "C#", 0, -59, 0, 0, 0, 0, 0, 0, -12, -71
"c:\Users\dwh88\Perforce\dengw3_Liyuu_1160\GSAS-2540-01-F24\users\dengw3\dengw3_2DplatformGame\BuddahGo\Assets\Adobe\Substance3DForUnity\Runtime\Scripts\Unity Objects\Inputs\Values\SubstanceInputFloat3.cs", "C#", 0, -59, 0, 0, 0, 0, 0, 0, -12, -71
"c:\Users\dwh88\Perforce\dengw3_Liyuu_1160\GSAS-2540-01-F24\users\dengw3\dengw3_2DplatformGame\BuddahGo\Assets\Adobe\Substance3DForUnity\Runtime\Scripts\Unity Objects\Inputs\Values\SubstanceInputFloat4.cs", "C#", 0, -59, 0, 0, 0, 0, 0, 0, -12, -71
"c:\Users\dwh88\Perforce\dengw3_Liyuu_1160\GSAS-2540-01-F24\users\dengw3\dengw3_2DplatformGame\BuddahGo\Assets\Adobe\Substance3DForUnity\Runtime\Scripts\Unity Objects\Inputs\Values\SubstanceInputFont.cs", "C#", 0, -32, 0, 0, 0, 0, 0, 0, -5, -37
"c:\Users\dwh88\Perforce\dengw3_Liyuu_1160\GSAS-2540-01-F24\users\dengw3\dengw3_2DplatformGame\BuddahGo\Assets\Adobe\Substance3DForUnity\Runtime\Scripts\Unity Objects\Inputs\Values\SubstanceInputInt.cs", "C#", 0, -58, 0, 0, 0, 0, 0, 0, -11, -69
"c:\Users\dwh88\Perforce\dengw3_Liyuu_1160\GSAS-2540-01-F24\users\dengw3\dengw3_2DplatformGame\BuddahGo\Assets\Adobe\Substance3DForUnity\Runtime\Scripts\Unity Objects\Inputs\Values\SubstanceInputInt2.cs", "C#", 0, -54, 0, 0, 0, 0, 0, 0, -10, -64
"c:\Users\dwh88\Perforce\dengw3_Liyuu_1160\GSAS-2540-01-F24\users\dengw3\dengw3_2DplatformGame\BuddahGo\Assets\Adobe\Substance3DForUnity\Runtime\Scripts\Unity Objects\Inputs\Values\SubstanceInputInt3.cs", "C#", 0, -54, 0, 0, 0, 0, 0, 0, -10, -64
"c:\Users\dwh88\Perforce\dengw3_Liyuu_1160\GSAS-2540-01-F24\users\dengw3\dengw3_2DplatformGame\BuddahGo\Assets\Adobe\Substance3DForUnity\Runtime\Scripts\Unity Objects\Inputs\Values\SubstanceInputInt4.cs", "C#", 0, -75, 0, 0, 0, 0, 0, 0, -17, -92
"c:\Users\dwh88\Perforce\dengw3_Liyuu_1160\GSAS-2540-01-F24\users\dengw3\dengw3_2DplatformGame\BuddahGo\Assets\Adobe\Substance3DForUnity\Runtime\Scripts\Unity Objects\Inputs\Values\SubstanceInputString.cs", "C#", 0, -33, 0, 0, 0, 0, 0, 0, -6, -39
"c:\Users\dwh88\Perforce\dengw3_Liyuu_1160\GSAS-2540-01-F24\users\dengw3\dengw3_2DplatformGame\BuddahGo\Assets\Adobe\Substance3DForUnity\Runtime\Scripts\Unity Objects\Inputs\Values\SubstanceInputTexture.cs", "C#", 0, -40, 0, 0, 0, 0, 0, 0, -8, -48
"c:\Users\dwh88\Perforce\dengw3_Liyuu_1160\GSAS-2540-01-F24\users\dengw3\dengw3_2DplatformGame\BuddahGo\Assets\Adobe\Substance3DForUnity\Runtime\Scripts\Unity Objects\Inputs\Values\SubstanceInvalidInput.cs", "C#", 0, -29, 0, 0, 0, 0, 0, 0, -5, -34
"c:\Users\dwh88\Perforce\dengw3_Liyuu_1160\GSAS-2540-01-F24\users\dengw3\dengw3_2DplatformGame\BuddahGo\Assets\Adobe\Substance3DForUnity\Runtime\Scripts\Unity Objects\Outputs\SubstanceOutputDescription.cs", "C#", 0, -25, 0, 0, 0, 0, 0, 0, -5, -30
"c:\Users\dwh88\Perforce\dengw3_Liyuu_1160\GSAS-2540-01-F24\users\dengw3\dengw3_2DplatformGame\BuddahGo\Assets\Adobe\Substance3DForUnity\Runtime\Scripts\Unity Objects\Outputs\SubstanceOutputTexture.cs", "C#", 0, -44, 0, 0, 0, 0, 0, 0, -14, -58
"c:\Users\dwh88\Perforce\dengw3_Liyuu_1160\GSAS-2540-01-F24\users\dengw3\dengw3_2DplatformGame\BuddahGo\Assets\Adobe\Substance3DForUnity\Runtime\Scripts\Unity Objects\Outputs\SubstanceVirtualOutputCreateInfo.cs", "C#", 0, -80, 0, 0, 0, 0, 0, 0, -22, -102
"c:\Users\dwh88\Perforce\dengw3_Liyuu_1160\GSAS-2540-01-F24\users\dengw3\dengw3_2DplatformGame\BuddahGo\Assets\Adobe\Substance3DForUnity\Runtime\Scripts\Unity Objects\Presets\PresetInfo.cs", "C#", 0, -12, 0, 0, 0, 0, 0, 0, -1, -13
"c:\Users\dwh88\Perforce\dengw3_Liyuu_1160\GSAS-2540-01-F24\users\dengw3\dengw3_2DplatformGame\BuddahGo\Assets\Adobe\Substance3DForUnity\Runtime\Scripts\Unity Objects\SubstanceFileRawData.cs", "C#", 0, -11, 0, 0, 0, 0, 0, 0, -1, -12
"c:\Users\dwh88\Perforce\dengw3_Liyuu_1160\GSAS-2540-01-F24\users\dengw3\dengw3_2DplatformGame\BuddahGo\Assets\Adobe\Substance3DForUnity\Runtime\Scripts\Unity Objects\SubstanceFileSO.cs", "C#", 0, -9, 0, 0, 0, 0, 0, 0, -1, -10
"c:\Users\dwh88\Perforce\dengw3_Liyuu_1160\GSAS-2540-01-F24\users\dengw3\dengw3_2DplatformGame\BuddahGo\Assets\Adobe\Substance3DForUnity\Runtime\Scripts\Unity Objects\SubstanceGraphSO.cs", "C#", 0, -224, 0, 0, 0, 0, 0, -90, -72, -386
"c:\Users\dwh88\Perforce\dengw3_Liyuu_1160\GSAS-2540-01-F24\users\dengw3\dengw3_2DplatformGame\BuddahGo\Assets\Adobe\Substance3DForUnity\Runtime\Scripts\Utilities\DLLHelper.cs", "C#", 0, -111, 0, 0, 0, 0, 0, -3, -25, -139
"c:\Users\dwh88\Perforce\dengw3_Liyuu_1160\GSAS-2540-01-F24\users\dengw3\dengw3_2DplatformGame\BuddahGo\Assets\Adobe\Substance3DForUnity\Runtime\Scripts\Utilities\EnumExtensions.cs", "C#", 0, -327, 0, 0, 0, 0, 0, -20, -81, -428
"c:\Users\dwh88\Perforce\dengw3_Liyuu_1160\GSAS-2540-01-F24\users\dengw3\dengw3_2DplatformGame\BuddahGo\Assets\Adobe\Substance3DForUnity\Runtime\Scripts\Utilities\Globals.cs", "C#", 0, -22, 0, 0, 0, 0, 0, 0, -4, -26
"c:\Users\dwh88\Perforce\dengw3_Liyuu_1160\GSAS-2540-01-F24\users\dengw3\dengw3_2DplatformGame\BuddahGo\Assets\Adobe\Substance3DForUnity\Runtime\Scripts\Utilities\MaterialUtils.cs", "C#", 0, -307, 0, 0, 0, 0, 0, -31, -68, -406
"c:\Users\dwh88\Perforce\dengw3_Liyuu_1160\GSAS-2540-01-F24\users\dengw3\dengw3_2DplatformGame\BuddahGo\Assets\Adobe\Substance3DForUnity\Runtime\Scripts\Utilities\PathUtils.cs", "C#", 0, -8, 0, 0, 0, 0, 0, 0, -2, -10
"c:\Users\dwh88\Perforce\dengw3_Liyuu_1160\GSAS-2540-01-F24\users\dengw3\dengw3_2DplatformGame\BuddahGo\Assets\Adobe\Substance3DForUnity\Runtime\Scripts\Utilities\PlatformUtils.cs", "C#", 0, -104, 0, 0, 0, 0, 0, -15, -10, -129
"c:\Users\dwh88\Perforce\dengw3_Liyuu_1160\GSAS-2540-01-F24\users\dengw3\dengw3_2DplatformGame\BuddahGo\Assets\Adobe\Substance3DForUnity\Runtime\Scripts\Utilities\RenderingUtils.cs", "C#", 0, -200, 0, 0, 0, 0, 0, -5, -35, -240
"c:\Users\dwh88\Perforce\dengw3_Liyuu_1160\GSAS-2540-01-F24\users\dengw3\dengw3_2DplatformGame\BuddahGo\Assets\Adobe\Substance3DForUnity\Runtime\Scripts\Utilities\TextureExtensions.cs", "C#", 0, -50, 0, 0, 0, 0, 0, -3, -12, -65
"c:\Users\dwh88\Perforce\dengw3_Liyuu_1160\GSAS-2540-01-F24\users\dengw3\dengw3_2DplatformGame\BuddahGo\Assets\Adobe\Substance3DForUnity\Runtime\Scripts\Utilities\TextureOutputExtensions.cs", "C#", 0, -79, 0, 0, 0, 0, 0, 0, -17, -96
"c:\Users\dwh88\Perforce\dengw3_Liyuu_1160\GSAS-2540-01-F24\users\dengw3\dengw3_2DplatformGame\BuddahGo\Assets\Adobe\Substance3DForUnity\Runtime\Scripts\Utilities\Version.cs", "C#", 0, -9, 0, 0, 0, 0, 0, 0, -1, -10
"c:\Users\dwh88\Perforce\dengw3_Liyuu_1160\GSAS-2540-01-F24\users\dengw3\dengw3_2DplatformGame\BuddahGo\Assets\Data\SkillConfig\ProjectConfigSample.json", "JSON", -93, 0, 0, 0, 0, 0, 0, 0, -1, -94
"c:\Users\dwh88\Perforce\dengw3_Liyuu_1160\GSAS-2540-01-F24\users\dengw3\dengw3_2DplatformGame\BuddahGo\Assets\Editor\AssetUsageReport.cs", "C#", 0, -97, 0, 0, 0, 0, 0, 0, -17, -114
"c:\Users\dwh88\Perforce\dengw3_Liyuu_1160\GSAS-2540-01-F24\users\dengw3\dengw3_2DplatformGame\BuddahGo\Assets\Editor\MatchScenePlaceholderSetup.cs", "C#", 0, -127, 0, 0, 0, 0, 0, 0, -29, -156
"c:\Users\dwh88\Perforce\dengw3_Liyuu_1160\GSAS-2540-01-F24\users\dengw3\dengw3_2DplatformGame\BuddahGo\Assets\Editor\NetworkManagerValidator.cs", "C#", 0, -221, 0, 0, 0, 0, 0, -14, -52, -287
"c:\Users\dwh88\Perforce\dengw3_Liyuu_1160\GSAS-2540-01-F24\users\dengw3\dengw3_2DplatformGame\BuddahGo\Assets\Editor\NetworkObjectValidator.cs", "C#", 0, -49, 0, 0, 0, 0, 0, -1, -7, -57
"c:\Users\dwh88\Perforce\dengw3_Liyuu_1160\GSAS-2540-01-F24\users\dengw3\dengw3_2DplatformGame\BuddahGo\Assets\FishNet\CodeGenerating\Extension\FieldDefinitionExtensions.cs", "C#", 0, -12, 0, 0, 0, 0, 0, -3, -1, -16
"c:\Users\dwh88\Perforce\dengw3_Liyuu_1160\GSAS-2540-01-F24\users\dengw3\dengw3_2DplatformGame\BuddahGo\Assets\FishNet\CodeGenerating\Extension\FieldReferenceExtensions.cs", "C#", 0, -26, 0, 0, 0, 0, 0, -6, -3, -35
"c:\Users\dwh88\Perforce\dengw3_Liyuu_1160\GSAS-2540-01-F24\users\dengw3\dengw3_2DplatformGame\BuddahGo\Assets\FishNet\CodeGenerating\Extension\ILProcessorExtensions.cs", "C#", 0, -17, 0, 0, 0, 0, 0, -6, -2, -25
"c:\Users\dwh88\Perforce\dengw3_Liyuu_1160\GSAS-2540-01-F24\users\dengw3\dengw3_2DplatformGame\BuddahGo\Assets\FishNet\CodeGenerating\Extension\MethodDefinitionExtensions.cs", "C#", 0, -159, 0, 0, 0, 0, 0, -49, -26, -234
"c:\Users\dwh88\Perforce\dengw3_Liyuu_1160\GSAS-2540-01-F24\users\dengw3\dengw3_2DplatformGame\BuddahGo\Assets\FishNet\CodeGenerating\Extension\TypeDefinitionExtensions.cs", "C#", 0, -216, 0, 0, 0, 0, 0, -53, -32, -301
"c:\Users\dwh88\Perforce\dengw3_Liyuu_1160\GSAS-2540-01-F24\users\dengw3\dengw3_2DplatformGame\BuddahGo\Assets\FishNet\CodeGenerating\Extension\TypeReferenceExtensions.cs", "C#", 0, -29, 0, 0, 0, 0, 0, -11, -4, -44
"c:\Users\dwh88\Perforce\dengw3_Liyuu_1160\GSAS-2540-01-F24\users\dengw3\dengw3_2DplatformGame\BuddahGo\Assets\FishNet\CodeGenerating\Helpers\AttributeHelper.cs", "C#", 0, -51, 0, 0, 0, 0, 0, -10, -4, -65
"c:\Users\dwh88\Perforce\dengw3_Liyuu_1160\GSAS-2540-01-F24\users\dengw3\dengw3_2DplatformGame\BuddahGo\Assets\FishNet\CodeGenerating\Helpers\CodegenSession.cs", "C#", 0, -114, 0, 0, 0, 0, 0, -35, -22, -171
"c:\Users\dwh88\Perforce\dengw3_Liyuu_1160\GSAS-2540-01-F24\users\dengw3\dengw3_2DplatformGame\BuddahGo\Assets\FishNet\CodeGenerating\Helpers\CreatedSyncVarGenerator.cs", "C#", 0, 0, 0, 0, 0, 0, 0, -99, -21, -120
"c:\Users\dwh88\Perforce\dengw3_Liyuu_1160\GSAS-2540-01-F24\users\dengw3\dengw3_2DplatformGame\BuddahGo\Assets\FishNet\CodeGenerating\Helpers\Extension\CustomAttributeExtensions.cs", "C#", 0, -27, 0, 0, 0, 0, 0, -20, -4, -51
"c:\Users\dwh88\Perforce\dengw3_Liyuu_1160\GSAS-2540-01-F24\users\dengw3\dengw3_2DplatformGame\BuddahGo\Assets\FishNet\CodeGenerating\Helpers\Extension\Diagnostics.cs", "C#", 0, -36, 0, 0, 0, 0, 0, 0, -4, -40
"c:\Users\dwh88\Perforce\dengw3_Liyuu_1160\GSAS-2540-01-F24\users\dengw3\dengw3_2DplatformGame\BuddahGo\Assets\FishNet\CodeGenerating\Helpers\Extension\GetConstructor.cs", "C#", 0, -117, 0, 0, 0, 0, 0, -52, -16, -185
"c:\Users\dwh88\Perforce\dengw3_Liyuu_1160\GSAS-2540-01-F24\users\dengw3\dengw3_2DplatformGame\BuddahGo\Assets\FishNet\CodeGenerating\Helpers\Extension\ILProcessorExtensions.cs", "C#", 0, -114, 0, 0, 0, 0, 0, -62, -17, -193
"c:\Users\dwh88\Perforce\dengw3_Liyuu_1160\GSAS-2540-01-F24\users\dengw3\dengw3_2DplatformGame\BuddahGo\Assets\FishNet\CodeGenerating\Helpers\Extension\InstructionExtensions.cs", "C#", 0, -8, 0, 0, 0, 0, 0, 0, -1, -9
"c:\Users\dwh88\Perforce\dengw3_Liyuu_1160\GSAS-2540-01-F24\users\dengw3\dengw3_2DplatformGame\BuddahGo\Assets\FishNet\CodeGenerating\Helpers\Extension\MethodReferenceExtensions.cs", "C#", 0, -107, 0, 0, 0, 0, 0, -44, -19, -170
"c:\Users\dwh88\Perforce\dengw3_Liyuu_1160\GSAS-2540-01-F24\users\dengw3\dengw3_2DplatformGame\BuddahGo\Assets\FishNet\CodeGenerating\Helpers\Extension\ModuleDefinitionExtensions.cs", "C#", 0, -45, 0, 0, 0, 0, 0, -6, -8, -59
"c:\Users\dwh88\Perforce\dengw3_Liyuu_1160\GSAS-2540-01-F24\users\dengw3\dengw3_2DplatformGame\BuddahGo\Assets\FishNet\CodeGenerating\Helpers\Extension\ParameterDefinitionExtensions.cs", "C#", 0, -12, 0, 0, 0, 0, 0, -6, -1, -19
"c:\Users\dwh88\Perforce\dengw3_Liyuu_1160\GSAS-2540-01-F24\users\dengw3\dengw3_2DplatformGame\BuddahGo\Assets\FishNet\CodeGenerating\Helpers\Extension\TypeDefinitionExtensions.cs", "C#", 0, -318, 0, 0, 0, 0, 0, -124, -59, -501
"c:\Users\dwh88\Perforce\dengw3_Liyuu_1160\GSAS-2540-01-F24\users\dengw3\dengw3_2DplatformGame\BuddahGo\Assets\FishNet\CodeGenerating\Helpers\Extension\TypeReferenceExtensions.cs", "C#", 0, -81, 0, 0, 0, 0, 0, -38, -12, -131
"c:\Users\dwh88\Perforce\dengw3_Liyuu_1160\GSAS-2540-01-F24\users\dengw3\dengw3_2DplatformGame\BuddahGo\Assets\FishNet\CodeGenerating\Helpers\GeneralHelper.cs", "C#", 0, -992, 0, 0, 0, 0, 0, -312, -168, -1472
"c:\Users\dwh88\Perforce\dengw3_Liyuu_1160\GSAS-2540-01-F24\users\dengw3\dengw3_2DplatformGame\BuddahGo\Assets\FishNet\CodeGenerating\Helpers\NetworkBehaviourHelper.cs", "C#", 0, -332, 0, 0, 0, 0, 0, -105, -45, -482
"c:\Users\dwh88\Perforce\dengw3_Liyuu_1160\GSAS-2540-01-F24\users\dengw3\dengw3_2DplatformGame\BuddahGo\Assets\FishNet\CodeGenerating\Helpers\NetworkConnectionImports.cs", "C#", 0, -34, 0, 0, 0, 0, 0, -1, -6, -41
"c:\Users\dwh88\Perforce\dengw3_Liyuu_1160\GSAS-2540-01-F24\users\dengw3\dengw3_2DplatformGame\BuddahGo\Assets\FishNet\CodeGenerating\Helpers\ObjectHelper.cs", "C#", 0, -78, 0, 0, 0, 0, 0, -12, -8, -98
"c:\Users\dwh88\Perforce\dengw3_Liyuu_1160\GSAS-2540-01-F24\users\dengw3\dengw3_2DplatformGame\BuddahGo\Assets\FishNet\CodeGenerating\Helpers\PhysicsHelper.cs", "C#", 0, -94, 0, 0, 0, 0, 0, -11, -10, -115
"c:\Users\dwh88\Perforce\dengw3_Liyuu_1160\GSAS-2540-01-F24\users\dengw3\dengw3_2DplatformGame\BuddahGo\Assets\FishNet\CodeGenerating\Helpers\PredictedObjectHelper.cs", "C#", 0, -14, 0, 0, 0, 0, 0, 0, -1, -15
"c:\Users\dwh88\Perforce\dengw3_Liyuu_1160\GSAS-2540-01-F24\users\dengw3\dengw3_2DplatformGame\BuddahGo\Assets\FishNet\CodeGenerating\Helpers\ReaderImports.cs", "C#", 0, -52, 0, 0, 0, 0, 0, -7, -6, -65
"c:\Users\dwh88\Perforce\dengw3_Liyuu_1160\GSAS-2540-01-F24\users\dengw3\dengw3_2DplatformGame\BuddahGo\Assets\FishNet\CodeGenerating\Helpers\TimeManagerHelper.cs", "C#", 0, -16, 0, 0, 0, 0, 0, 0, -2, -18
"c:\Users\dwh88\Perforce\dengw3_Liyuu_1160\GSAS-2540-01-F24\users\dengw3\dengw3_2DplatformGame\BuddahGo\Assets\FishNet\CodeGenerating\Helpers\TransportHelper.cs", "C#", 0, -21, 0, 0, 0, 0, 0, -8, -5, -34
"c:\Users\dwh88\Perforce\dengw3_Liyuu_1160\GSAS-2540-01-F24\users\dengw3\dengw3_2DplatformGame\BuddahGo\Assets\FishNet\CodeGenerating\Helpers\Typed\Comparers.cs", "C#", 0, -27, 0, 0, 0, 0, 0, 0, -4, -31
"c:\Users\dwh88\Perforce\dengw3_Liyuu_1160\GSAS-2540-01-F24\users\dengw3\dengw3_2DplatformGame\BuddahGo\Assets\FishNet\CodeGenerating\Helpers\Typed\GeneratorHelper.cs", "C#", 0, -138, 0, 0, 0, 0, 0, -25, -22, -185
"c:\Users\dwh88\Perforce\dengw3_Liyuu_1160\GSAS-2540-01-F24\users\dengw3\dengw3_2DplatformGame\BuddahGo\Assets\FishNet\CodeGenerating\Helpers\Typed\QOLAttributeType.cs", "C#", 0, -9, 0, 0, 0, 0, 0, 0, 0, -9
"c:\Users\dwh88\Perforce\dengw3_Liyuu_1160\GSAS-2540-01-F24\users\dengw3\dengw3_2DplatformGame\BuddahGo\Assets\FishNet\CodeGenerating\Helpers\Typed\SerializatierType.cs", "C#", 0, -18, 0, 0, 0, 0, 0, 0, 0, -18
"c:\Users\dwh88\Perforce\dengw3_Liyuu_1160\GSAS-2540-01-F24\users\dengw3\dengw3_2DplatformGame\BuddahGo\Assets\FishNet\CodeGenerating\Helpers\Typed\SyncIndexData.cs", "C#", 0, -10, 0, 0, 0, 0, 0, -3, -1, -14
"c:\Users\dwh88\Perforce\dengw3_Liyuu_1160\GSAS-2540-01-F24\users\dengw3\dengw3_2DplatformGame\BuddahGo\Assets\FishNet\CodeGenerating\Helpers\Typed\SyncType.cs", "C#", 0, -13, 0, 0, 0, 0, 0, 0, 0, -13
"c:\Users\dwh88\Perforce\dengw3_Liyuu_1160\GSAS-2540-01-F24\users\dengw3\dengw3_2DplatformGame\BuddahGo\Assets\FishNet\CodeGenerating\Helpers\WriterImports.cs", "C#", 0, -89, 0, 0, 0, 0, 0, -13, -8, -110
"c:\Users\dwh88\Perforce\dengw3_Liyuu_1160\GSAS-2540-01-F24\users\dengw3\dengw3_2DplatformGame\BuddahGo\Assets\FishNet\CodeGenerating\ILCore\FNPostProcessorAssemblyResolver.cs", "C#", 0, -107, 0, 0, 0, 0, 0, -8, -19, -134
"c:\Users\dwh88\Perforce\dengw3_Liyuu_1160\GSAS-2540-01-F24\users\dengw3\dengw3_2DplatformGame\BuddahGo\Assets\FishNet\CodeGenerating\ILCore\FNPostProcessorReflectionImporter.cs", "C#", 0, -19, 0, 0, 0, 0, 0, 0, -3, -22
"c:\Users\dwh88\Perforce\dengw3_Liyuu_1160\GSAS-2540-01-F24\users\dengw3\dengw3_2DplatformGame\BuddahGo\Assets\FishNet\CodeGenerating\ILCore\FNPostProcessorReflectionImporterProvider.cs", "C#", 0, -11, 0, 0, 0, 0, 0, 0, -1, -12
"c:\Users\dwh88\Perforce\dengw3_Liyuu_1160\GSAS-2540-01-F24\users\dengw3\dengw3_2DplatformGame\BuddahGo\Assets\FishNet\CodeGenerating\ILCore\FishNetILPP.cs", "C#", 0, -274, 0, 0, 0, 0, 0, -82, -60, -416
"c:\Users\dwh88\Perforce\dengw3_Liyuu_1160\GSAS-2540-01-F24\users\dengw3\dengw3_2DplatformGame\BuddahGo\Assets\FishNet\CodeGenerating\ILCore\ILCoreHelper.cs", "C#", 0, -25, 0, 0, 0, 0, 0, -6, -3, -34
"c:\Users\dwh88\Perforce\dengw3_Liyuu_1160\GSAS-2540-01-F24\users\dengw3\dengw3_2DplatformGame\BuddahGo\Assets\FishNet\CodeGenerating\Processing\CodegenBase.cs", "C#", 0, -45, 0, 0, 0, 0, 0, -14, -8, -67
"c:\Users\dwh88\Perforce\dengw3_Liyuu_1160\GSAS-2540-01-F24\users\dengw3\dengw3_2DplatformGame\BuddahGo\Assets\FishNet\CodeGenerating\Processing\CustomSerializerProcessor.cs", "C#", 0, -210, 0, 0, 0, 0, 0, -76, -36, -322
"c:\Users\dwh88\Perforce\dengw3_Liyuu_1160\GSAS-2540-01-F24\users\dengw3\dengw3_2DplatformGame\BuddahGo\Assets\FishNet\CodeGenerating\Processing\NetworkBehaviourProcessor.cs", "C#", 0, -300, 0, 0, 0, 0, 0, -137, -61, -498
"c:\Users\dwh88\Perforce\dengw3_Liyuu_1160\GSAS-2540-01-F24\users\dengw3\dengw3_2DplatformGame\BuddahGo\Assets\FishNet\CodeGenerating\Processing\Prediction\PredictionProcessor.cs", "C#", 0, -741, 0, 0, 0, 0, 0, -190, -160, -1091
"c:\Users\dwh88\Perforce\dengw3_Liyuu_1160\GSAS-2540-01-F24\users\dengw3\dengw3_2DplatformGame\BuddahGo\Assets\FishNet\CodeGenerating\Processing\QOLAttributeProcessor.cs", "C#", 0, -110, 0, 0, 0, 0, 0, -35, -16, -161
"c:\Users\dwh88\Perforce\dengw3_Liyuu_1160\GSAS-2540-01-F24\users\dengw3\dengw3_2DplatformGame\BuddahGo\Assets\FishNet\CodeGenerating\Processing\ReaderProcessor.cs", "C#", 0, -605, 0, 0, 0, 0, 0, -291, -142, -1038
"c:\Users\dwh88\Perforce\dengw3_Liyuu_1160\GSAS-2540-01-F24\users\dengw3\dengw3_2DplatformGame\BuddahGo\Assets\FishNet\CodeGenerating\Processing\Rpc\AttributeData.cs", "C#", 0, -44, 0, 0, 0, 0, 0, -12, -8, -64
"c:\Users\dwh88\Perforce\dengw3_Liyuu_1160\GSAS-2540-01-F24\users\dengw3\dengw3_2DplatformGame\BuddahGo\Assets\FishNet\CodeGenerating\Processing\Rpc\Attributes.cs", "C#", 0, -119, 0, 0, 0, 0, 0, -28, -13, -160
"c:\Users\dwh88\Perforce\dengw3_Liyuu_1160\GSAS-2540-01-F24\users\dengw3\dengw3_2DplatformGame\BuddahGo\Assets\FishNet\CodeGenerating\Processing\Rpc\CreatedRpc.cs", "C#", 0, -40, 0, 0, 0, 0, 0, -9, -4, -53
"c:\Users\dwh88\Perforce\dengw3_Liyuu_1160\GSAS-2540-01-F24\users\dengw3\dengw3_2DplatformGame\BuddahGo\Assets\FishNet\CodeGenerating\Processing\Rpc\RpcProcessor.cs", "C#", 0, -695, 0, 0, 0, 0, 0, -297, -145, -1137
"c:\Users\dwh88\Perforce\dengw3_Liyuu_1160\GSAS-2540-01-F24\users\dengw3\dengw3_2DplatformGame\BuddahGo\Assets\FishNet\CodeGenerating\Processing\SyncTypeProcessor.cs", "C#", 0, -369, 0, 0, 0, 0, 0, -127, -59, -555
"c:\Users\dwh88\Perforce\dengw3_Liyuu_1160\GSAS-2540-01-F24\users\dengw3\dengw3_2DplatformGame\BuddahGo\Assets\FishNet\CodeGenerating\Processing\WriterProcessor.cs", "C#", 0, -640, 0, 0, 0, 0, 0, -282, -139, -1061
"c:\Users\dwh88\Perforce\dengw3_Liyuu_1160\GSAS-2540-01-F24\users\dengw3\dengw3_2DplatformGame\BuddahGo\Assets\FishNet\CodeGenerating\Unity.FishNet.CodeGen.asmdef", "JSON", -20, 0, 0, 0, 0, 0, 0, 0, 0, -20
"c:\Users\dwh88\Perforce\dengw3_Liyuu_1160\GSAS-2540-01-F24\users\dengw3\dengw3_2DplatformGame\BuddahGo\Assets\FishNet\CodeGenerating\cecil-0.11.4\Directory.Build.props", "XML", 0, 0, 0, 0, 0, -30, 0, 0, -1, -31
"c:\Users\dwh88\Perforce\dengw3_Liyuu_1160\GSAS-2540-01-F24\users\dengw3\dengw3_2DplatformGame\BuddahGo\Assets\FishNet\CodeGenerating\cecil-0.11.4\Mono.Cecil.Cil\Code.cs", "C#", 0, -225, 0, 0, 0, 0, 0, -9, -1, -235
"c:\Users\dwh88\Perforce\dengw3_Liyuu_1160\GSAS-2540-01-F24\users\dengw3\dengw3_2DplatformGame\BuddahGo\Assets\FishNet\CodeGenerating\cecil-0.11.4\Mono.Cecil.Cil\CodeReader.cs", "C#", 0, -558, 0, 0, 0, 0, 0, -10, -107, -675
"c:\Users\dwh88\Perforce\dengw3_Liyuu_1160\GSAS-2540-01-F24\users\dengw3\dengw3_2DplatformGame\BuddahGo\Assets\FishNet\CodeGenerating\cecil-0.11.4\Mono.Cecil.Cil\CodeWriter.cs", "C#", 0, -555, 0, 0, 0, 0, 0, -13, -100, -668
"c:\Users\dwh88\Perforce\dengw3_Liyuu_1160\GSAS-2540-01-F24\users\dengw3\dengw3_2DplatformGame\BuddahGo\Assets\FishNet\CodeGenerating\cecil-0.11.4\Mono.Cecil.Cil\Document.cs", "C#", 0, -74, 0, 0, 0, 0, 0, -9, -7, -90
"c:\Users\dwh88\Perforce\dengw3_Liyuu_1160\GSAS-2540-01-F24\users\dengw3\dengw3_2DplatformGame\BuddahGo\Assets\FishNet\CodeGenerating\cecil-0.11.4\Mono.Cecil.Cil\ExceptionHandler.cs", "C#", 0, -24, 0, 0, 0, 0, 0, -9, -3, -36
"c:\Users\dwh88\Perforce\dengw3_Liyuu_1160\GSAS-2540-01-F24\users\dengw3\dengw3_2DplatformGame\BuddahGo\Assets\FishNet\CodeGenerating\cecil-0.11.4\Mono.Cecil.Cil\ILProcessor.cs", "C#", 0, -220, 0, 0, 0, 0, 0, -9, -58, -287
"c:\Users\dwh88\Perforce\dengw3_Liyuu_1160\GSAS-2540-01-F24\users\dengw3\dengw3_2DplatformGame\BuddahGo\Assets\FishNet\CodeGenerating\cecil-0.11.4\Mono.Cecil.Cil\Instruction.cs", "C#", 0, -235, 0, 0, 0, 0, 0, -9, -46, -290
"c:\Users\dwh88\Perforce\dengw3_Liyuu_1160\GSAS-2540-01-F24\users\dengw3\dengw3_2DplatformGame\BuddahGo\Assets\FishNet\CodeGenerating\cecil-0.11.4\Mono.Cecil.Cil\MethodBody.cs", "C#", 0, -330, 0, 0, 0, 0, 0, -37, -74, -441
"c:\Users\dwh88\Perforce\dengw3_Liyuu_1160\GSAS-2540-01-F24\users\dengw3\dengw3_2DplatformGame\BuddahGo\Assets\FishNet\CodeGenerating\cecil-0.11.4\Mono.Cecil.Cil\OpCode.cs", "C#", 0, -406, 0, 0, 0, 0, 0, -9, -22, -437
"c:\Users\dwh88\Perforce\dengw3_Liyuu_1160\GSAS-2540-01-F24\users\dengw3\dengw3_2DplatformGame\BuddahGo\Assets\FishNet\CodeGenerating\cecil-0.11.4\Mono.Cecil.Cil\OpCodes.cs", "C#", 0, -227, 0, 0, 0, 0, 0, -9, -1, -237
"c:\Users\dwh88\Perforce\dengw3_Liyuu_1160\GSAS-2540-01-F24\users\dengw3\dengw3_2DplatformGame\BuddahGo\Assets\FishNet\CodeGenerating\cecil-0.11.4\Mono.Cecil.Cil\PortablePdb.cs", "C#", 0, -460, 0, 0, 0, 0, 0, -14, -126, -600
"c:\Users\dwh88\Perforce\dengw3_Liyuu_1160\GSAS-2540-01-F24\users\dengw3\dengw3_2DplatformGame\BuddahGo\Assets\FishNet\CodeGenerating\cecil-0.11.4\Mono.Cecil.Cil\SequencePoint.cs", "C#", 0, -35, 0, 0, 0, 0, 0, -9, -6, -50
"c:\Users\dwh88\Perforce\dengw3_Liyuu_1160\GSAS-2540-01-F24\users\dengw3\dengw3_2DplatformGame\BuddahGo\Assets\FishNet\CodeGenerating\cecil-0.11.4\Mono.Cecil.Cil\Symbols.cs", "C#", 0, -1004, 0, 0, 0, 0, 0, -13, -166, -1183
"c:\Users\dwh88\Perforce\dengw3_Liyuu_1160\GSAS-2540-01-F24\users\dengw3\dengw3_2DplatformGame\BuddahGo\Assets\FishNet\CodeGenerating\cecil-0.11.4\Mono.Cecil.Cil\VariableDefinition.cs", "C#", 0, -15, 0, 0, 0, 0, 0, -9, -2, -26
"c:\Users\dwh88\Perforce\dengw3_Liyuu_1160\GSAS-2540-01-F24\users\dengw3\dengw3_2DplatformGame\BuddahGo\Assets\FishNet\CodeGenerating\cecil-0.11.4\Mono.Cecil.Cil\VariableReference.cs", "C#", 0, -28, 0, 0, 0, 0, 0, -9, -5, -42
"c:\Users\dwh88\Perforce\dengw3_Liyuu_1160\GSAS-2540-01-F24\users\dengw3\dengw3_2DplatformGame\BuddahGo\Assets\FishNet\CodeGenerating\cecil-0.11.4\Mono.Cecil.Metadata\BlobHeap.cs", "C#", 0, -32, 0, 0, 0, 0, 0, -9, -11, -52
"c:\Users\dwh88\Perforce\dengw3_Liyuu_1160\GSAS-2540-01-F24\users\dengw3\dengw3_2DplatformGame\BuddahGo\Assets\FishNet\CodeGenerating\cecil-0.11.4\Mono.Cecil.Metadata\Buffers.cs", "C#", 0, -397, 0, 0, 0, 0, 0, -14, -78, -489
"c:\Users\dwh88\Perforce\dengw3_Liyuu_1160\GSAS-2540-01-F24\users\dengw3\dengw3_2DplatformGame\BuddahGo\Assets\FishNet\CodeGenerating\cecil-0.11.4\Mono.Cecil.Metadata\CodedIndex.cs", "C#", 0, -20, 0, 0, 0, 0, 0, -9, -1, -30
"c:\Users\dwh88\Perforce\dengw3_Liyuu_1160\GSAS-2540-01-F24\users\dengw3\dengw3_2DplatformGame\BuddahGo\Assets\FishNet\CodeGenerating\cecil-0.11.4\Mono.Cecil.Metadata\ElementType.cs", "C#", 0, -44, 0, 0, 0, 0, 0, -10, -2, -56
"c:\Users\dwh88\Perforce\dengw3_Liyuu_1160\GSAS-2540-01-F24\users\dengw3\dengw3_2DplatformGame\BuddahGo\Assets\FishNet\CodeGenerating\cecil-0.11.4\Mono.Cecil.Metadata\GuidHeap.cs", "C#", 0, -17, 0, 0, 0, 0, 0, -9, -7, -33
"c:\Users\dwh88\Perforce\dengw3_Liyuu_1160\GSAS-2540-01-F24\users\dengw3\dengw3_2DplatformGame\BuddahGo\Assets\FishNet\CodeGenerating\cecil-0.11.4\Mono.Cecil.Metadata\Heap.cs", "C#", 0, -12, 0, 0, 0, 0, 0, -9, -2, -23
"c:\Users\dwh88\Perforce\dengw3_Liyuu_1160\GSAS-2540-01-F24\users\dengw3\dengw3_2DplatformGame\BuddahGo\Assets\FishNet\CodeGenerating\cecil-0.11.4\Mono.Cecil.Metadata\MetadataToken.cs", "C#", 0, -67, 0, 0, 0, 0, 0, -9, -15, -91
"c:\Users\dwh88\Perforce\dengw3_Liyuu_1160\GSAS-2540-01-F24\users\dengw3\dengw3_2DplatformGame\BuddahGo\Assets\FishNet\CodeGenerating\cecil-0.11.4\Mono.Cecil.Metadata\PdbHeap.cs", "C#", 0, -16, 0, 0, 0, 0, 0, -9, -3, -28
"c:\Users\dwh88\Perforce\dengw3_Liyuu_1160\GSAS-2540-01-F24\users\dengw3\dengw3_2DplatformGame\BuddahGo\Assets\FishNet\CodeGenerating\cecil-0.11.4\Mono.Cecil.Metadata\Row.cs", "C#", 0, -126, 0, 0, 0, 0, 0, -9, -19, -154
"c:\Users\dwh88\Perforce\dengw3_Liyuu_1160\GSAS-2540-01-F24\users\dengw3\dengw3_2DplatformGame\BuddahGo\Assets\FishNet\CodeGenerating\cecil-0.11.4\Mono.Cecil.Metadata\StringHeap.cs", "C#", 0, -36, 0, 0, 0, 0, 0, -9, -11, -56
"c:\Users\dwh88\Perforce\dengw3_Liyuu_1160\GSAS-2540-01-F24\users\dengw3\dengw3_2DplatformGame\BuddahGo\Assets\FishNet\CodeGenerating\cecil-0.11.4\Mono.Cecil.Metadata\TableHeap.cs", "C#", 0, -84, 0, 0, 0, 0, 0, -9, -4, -97
"c:\Users\dwh88\Perforce\dengw3_Liyuu_1160\GSAS-2540-01-F24\users\dengw3\dengw3_2DplatformGame\BuddahGo\Assets\FishNet\CodeGenerating\cecil-0.11.4\Mono.Cecil.Metadata\TokenType.cs", "C#", 0, -38, 0, 0, 0, 0, 0, -9, -1, -48
"c:\Users\dwh88\Perforce\dengw3_Liyuu_1160\GSAS-2540-01-F24\users\dengw3\dengw3_2DplatformGame\BuddahGo\Assets\FishNet\CodeGenerating\cecil-0.11.4\Mono.Cecil.Metadata\UserStringHeap.cs", "C#", 0, -18, 0, 0, 0, 0, 0, -9, -6, -33
"c:\Users\dwh88\Perforce\dengw3_Liyuu_1160\GSAS-2540-01-F24\users\dengw3\dengw3_2DplatformGame\BuddahGo\Assets\FishNet\CodeGenerating\cecil-0.11.4\Mono.Cecil.Metadata\Utilities.cs", "C#", 0, -752, 0, 0, 0, 0, 0, -9, -10, -771
"c:\Users\dwh88\Perforce\dengw3_Liyuu_1160\GSAS-2540-01-F24\users\dengw3\dengw3_2DplatformGame\BuddahGo\Assets\FishNet\CodeGenerating\cecil-0.11.4\Mono.Cecil.PE\BinaryStreamReader.cs", "C#", 0, -35, 0, 0, 0, 0, 0, -9, -6, -50
"c:\Users\dwh88\Perforce\dengw3_Liyuu_1160\GSAS-2540-01-F24\users\dengw3\dengw3_2DplatformGame\BuddahGo\Assets\FishNet\CodeGenerating\cecil-0.11.4\Mono.Cecil.PE\BinaryStreamWriter.cs", "C#", 0, -62, 0, 0, 0, 0, 0, -9, -14, -85
"c:\Users\dwh88\Perforce\dengw3_Liyuu_1160\GSAS-2540-01-F24\users\dengw3\dengw3_2DplatformGame\BuddahGo\Assets\FishNet\CodeGenerating\cecil-0.11.4\Mono.Cecil.PE\ByteBuffer.cs", "C#", 0, -265, 0, 0, 0, 0, 0, -9, -62, -336
"c:\Users\dwh88\Perforce\dengw3_Liyuu_1160\GSAS-2540-01-F24\users\dengw3\dengw3_2DplatformGame\BuddahGo\Assets\FishNet\CodeGenerating\cecil-0.11.4\Mono.Cecil.PE\ByteBufferEqualityComparer.cs", "C#", 0, -28, 0, 0, 0, 0, 0, -10, -9, -47
"c:\Users\dwh88\Perforce\dengw3_Liyuu_1160\GSAS-2540-01-F24\users\dengw3\dengw3_2DplatformGame\BuddahGo\Assets\FishNet\CodeGenerating\cecil-0.11.4\Mono.Cecil.PE\DataDirectory.cs", "C#", 0, -18, 0, 0, 0, 0, 0, -9, -3, -30
"c:\Users\dwh88\Perforce\dengw3_Liyuu_1160\GSAS-2540-01-F24\users\dengw3\dengw3_2DplatformGame\BuddahGo\Assets\FishNet\CodeGenerating\cecil-0.11.4\Mono.Cecil.PE\Image.cs", "C#", 0, -128, 0, 0, 0, 0, 0, -9, -21, -158
"c:\Users\dwh88\Perforce\dengw3_Liyuu_1160\GSAS-2540-01-F24\users\dengw3\dengw3_2DplatformGame\BuddahGo\Assets\FishNet\CodeGenerating\cecil-0.11.4\Mono.Cecil.PE\ImageReader.cs", "C#", 0, -585, 0, 0, 0, 0, 0, -107, -120, -812
"c:\Users\dwh88\Perforce\dengw3_Liyuu_1160\GSAS-2540-01-F24\users\dengw3\dengw3_2DplatformGame\BuddahGo\Assets\FishNet\CodeGenerating\cecil-0.11.4\Mono.Cecil.PE\ImageWriter.cs", "C#", 0, -688, 0, 0, 0, 0, 0, -39, -147, -874
"c:\Users\dwh88\Perforce\dengw3_Liyuu_1160\GSAS-2540-01-F24\users\dengw3\dengw3_2DplatformGame\BuddahGo\Assets\FishNet\CodeGenerating\cecil-0.11.4\Mono.Cecil.PE\Section.cs", "C#", 0, -12, 0, 0, 0, 0, 0, -9, -2, -23
"c:\Users\dwh88\Perforce\dengw3_Liyuu_1160\GSAS-2540-01-F24\users\dengw3\dengw3_2DplatformGame\BuddahGo\Assets\FishNet\CodeGenerating\cecil-0.11.4\Mono.Cecil.PE\TextMap.cs", "C#", 0, -78, 0, 0, 0, 0, 0, -11, -17, -106
"c:\Users\dwh88\Perforce\dengw3_Liyuu_1160\GSAS-2540-01-F24\users\dengw3\dengw3_2DplatformGame\BuddahGo\Assets\FishNet\CodeGenerating\cecil-0.11.4\Mono.Cecil.Tests.props", "XML", 0, 0, 0, 0, 0, -16, 0, 0, -1, -17
"c:\Users\dwh88\Perforce\dengw3_Liyuu_1160\GSAS-2540-01-F24\users\dengw3\dengw3_2DplatformGame\BuddahGo\Assets\FishNet\CodeGenerating\cecil-0.11.4\Mono.Cecil.nuspec", "XML", 0, 0, 0, 0, 0, -39, 0, 0, -4, -43
"c:\Users\dwh88\Perforce\dengw3_Liyuu_1160\GSAS-2540-01-F24\users\dengw3\dengw3_2DplatformGame\BuddahGo\Assets\FishNet\CodeGenerating\cecil-0.11.4\Mono.Cecil\ArrayType.cs", "C#", 0, -118, 0, 0, 0, 0, 0, -9, -18, -145
"c:\Users\dwh88\Perforce\dengw3_Liyuu_1160\GSAS-2540-01-F24\users\dengw3\dengw3_2DplatformGame\BuddahGo\Assets\FishNet\CodeGenerating\cecil-0.11.4\Mono.Cecil\AssemblyDefinition.cs", "C#", 0, -151, 0, 0, 0, 0, 0, -9, -25, -185
"c:\Users\dwh88\Perforce\dengw3_Liyuu_1160\GSAS-2540-01-F24\users\dengw3\dengw3_2DplatformGame\BuddahGo\Assets\FishNet\CodeGenerating\cecil-0.11.4\Mono.Cecil\AssemblyFlags.cs", "C#", 0, -14, 0, 0, 0, 0, 0, -9, -2, -25
"c:\Users\dwh88\Perforce\dengw3_Liyuu_1160\GSAS-2540-01-F24\users\dengw3\dengw3_2DplatformGame\BuddahGo\Assets\FishNet\CodeGenerating\cecil-0.11.4\Mono.Cecil\AssemblyHashAlgorithm.cs", "C#", 0, -13, 0, 0, 0, 0, 0, -9, -1, -23
"c:\Users\dwh88\Perforce\dengw3_Liyuu_1160\GSAS-2540-01-F24\users\dengw3\dengw3_2DplatformGame\BuddahGo\Assets\FishNet\CodeGenerating\cecil-0.11.4\Mono.Cecil\AssemblyInfo.cs", "C#", 0, -10, 0, 0, 0, 0, 0, -9, -2, -21
"c:\Users\dwh88\Perforce\dengw3_Liyuu_1160\GSAS-2540-01-F24\users\dengw3\dengw3_2DplatformGame\BuddahGo\Assets\FishNet\CodeGenerating\cecil-0.11.4\Mono.Cecil\AssemblyLinkedResource.cs", "C#", 0, -16, 0, 0, 0, 0, 0, -9, -2, -27
"c:\Users\dwh88\Perforce\dengw3_Liyuu_1160\GSAS-2540-01-F24\users\dengw3\dengw3_2DplatformGame\BuddahGo\Assets\FishNet\CodeGenerating\cecil-0.11.4\Mono.Cecil\AssemblyNameDefinition.cs", "C#", 0, -19, 0, 0, 0, 0, 0, -9, -4, -32
"c:\Users\dwh88\Perforce\dengw3_Liyuu_1160\GSAS-2540-01-F24\users\dengw3\dengw3_2DplatformGame\BuddahGo\Assets\FishNet\CodeGenerating\cecil-0.11.4\Mono.Cecil\AssemblyNameReference.cs", "C#", 0, -238, 0, 0, 0, 0, 0, -11, -30, -279
"c:\Users\dwh88\Perforce\dengw3_Liyuu_1160\GSAS-2540-01-F24\users\dengw3\dengw3_2DplatformGame\BuddahGo\Assets\FishNet\CodeGenerating\cecil-0.11.4\Mono.Cecil\AssemblyReader.cs", "C#", 0, -3140, 0, 0, 0, 0, 0, -13, -884, -4037
"c:\Users\dwh88\Perforce\dengw3_Liyuu_1160\GSAS-2540-01-F24\users\dengw3\dengw3_2DplatformGame\BuddahGo\Assets\FishNet\CodeGenerating\cecil-0.11.4\Mono.Cecil\AssemblyWriter.cs", "C#", 0, -2711, 0, 0, 0, 0, 0, -14, -590, -3315
"c:\Users\dwh88\Perforce\dengw3_Liyuu_1160\GSAS-2540-01-F24\users\dengw3\dengw3_2DplatformGame\BuddahGo\Assets\FishNet\CodeGenerating\cecil-0.11.4\Mono.Cecil\BaseAssemblyResolver.cs", "C#", 0, -323, 0, 0, 0, 0, 0, -12, -65, -400
"c:\Users\dwh88\Perforce\dengw3_Liyuu_1160\GSAS-2540-01-F24\users\dengw3\dengw3_2DplatformGame\BuddahGo\Assets\FishNet\CodeGenerating\cecil-0.11.4\Mono.Cecil\CallSite.cs", "C#", 0, -90, 0, 0, 0, 0, 0, -9, -6, -105
"c:\Users\dwh88\Perforce\dengw3_Liyuu_1160\GSAS-2540-01-F24\users\dengw3\dengw3_2DplatformGame\BuddahGo\Assets\FishNet\CodeGenerating\cecil-0.11.4\Mono.Cecil\Consts.cs", "C#", 0, -8, 0, 0, 0, 0, 0, 0, 0, -8
"c:\Users\dwh88\Perforce\dengw3_Liyuu_1160\GSAS-2540-01-F24\users\dengw3\dengw3_2DplatformGame\BuddahGo\Assets\FishNet\CodeGenerating\cecil-0.11.4\Mono.Cecil\CustomAttribute.cs", "C#", 0, -174, 0, 0, 0, 0, 0, -9, -26, -209
"c:\Users\dwh88\Perforce\dengw3_Liyuu_1160\GSAS-2540-01-F24\users\dengw3\dengw3_2DplatformGame\BuddahGo\Assets\FishNet\CodeGenerating\cecil-0.11.4\Mono.Cecil\DefaultAssemblyResolver.cs", "C#", 0, -39, 0, 0, 0, 0, 0, -9, -13, -61
"c:\Users\dwh88\Perforce\dengw3_Liyuu_1160\GSAS-2540-01-F24\users\dengw3\dengw3_2DplatformGame\BuddahGo\Assets\FishNet\CodeGenerating\cecil-0.11.4\Mono.Cecil\EmbeddedResource.cs", "C#", 0, -67, 0, 0, 0, 0, 0, -9, -19, -95
"c:\Users\dwh88\Perforce\dengw3_Liyuu_1160\GSAS-2540-01-F24\users\dengw3\dengw3_2DplatformGame\BuddahGo\Assets\FishNet\CodeGenerating\cecil-0.11.4\Mono.Cecil\EventAttributes.cs", "C#", 0, -11, 0, 0, 0, 0, 0, -9, -2, -22
"c:\Users\dwh88\Perforce\dengw3_Liyuu_1160\GSAS-2540-01-F24\users\dengw3\dengw3_2DplatformGame\BuddahGo\Assets\FishNet\CodeGenerating\cecil-0.11.4\Mono.Cecil\EventDefinition.cs", "C#", 0, -131, 0, 0, 0, 0, 0, -9, -18, -158
"c:\Users\dwh88\Perforce\dengw3_Liyuu_1160\GSAS-2540-01-F24\users\dengw3\dengw3_2DplatformGame\BuddahGo\Assets\FishNet\CodeGenerating\cecil-0.11.4\Mono.Cecil\EventReference.cs", "C#", 0, -21, 0, 0, 0, 0, 0, -9, -4, -34
"c:\Users\dwh88\Perforce\dengw3_Liyuu_1160\GSAS-2540-01-F24\users\dengw3\dengw3_2DplatformGame\BuddahGo\Assets\FishNet\CodeGenerating\cecil-0.11.4\Mono.Cecil\ExportedType.cs", "C#", 0, -201, 0, 0, 0, 0, 0, -9, -11, -221
"c:\Users\dwh88\Perforce\dengw3_Liyuu_1160\GSAS-2540-01-F24\users\dengw3\dengw3_2DplatformGame\BuddahGo\Assets\FishNet\CodeGenerating\cecil-0.11.4\Mono.Cecil\FieldAttributes.cs", "C#", 0, -26, 0, 0, 0, 0, 0, -11, -4, -41
"c:\Users\dwh88\Perforce\dengw3_Liyuu_1160\GSAS-2540-01-F24\users\dengw3\dengw3_2DplatformGame\BuddahGo\Assets\FishNet\CodeGenerating\cecil-0.11.4\Mono.Cecil\FieldDefinition.cs", "C#", 0, -257, 0, 0, 0, 0, 0, -9, -28, -294
"c:\Users\dwh88\Perforce\dengw3_Liyuu_1160\GSAS-2540-01-F24\users\dengw3\dengw3_2DplatformGame\BuddahGo\Assets\FishNet\CodeGenerating\cecil-0.11.4\Mono.Cecil\FieldReference.cs", "C#", 0, -42, 0, 0, 0, 0, 0, -9, -10, -61
"c:\Users\dwh88\Perforce\dengw3_Liyuu_1160\GSAS-2540-01-F24\users\dengw3\dengw3_2DplatformGame\BuddahGo\Assets\FishNet\CodeGenerating\cecil-0.11.4\Mono.Cecil\FileAttributes.cs", "C#", 0, -8, 0, 0, 0, 0, 0, -9, -1, -18
"c:\Users\dwh88\Perforce\dengw3_Liyuu_1160\GSAS-2540-01-F24\users\dengw3\dengw3_2DplatformGame\BuddahGo\Assets\FishNet\CodeGenerating\cecil-0.11.4\Mono.Cecil\FunctionPointerType.cs", "C#", 0, -97, 0, 0, 0, 0, 0, -9, -5, -111
"c:\Users\dwh88\Perforce\dengw3_Liyuu_1160\GSAS-2540-01-F24\users\dengw3\dengw3_2DplatformGame\BuddahGo\Assets\FishNet\CodeGenerating\cecil-0.11.4\Mono.Cecil\GenericInstanceMethod.cs", "C#", 0, -56, 0, 0, 0, 0, 0, -9, -4, -69
"c:\Users\dwh88\Perforce\dengw3_Liyuu_1160\GSAS-2540-01-F24\users\dengw3\dengw3_2DplatformGame\BuddahGo\Assets\FishNet\CodeGenerating\cecil-0.11.4\Mono.Cecil\GenericInstanceType.cs", "C#", 0, -61, 0, 0, 0, 0, 0, -9, -5, -75
"c:\Users\dwh88\Perforce\dengw3_Liyuu_1160\GSAS-2540-01-F24\users\dengw3\dengw3_2DplatformGame\BuddahGo\Assets\FishNet\CodeGenerating\cecil-0.11.4\Mono.Cecil\GenericParameter.cs", "C#", 0, -302, 0, 0, 0, 0, 0, -9, -41, -352
"c:\Users\dwh88\Perforce\dengw3_Liyuu_1160\GSAS-2540-01-F24\users\dengw3\dengw3_2DplatformGame\BuddahGo\Assets\FishNet\CodeGenerating\cecil-0.11.4\Mono.Cecil\GenericParameterAttributes.cs", "C#", 0, -16, 0, 0, 0, 0, 0, -9, -2, -27
"c:\Users\dwh88\Perforce\dengw3_Liyuu_1160\GSAS-2540-01-F24\users\dengw3\dengw3_2DplatformGame\BuddahGo\Assets\FishNet\CodeGenerating\cecil-0.11.4\Mono.Cecil\GenericParameterResolver.cs", "C#", 0, -142, 0, 0, 0, 0, 0, 0, -40, -182
"c:\Users\dwh88\Perforce\dengw3_Liyuu_1160\GSAS-2540-01-F24\users\dengw3\dengw3_2DplatformGame\BuddahGo\Assets\FishNet\CodeGenerating\cecil-0.11.4\Mono.Cecil\IConstantProvider.cs", "C#", 0, -30, 0, 0, 0, 0, 0, -9, -4, -43
"c:\Users\dwh88\Perforce\dengw3_Liyuu_1160\GSAS-2540-01-F24\users\dengw3\dengw3_2DplatformGame\BuddahGo\Assets\FishNet\CodeGenerating\cecil-0.11.4\Mono.Cecil\ICustomAttributeProvider.cs", "C#", 0, -24, 0, 0, 0, 0, 0, -9, -5, -38
"c:\Users\dwh88\Perforce\dengw3_Liyuu_1160\GSAS-2540-01-F24\users\dengw3\dengw3_2DplatformGame\BuddahGo\Assets\FishNet\CodeGenerating\cecil-0.11.4\Mono.Cecil\IGenericInstance.cs", "C#", 0, -33, 0, 0, 0, 0, 0, -9, -6, -48
"c:\Users\dwh88\Perforce\dengw3_Liyuu_1160\GSAS-2540-01-F24\users\dengw3\dengw3_2DplatformGame\BuddahGo\Assets\FishNet\CodeGenerating\cecil-0.11.4\Mono.Cecil\IGenericParameterProvider.cs", "C#", 0, -38, 0, 0, 0, 0, 0, -9, -7, -54
"c:\Users\dwh88\Perforce\dengw3_Liyuu_1160\GSAS-2540-01-F24\users\dengw3\dengw3_2DplatformGame\BuddahGo\Assets\FishNet\CodeGenerating\cecil-0.11.4\Mono.Cecil\IMarshalInfoProvider.cs", "C#", 0, -19, 0, 0, 0, 0, 0, -9, -3, -31
"c:\Users\dwh88\Perforce\dengw3_Liyuu_1160\GSAS-2540-01-F24\users\dengw3\dengw3_2DplatformGame\BuddahGo\Assets\FishNet\CodeGenerating\cecil-0.11.4\Mono.Cecil\IMemberDefinition.cs", "C#", 0, -60, 0, 0, 0, 0, 0, -9, -13, -82
"c:\Users\dwh88\Perforce\dengw3_Liyuu_1160\GSAS-2540-01-F24\users\dengw3\dengw3_2DplatformGame\BuddahGo\Assets\FishNet\CodeGenerating\cecil-0.11.4\Mono.Cecil\IMetadataScope.cs", "C#", 0, -14, 0, 0, 0, 0, 0, -9, -2, -25
"c:\Users\dwh88\Perforce\dengw3_Liyuu_1160\GSAS-2540-01-F24\users\dengw3\dengw3_2DplatformGame\BuddahGo\Assets\FishNet\CodeGenerating\cecil-0.11.4\Mono.Cecil\IMetadataTokenProvider.cs", "C#", 0, -7, 0, 0, 0, 0, 0, -9, -1, -17
"c:\Users\dwh88\Perforce\dengw3_Liyuu_1160\GSAS-2540-01-F24\users\dengw3\dengw3_2DplatformGame\BuddahGo\Assets\FishNet\CodeGenerating\cecil-0.11.4\Mono.Cecil\IMethodSignature.cs", "C#", 0, -40, 0, 0, 0, 0, 0, -9, -8, -57
"c:\Users\dwh88\Perforce\dengw3_Liyuu_1160\GSAS-2540-01-F24\users\dengw3\dengw3_2DplatformGame\BuddahGo\Assets\FishNet\CodeGenerating\cecil-0.11.4\Mono.Cecil\Import.cs", "C#", 0, -662, 0, 0, 0, 0, 0, -11, -156, -829
"c:\Users\dwh88\Perforce\dengw3_Liyuu_1160\GSAS-2540-01-F24\users\dengw3\dengw3_2DplatformGame\BuddahGo\Assets\FishNet\CodeGenerating\cecil-0.11.4\Mono.Cecil\LinkedResource.cs", "C#", 0, -21, 0, 0, 0, 0, 0, -9, -2, -32
"c:\Users\dwh88\Perforce\dengw3_Liyuu_1160\GSAS-2540-01-F24\users\dengw3\dengw3_2DplatformGame\BuddahGo\Assets\FishNet\CodeGenerating\cecil-0.11.4\Mono.Cecil\ManifestResourceAttributes.cs", "C#", 0, -11, 0, 0, 0, 0, 0, -9, -2, -22
"c:\Users\dwh88\Perforce\dengw3_Liyuu_1160\GSAS-2540-01-F24\users\dengw3\dengw3_2DplatformGame\BuddahGo\Assets\FishNet\CodeGenerating\cecil-0.11.4\Mono.Cecil\MarshalInfo.cs", "C#", 0, -124, 0, 0, 0, 0, 0, -9, -12, -145
"c:\Users\dwh88\Perforce\dengw3_Liyuu_1160\GSAS-2540-01-F24\users\dengw3\dengw3_2DplatformGame\BuddahGo\Assets\FishNet\CodeGenerating\cecil-0.11.4\Mono.Cecil\MemberDefinitionCollection.cs", "C#", 0, -50, 0, 0, 0, 0, 0, -9, -13, -72
"c:\Users\dwh88\Perforce\dengw3_Liyuu_1160\GSAS-2540-01-F24\users\dengw3\dengw3_2DplatformGame\BuddahGo\Assets\FishNet\CodeGenerating\cecil-0.11.4\Mono.Cecil\MemberReference.cs", "C#", 0, -78, 0, 0, 0, 0, 0, -9, -10, -97
"c:\Users\dwh88\Perforce\dengw3_Liyuu_1160\GSAS-2540-01-F24\users\dengw3\dengw3_2DplatformGame\BuddahGo\Assets\FishNet\CodeGenerating\cecil-0.11.4\Mono.Cecil\MetadataResolver.cs", "C#", 0, -281, 0, 0, 0, 0, 0, -10, -95, -386
"c:\Users\dwh88\Perforce\dengw3_Liyuu_1160\GSAS-2540-01-F24\users\dengw3\dengw3_2DplatformGame\BuddahGo\Assets\FishNet\CodeGenerating\cecil-0.11.4\Mono.Cecil\MetadataSystem.cs", "C#", 0, -366, 0, 0, 0, 0, 0, -9, -74, -449
"c:\Users\dwh88\Perforce\dengw3_Liyuu_1160\GSAS-2540-01-F24\users\dengw3\dengw3_2DplatformGame\BuddahGo\Assets\FishNet\CodeGenerating\cecil-0.11.4\Mono.Cecil\MethodAttributes.cs", "C#", 0, -31, 0, 0, 0, 0, 0, -11, -4, -46
"c:\Users\dwh88\Perforce\dengw3_Liyuu_1160\GSAS-2540-01-F24\users\dengw3\dengw3_2DplatformGame\BuddahGo\Assets\FishNet\CodeGenerating\cecil-0.11.4\Mono.Cecil\MethodCallingConvention.cs", "C#", 0, -13, 0, 0, 0, 0, 0, -9, -1, -23
"c:\Users\dwh88\Perforce\dengw3_Liyuu_1160\GSAS-2540-01-F24\users\dengw3\dengw3_2DplatformGame\BuddahGo\Assets\FishNet\CodeGenerating\cecil-0.11.4\Mono.Cecil\MethodDefinition.cs", "C#", 0, -503, 0, 0, 0, 0, 0, -10, -51, -564
"c:\Users\dwh88\Perforce\dengw3_Liyuu_1160\GSAS-2540-01-F24\users\dengw3\dengw3_2DplatformGame\BuddahGo\Assets\FishNet\CodeGenerating\cecil-0.11.4\Mono.Cecil\MethodImplAttributes.cs", "C#", 0, -23, 0, 0, 0, 0, 0, -10, -3, -36
"c:\Users\dwh88\Perforce\dengw3_Liyuu_1160\GSAS-2540-01-F24\users\dengw3\dengw3_2DplatformGame\BuddahGo\Assets\FishNet\CodeGenerating\cecil-0.11.4\Mono.Cecil\MethodReference.cs", "C#", 0, -158, 0, 0, 0, 0, 0, -9, -22, -189
"c:\Users\dwh88\Perforce\dengw3_Liyuu_1160\GSAS-2540-01-F24\users\dengw3\dengw3_2DplatformGame\BuddahGo\Assets\FishNet\CodeGenerating\cecil-0.11.4\Mono.Cecil\MethodReferenceComparer.cs", "C#", 0, -115, 0, 0, 0, 0, 0, -7, -32, -154
"c:\Users\dwh88\Perforce\dengw3_Liyuu_1160\GSAS-2540-01-F24\users\dengw3\dengw3_2DplatformGame\BuddahGo\Assets\FishNet\CodeGenerating\cecil-0.11.4\Mono.Cecil\MethodReturnType.cs", "C#", 0, -80, 0, 0, 0, 0, 0, -9, -4, -93
"c:\Users\dwh88\Perforce\dengw3_Liyuu_1160\GSAS-2540-01-F24\users\dengw3\dengw3_2DplatformGame\BuddahGo\Assets\FishNet\CodeGenerating\cecil-0.11.4\Mono.Cecil\MethodSemanticsAttributes.cs", "C#", 0, -15, 0, 0, 0, 0, 0, -9, -2, -26
"c:\Users\dwh88\Perforce\dengw3_Liyuu_1160\GSAS-2540-01-F24\users\dengw3\dengw3_2DplatformGame\BuddahGo\Assets\FishNet\CodeGenerating\cecil-0.11.4\Mono.Cecil\MethodSpecification.cs", "C#", 0, -65, 0, 0, 0, 0, 0, -9, -5, -79
"c:\Users\dwh88\Perforce\dengw3_Liyuu_1160\GSAS-2540-01-F24\users\dengw3\dengw3_2DplatformGame\BuddahGo\Assets\FishNet\CodeGenerating\cecil-0.11.4\Mono.Cecil\Modifiers.cs", "C#", 0, -84, 0, 0, 0, 0, 0, -9, -6, -99
"c:\Users\dwh88\Perforce\dengw3_Liyuu_1160\GSAS-2540-01-F24\users\dengw3\dengw3_2DplatformGame\BuddahGo\Assets\FishNet\CodeGenerating\cecil-0.11.4\Mono.Cecil\ModuleDefinition.cs", "C#", 0, -1019, 0, 0, 0, 0, 0, -9, -197, -1225
"c:\Users\dwh88\Perforce\dengw3_Liyuu_1160\GSAS-2540-01-F24\users\dengw3\dengw3_2DplatformGame\BuddahGo\Assets\FishNet\CodeGenerating\cecil-0.11.4\Mono.Cecil\ModuleKind.cs", "C#", 0, -45, 0, 0, 0, 0, 0, -9, -6, -60
"c:\Users\dwh88\Perforce\dengw3_Liyuu_1160\GSAS-2540-01-F24\users\dengw3\dengw3_2DplatformGame\BuddahGo\Assets\FishNet\CodeGenerating\cecil-0.11.4\Mono.Cecil\ModuleReference.cs", "C#", 0, -29, 0, 0, 0, 0, 0, -9, -4, -42
"c:\Users\dwh88\Perforce\dengw3_Liyuu_1160\GSAS-2540-01-F24\users\dengw3\dengw3_2DplatformGame\BuddahGo\Assets\FishNet\CodeGenerating\cecil-0.11.4\Mono.Cecil\NativeType.cs", "C#", 0, -43, 0, 0, 0, 0, 0, -10, -2, -55
"c:\Users\dwh88\Perforce\dengw3_Liyuu_1160\GSAS-2540-01-F24\users\dengw3\dengw3_2DplatformGame\BuddahGo\Assets\FishNet\CodeGenerating\cecil-0.11.4\Mono.Cecil\PInvokeAttributes.cs", "C#", 0, -27, 0, 0, 0, 0, 0, -11, -4, -42
"c:\Users\dwh88\Perforce\dengw3_Liyuu_1160\GSAS-2540-01-F24\users\dengw3\dengw3_2DplatformGame\BuddahGo\Assets\FishNet\CodeGenerating\cecil-0.11.4\Mono.Cecil\PInvokeInfo.cs", "C#", 0, -97, 0, 0, 0, 0, 0, -9, -3, -109
"c:\Users\dwh88\Perforce\dengw3_Liyuu_1160\GSAS-2540-01-F24\users\dengw3\dengw3_2DplatformGame\BuddahGo\Assets\FishNet\CodeGenerating\cecil-0.11.4\Mono.Cecil\ParameterAttributes.cs", "C#", 0, -17, 0, 0, 0, 0, 0, -9, -2, -28
"c:\Users\dwh88\Perforce\dengw3_Liyuu_1160\GSAS-2540-01-F24\users\dengw3\dengw3_2DplatformGame\BuddahGo\Assets\FishNet\CodeGenerating\cecil-0.11.4\Mono.Cecil\ParameterDefinition.cs", "C#", 0, -126, 0, 0, 0, 0, 0, -9, -11, -146
"c:\Users\dwh88\Perforce\dengw3_Liyuu_1160\GSAS-2540-01-F24\users\dengw3\dengw3_2DplatformGame\BuddahGo\Assets\FishNet\CodeGenerating\cecil-0.11.4\Mono.Cecil\ParameterDefinitionCollection.cs", "C#", 0, -40, 0, 0, 0, 0, 0, -9, -10, -59
"c:\Users\dwh88\Perforce\dengw3_Liyuu_1160\GSAS-2540-01-F24\users\dengw3\dengw3_2DplatformGame\BuddahGo\Assets\FishNet\CodeGenerating\cecil-0.11.4\Mono.Cecil\ParameterReference.cs", "C#", 0, -37, 0, 0, 0, 0, 0, -9, -6, -52
"c:\Users\dwh88\Perforce\dengw3_Liyuu_1160\GSAS-2540-01-F24\users\dengw3\dengw3_2DplatformGame\BuddahGo\Assets\FishNet\CodeGenerating\cecil-0.11.4\Mono.Cecil\PinnedType.cs", "C#", 0, -22, 0, 0, 0, 0, 0, -9, -3, -34
"c:\Users\dwh88\Perforce\dengw3_Liyuu_1160\GSAS-2540-01-F24\users\dengw3\dengw3_2DplatformGame\BuddahGo\Assets\FishNet\CodeGenerating\cecil-0.11.4\Mono.Cecil\PointerType.cs", "C#", 0, -30, 0, 0, 0, 0, 0, -9, -3, -42
"c:\Users\dwh88\Perforce\dengw3_Liyuu_1160\GSAS-2540-01-F24\users\dengw3\dengw3_2DplatformGame\BuddahGo\Assets\FishNet\CodeGenerating\cecil-0.11.4\Mono.Cecil\PropertyAttributes.cs", "C#", 0, -13, 0, 0, 0, 0, 0, -9, -2, -24
"c:\Users\dwh88\Perforce\dengw3_Liyuu_1160\GSAS-2540-01-F24\users\dengw3\dengw3_2DplatformGame\BuddahGo\Assets\FishNet\CodeGenerating\cecil-0.11.4\Mono.Cecil\PropertyDefinition.cs", "C#", 0, -218, 0, 0, 0, 0, 0, -9, -32, -259
"c:\Users\dwh88\Perforce\dengw3_Liyuu_1160\GSAS-2540-01-F24\users\dengw3\dengw3_2DplatformGame\BuddahGo\Assets\FishNet\CodeGenerating\cecil-0.11.4\Mono.Cecil\PropertyReference.cs", "C#", 0, -19, 0, 0, 0, 0, 0, -9, -6, -34
"c:\Users\dwh88\Perforce\dengw3_Liyuu_1160\GSAS-2540-01-F24\users\dengw3\dengw3_2DplatformGame\BuddahGo\Assets\FishNet\CodeGenerating\cecil-0.11.4\Mono.Cecil\ReferenceType.cs", "C#", 0, -30, 0, 0, 0, 0, 0, -9, -3, -42
"c:\Users\dwh88\Perforce\dengw3_Liyuu_1160\GSAS-2540-01-F24\users\dengw3\dengw3_2DplatformGame\BuddahGo\Assets\FishNet\CodeGenerating\cecil-0.11.4\Mono.Cecil\Resource.cs", "C#", 0, -37, 0, 0, 0, 0, 0, -9, -4, -50
"c:\Users\dwh88\Perforce\dengw3_Liyuu_1160\GSAS-2540-01-F24\users\dengw3\dengw3_2DplatformGame\BuddahGo\Assets\FishNet\CodeGenerating\cecil-0.11.4\Mono.Cecil\SecurityDeclaration.cs", "C#", 0, -157, 0, 0, 0, 0, 0, -9, -24, -190
"c:\Users\dwh88\Perforce\dengw3_Liyuu_1160\GSAS-2540-01-F24\users\dengw3\dengw3_2DplatformGame\BuddahGo\Assets\FishNet\CodeGenerating\cecil-0.11.4\Mono.Cecil\SentinelType.cs", "C#", 0, -22, 0, 0, 0, 0, 0, -9, -3, -34
"c:\Users\dwh88\Perforce\dengw3_Liyuu_1160\GSAS-2540-01-F24\users\dengw3\dengw3_2DplatformGame\BuddahGo\Assets\FishNet\CodeGenerating\cecil-0.11.4\Mono.Cecil\TargetRuntime.cs", "C#", 0, -10, 0, 0, 0, 0, 0, -9, -1, -20
"c:\Users\dwh88\Perforce\dengw3_Liyuu_1160\GSAS-2540-01-F24\users\dengw3\dengw3_2DplatformGame\BuddahGo\Assets\FishNet\CodeGenerating\cecil-0.11.4\Mono.Cecil\Treatments.cs", "C#", 0, -49, 0, 0, 0, 0, 0, -9, -6, -64
"c:\Users\dwh88\Perforce\dengw3_Liyuu_1160\GSAS-2540-01-F24\users\dengw3\dengw3_2DplatformGame\BuddahGo\Assets\FishNet\CodeGenerating\cecil-0.11.4\Mono.Cecil\TypeAttributes.cs", "C#", 0, -38, 0, 0, 0, 0, 0, -17, -9, -64
"c:\Users\dwh88\Perforce\dengw3_Liyuu_1160\GSAS-2540-01-F24\users\dengw3\dengw3_2DplatformGame\BuddahGo\Assets\FishNet\CodeGenerating\cecil-0.11.4\Mono.Cecil\TypeComparisonMode.cs", "C#", 0, -9, 0, 0, 0, 0, 0, -3, 0, -12
"c:\Users\dwh88\Perforce\dengw3_Liyuu_1160\GSAS-2540-01-F24\users\dengw3\dengw3_2DplatformGame\BuddahGo\Assets\FishNet\CodeGenerating\cecil-0.11.4\Mono.Cecil\TypeDefinition.cs", "C#", 0, -555, 0, 0, 0, 0, 0, -9, -69, -633
"c:\Users\dwh88\Perforce\dengw3_Liyuu_1160\GSAS-2540-01-F24\users\dengw3\dengw3_2DplatformGame\BuddahGo\Assets\FishNet\CodeGenerating\cecil-0.11.4\Mono.Cecil\TypeDefinitionCollection.cs", "C#", 0, -71, 0, 0, 0, 0, 0, -9, -17, -97
"c:\Users\dwh88\Perforce\dengw3_Liyuu_1160\GSAS-2540-01-F24\users\dengw3\dengw3_2DplatformGame\BuddahGo\Assets\FishNet\CodeGenerating\cecil-0.11.4\Mono.Cecil\TypeParser.cs", "C#", 0, -440, 0, 0, 0, 0, 0, -9, -108, -557
"c:\Users\dwh88\Perforce\dengw3_Liyuu_1160\GSAS-2540-01-F24\users\dengw3\dengw3_2DplatformGame\BuddahGo\Assets\FishNet\CodeGenerating\cecil-0.11.4\Mono.Cecil\TypeReference.cs", "C#", 0, -323, 0, 0, 0, 0, 0, -9, -25, -357
"c:\Users\dwh88\Perforce\dengw3_Liyuu_1160\GSAS-2540-01-F24\users\dengw3\dengw3_2DplatformGame\BuddahGo\Assets\FishNet\CodeGenerating\cecil-0.11.4\Mono.Cecil\TypeReferenceEqualityComparer.cs", "C#", 0, -212, 0, 0, 0, 0, 0, -3, -61, -276
"c:\Users\dwh88\Perforce\dengw3_Liyuu_1160\GSAS-2540-01-F24\users\dengw3\dengw3_2DplatformGame\BuddahGo\Assets\FishNet\CodeGenerating\cecil-0.11.4\Mono.Cecil\TypeResolver.cs", "C#", 0, -170, 0, 0, 0, 0, 0, -7, -48, -225
"c:\Users\dwh88\Perforce\dengw3_Liyuu_1160\GSAS-2540-01-F24\users\dengw3\dengw3_2DplatformGame\BuddahGo\Assets\FishNet\CodeGenerating\cecil-0.11.4\Mono.Cecil\TypeSpecification.cs", "C#", 0, -48, 0, 0, 0, 0, 0, -9, -4, -61
"c:\Users\dwh88\Perforce\dengw3_Liyuu_1160\GSAS-2540-01-F24\users\dengw3\dengw3_2DplatformGame\BuddahGo\Assets\FishNet\CodeGenerating\cecil-0.11.4\Mono.Cecil\TypeSystem.cs", "C#", 0, -275, 0, 0, 0, 0, 0, -9, -43, -327
"c:\Users\dwh88\Perforce\dengw3_Liyuu_1160\GSAS-2540-01-F24\users\dengw3\dengw3_2DplatformGame\BuddahGo\Assets\FishNet\CodeGenerating\cecil-0.11.4\Mono.Cecil\VariantType.cs", "C#", 0, -28, 0, 0, 0, 0, 0, -9, -1, -38
"c:\Users\dwh88\Perforce\dengw3_Liyuu_1160\GSAS-2540-01-F24\users\dengw3\dengw3_2DplatformGame\BuddahGo\Assets\FishNet\CodeGenerating\cecil-0.11.4\Mono.Cecil\WindowsRuntimeProjections.cs", "C#", 0, -836, 0, 0, 0, 0, 0, -12, -177, -1025
"c:\Users\dwh88\Perforce\dengw3_Liyuu_1160\GSAS-2540-01-F24\users\dengw3\dengw3_2DplatformGame\BuddahGo\Assets\FishNet\CodeGenerating\cecil-0.11.4\Mono.Collections.Generic\Collection.cs", "C#", 0, -322, 0, 0, 0, 0, 0, -9, -73, -404
"c:\Users\dwh88\Perforce\dengw3_Liyuu_1160\GSAS-2540-01-F24\users\dengw3\dengw3_2DplatformGame\BuddahGo\Assets\FishNet\CodeGenerating\cecil-0.11.4\Mono.Collections.Generic\ReadOnlyCollection.cs", "C#", 0, -76, 0, 0, 0, 0, 0, -9, -14, -99
"c:\Users\dwh88\Perforce\dengw3_Liyuu_1160\GSAS-2540-01-F24\users\dengw3\dengw3_2DplatformGame\BuddahGo\Assets\FishNet\CodeGenerating\cecil-0.11.4\Mono.Security.Cryptography\CryptoConvert.cs", "C#", 0, -213, 0, 0, 0, 0, 0, -61, -31, -305
"c:\Users\dwh88\Perforce\dengw3_Liyuu_1160\GSAS-2540-01-F24\users\dengw3\dengw3_2DplatformGame\BuddahGo\Assets\FishNet\CodeGenerating\cecil-0.11.4\Mono.Security.Cryptography\CryptoService.cs", "C#", 0, -155, 0, 0, 0, 0, 0, -19, -38, -212
"c:\Users\dwh88\Perforce\dengw3_Liyuu_1160\GSAS-2540-01-F24\users\dengw3\dengw3_2DplatformGame\BuddahGo\Assets\FishNet\CodeGenerating\cecil-0.11.4\MonoFN.Cecil.asmdef", "JSON", -15, 0, 0, 0, 0, 0, 0, 0, 0, -15
"c:\Users\dwh88\Perforce\dengw3_Liyuu_1160\GSAS-2540-01-F24\users\dengw3\dengw3_2DplatformGame\BuddahGo\Assets\FishNet\CodeGenerating\cecil-0.11.4\Mono\Disposable.cs", "C#", 0, -30, 0, 0, 0, 0, 0, -9, -6, -45
"c:\Users\dwh88\Perforce\dengw3_Liyuu_1160\GSAS-2540-01-F24\users\dengw3\dengw3_2DplatformGame\BuddahGo\Assets\FishNet\CodeGenerating\cecil-0.11.4\Mono\Empty.cs", "C#", 0, -43, 0, 0, 0, 0, 0, -9, -8, -60
"c:\Users\dwh88\Perforce\dengw3_Liyuu_1160\GSAS-2540-01-F24\users\dengw3\dengw3_2DplatformGame\BuddahGo\Assets\FishNet\CodeGenerating\cecil-0.11.4\Mono\MergeSort.cs", "C#", 0, -53, 0, 0, 0, 0, 0, -9, -9, -71
"c:\Users\dwh88\Perforce\dengw3_Liyuu_1160\GSAS-2540-01-F24\users\dengw3\dengw3_2DplatformGame\BuddahGo\Assets\FishNet\CodeGenerating\cecil-0.11.4\ProjectInfo.cs", "C#", 0, -9, 0, 0, 0, 0, 0, -8, -2, -19
"c:\Users\dwh88\Perforce\dengw3_Liyuu_1160\GSAS-2540-01-F24\users\dengw3\dengw3_2DplatformGame\BuddahGo\Assets\FishNet\CodeGenerating\cecil-0.11.4\README.md", "Markdown", 0, 0, -10, 0, 0, 0, 0, 0, -8, -18
"c:\Users\dwh88\Perforce\dengw3_Liyuu_1160\GSAS-2540-01-F24\users\dengw3\dengw3_2DplatformGame\BuddahGo\Assets\FishNet\CodeGenerating\cecil-0.11.4\rocks\Mono.Cecil.Rocks\AssemblyInfo.cs", "C#", 0, -2, 0, 0, 0, 0, 0, -10, -2, -14
"c:\Users\dwh88\Perforce\dengw3_Liyuu_1160\GSAS-2540-01-F24\users\dengw3\dengw3_2DplatformGame\BuddahGo\Assets\FishNet\CodeGenerating\cecil-0.11.4\rocks\Mono.Cecil.Rocks\DocCommentId.cs", "C#", 0, -216, 0, 0, 0, 0, 0, -9, -44, -269
"c:\Users\dwh88\Perforce\dengw3_Liyuu_1160\GSAS-2540-01-F24\users\dengw3\dengw3_2DplatformGame\BuddahGo\Assets\FishNet\CodeGenerating\cecil-0.11.4\rocks\Mono.Cecil.Rocks\Functional.cs", "C#", 0, -26, 0, 0, 0, 0, 0, -9, -6, -41
"c:\Users\dwh88\Perforce\dengw3_Liyuu_1160\GSAS-2540-01-F24\users\dengw3\dengw3_2DplatformGame\BuddahGo\Assets\FishNet\CodeGenerating\cecil-0.11.4\rocks\Mono.Cecil.Rocks\ILParser.cs", "C#", 0, -205, 0, 0, 0, 0, 0, -9, -22, -236
"c:\Users\dwh88\Perforce\dengw3_Liyuu_1160\GSAS-2540-01-F24\users\dengw3\dengw3_2DplatformGame\BuddahGo\Assets\FishNet\CodeGenerating\cecil-0.11.4\rocks\Mono.Cecil.Rocks\MethodBodyRocks.cs", "C#", 0, -393, 0, 0, 0, 0, 0, -9, -21, -423
"c:\Users\dwh88\Perforce\dengw3_Liyuu_1160\GSAS-2540-01-F24\users\dengw3\dengw3_2DplatformGame\BuddahGo\Assets\FishNet\CodeGenerating\cecil-0.11.4\rocks\Mono.Cecil.Rocks\MethodDefinitionRocks.cs", "C#", 0, -53, 0, 0, 0, 0, 0, -9, -12, -74
"c:\Users\dwh88\Perforce\dengw3_Liyuu_1160\GSAS-2540-01-F24\users\dengw3\dengw3_2DplatformGame\BuddahGo\Assets\FishNet\CodeGenerating\cecil-0.11.4\rocks\Mono.Cecil.Rocks\ModuleDefinitionRocks.cs", "C#", 0, -18, 0, 0, 0, 0, 0, -10, -3, -31
"c:\Users\dwh88\Perforce\dengw3_Liyuu_1160\GSAS-2540-01-F24\users\dengw3\dengw3_2DplatformGame\BuddahGo\Assets\FishNet\CodeGenerating\cecil-0.11.4\rocks\Mono.Cecil.Rocks\ParameterReferenceRocks.cs", "C#", 0, -10, 0, 0, 0, 0, 0, 0, 0, -10
"c:\Users\dwh88\Perforce\dengw3_Liyuu_1160\GSAS-2540-01-F24\users\dengw3\dengw3_2DplatformGame\BuddahGo\Assets\FishNet\CodeGenerating\cecil-0.11.4\rocks\Mono.Cecil.Rocks\SecurityDeclarationRocks.cs", "C#", 0, -114, 0, 0, 0, 0, 0, -9, -32, -155
"c:\Users\dwh88\Perforce\dengw3_Liyuu_1160\GSAS-2540-01-F24\users\dengw3\dengw3_2DplatformGame\BuddahGo\Assets\FishNet\CodeGenerating\cecil-0.11.4\rocks\Mono.Cecil.Rocks\TypeDefinitionRocks.cs", "C#", 0, -44, 0, 0, 0, 0, 0, -9, -12, -65
"c:\Users\dwh88\Perforce\dengw3_Liyuu_1160\GSAS-2540-01-F24\users\dengw3\dengw3_2DplatformGame\BuddahGo\Assets\FishNet\CodeGenerating\cecil-0.11.4\rocks\Mono.Cecil.Rocks\TypeReferenceRocks.cs", "C#", 0, -62, 0, 0, 0, 0, 0, -9, -16, -87
"c:\Users\dwh88\Perforce\dengw3_Liyuu_1160\GSAS-2540-01-F24\users\dengw3\dengw3_2DplatformGame\BuddahGo\Assets\FishNet\Demos\FishNet.Demos.asmdef", "JSON", -17, 0, 0, 0, 0, 0, 0, 0, 0, -17
"c:\Users\dwh88\Perforce\dengw3_Liyuu_1160\GSAS-2540-01-F24\users\dengw3\dengw3_2DplatformGame\BuddahGo\Assets\FishNet\Demos\Scripts\NetworkHudCanvases.cs", "C#", 0, -178, 0, 0, 0, 0, 0, -40, -27, -245
"c:\Users\dwh88\Perforce\dengw3_Liyuu_1160\GSAS-2540-01-F24\users\dengw3\dengw3_2DplatformGame\BuddahGo\Assets\FishNet\Runtime\Authenticating\Authenticator.cs", "C#", 0, -23, 0, 0, 0, 0, 0, -21, -5, -49
"c:\Users\dwh88\Perforce\dengw3_Liyuu_1160\GSAS-2540-01-F24\users\dengw3\dengw3_2DplatformGame\BuddahGo\Assets\FishNet\Runtime\Broadcast\Helping\BroadcastHelpers.cs", "C#", 0, 0, 0, 0, 0, 0, 0, -174, -23, -197
"c:\Users\dwh88\Perforce\dengw3_Liyuu_1160\GSAS-2540-01-F24\users\dengw3\dengw3_2DplatformGame\BuddahGo\Assets\FishNet\Runtime\Broadcast\IBroadcast.cs", "C#", 0, -4, 0, 0, 0, 0, 0, -3, 0, -7
"c:\Users\dwh88\Perforce\dengw3_Liyuu_1160\GSAS-2540-01-F24\users\dengw3\dengw3_2DplatformGame\BuddahGo\Assets\FishNet\Runtime\CodeGenerating\Attributes.cs", "C#", 0, -22, 0, 0, 0, 0, 0, -41, -13, -76
"c:\Users\dwh88\Perforce\dengw3_Liyuu_1160\GSAS-2540-01-F24\users\dengw3\dengw3_2DplatformGame\BuddahGo\Assets\FishNet\Runtime\Config.json", "JSON", -1, 0, 0, 0, 0, 0, 0, 0, 0, -1
"c:\Users\dwh88\Perforce\dengw3_Liyuu_1160\GSAS-2540-01-F24\users\dengw3\dengw3_2DplatformGame\BuddahGo\Assets\FishNet\Runtime\Connection\Buffer.cs", "C#", 0, -159, 0, 0, 0, 0, 0, -104, -29, -292
"c:\Users\dwh88\Perforce\dengw3_Liyuu_1160\GSAS-2540-01-F24\users\dengw3\dengw3_2DplatformGame\BuddahGo\Assets\FishNet\Runtime\Connection\EstimatedTick.cs", "C#", 0, -104, 0, 0, 0, 0, 0, -88, -24, -216
"c:\Users\dwh88\Perforce\dengw3_Liyuu_1160\GSAS-2540-01-F24\users\dengw3\dengw3_2DplatformGame\BuddahGo\Assets\FishNet\Runtime\Connection\NetworkConnection.Buffer.cs", "C#", 0, -63, 0, 0, 0, 0, 0, -34, -11, -108
"c:\Users\dwh88\Perforce\dengw3_Liyuu_1160\GSAS-2540-01-F24\users\dengw3\dengw3_2DplatformGame\BuddahGo\Assets\FishNet\Runtime\Connection\NetworkConnection.Observers.cs", "C#", 0, -55, 0, 0, 0, 0, 0, -28, -9, -92
"c:\Users\dwh88\Perforce\dengw3_Liyuu_1160\GSAS-2540-01-F24\users\dengw3\dengw3_2DplatformGame\BuddahGo\Assets\FishNet\Runtime\Connection\NetworkConnection.PingPong.cs", "C#", 0, -47, 0, 0, 0, 0, 0, -46, -9, -102
"c:\Users\dwh88\Perforce\dengw3_Liyuu_1160\GSAS-2540-01-F24\users\dengw3\dengw3_2DplatformGame\BuddahGo\Assets\FishNet\Runtime\Connection\NetworkConnection.Prediction.cs", "C#", 0, -64, 0, 0, 0, 0, 0, -41, -9, -114
"c:\Users\dwh88\Perforce\dengw3_Liyuu_1160\GSAS-2540-01-F24\users\dengw3\dengw3_2DplatformGame\BuddahGo\Assets\FishNet\Runtime\Connection\NetworkConnection.QOL.cs", "C#", 0, -45, 0, 0, 0, 0, 0, -28, -8, -81
"c:\Users\dwh88\Perforce\dengw3_Liyuu_1160\GSAS-2540-01-F24\users\dengw3\dengw3_2DplatformGame\BuddahGo\Assets\FishNet\Runtime\Connection\NetworkConnection.cs", "C#", 0, -264, 0, 0, 0, 0, 0, -162, -44, -470
"c:\Users\dwh88\Perforce\dengw3_Liyuu_1160\GSAS-2540-01-F24\users\dengw3\dengw3_2DplatformGame\BuddahGo\Assets\FishNet\Runtime\Connection\OldTickOption.cs", "C#", 0, -2, 0, 0, 0, 0, 0, 0, -1, -3
"c:\Users\dwh88\Perforce\dengw3_Liyuu_1160\GSAS-2540-01-F24\users\dengw3\dengw3_2DplatformGame\BuddahGo\Assets\FishNet\Runtime\Documenting\Attributes.cs", "C#", 0, -5, 0, 0, 0, 0, 0, 0, -1, -6
"c:\Users\dwh88\Perforce\dengw3_Liyuu_1160\GSAS-2540-01-F24\users\dengw3\dengw3_2DplatformGame\BuddahGo\Assets\FishNet\Runtime\Editor\BuildIdentifier.cs", "C#", 0, -24, 0, 0, 0, 0, 0, -11, -4, -39
"c:\Users\dwh88\Perforce\dengw3_Liyuu_1160\GSAS-2540-01-F24\users\dengw3\dengw3_2DplatformGame\BuddahGo\Assets\FishNet\Runtime\Editor\CodeStripping.cs", "C#", 0, -67, 0, 0, 0, 0, 0, -24, -10, -101
"c:\Users\dwh88\Perforce\dengw3_Liyuu_1160\GSAS-2540-01-F24\users\dengw3\dengw3_2DplatformGame\BuddahGo\Assets\FishNet\Runtime\Editor\Configuring\BetaModeMenu.cs", "C#", 0, -55, 0, 0, 0, 0, 0, 0, -5, -60
"c:\Users\dwh88\Perforce\dengw3_Liyuu_1160\GSAS-2540-01-F24\users\dengw3\dengw3_2DplatformGame\BuddahGo\Assets\FishNet\Runtime\Editor\Configuring\ConfigurationData.cs", "C#", 0, -109, 0, 0, 0, 0, 0, -27, -10, -146
"c:\Users\dwh88\Perforce\dengw3_Liyuu_1160\GSAS-2540-01-F24\users\dengw3\dengw3_2DplatformGame\BuddahGo\Assets\FishNet\Runtime\Editor\Configuring\ConfigurationEditor.cs", "C#", 0, -95, 0, 0, 0, 0, 0, -4, -13, -112
"c:\Users\dwh88\Perforce\dengw3_Liyuu_1160\GSAS-2540-01-F24\users\dengw3\dengw3_2DplatformGame\BuddahGo\Assets\FishNet\Runtime\Editor\Configuring\Configuring.cs", "C#", 0, -64, 0, 0, 0, 0, 0, -22, -5, -91
"c:\Users\dwh88\Perforce\dengw3_Liyuu_1160\GSAS-2540-01-F24\users\dengw3\dengw3_2DplatformGame\BuddahGo\Assets\FishNet\Runtime\Editor\Configuring\DelayedEditorTasks.cs", "C#", 0, -45, 0, 0, 0, 0, 0, -5, -11, -61
"c:\Users\dwh88\Perforce\dengw3_Liyuu_1160\GSAS-2540-01-F24\users\dengw3\dengw3_2DplatformGame\BuddahGo\Assets\FishNet\Runtime\Editor\Configuring\EditorCloning\CloneChecker.cs", "C#", 0, -51, 0, 0, 0, 0, 0, -21, -19, -91
"c:\Users\dwh88\Perforce\dengw3_Liyuu_1160\GSAS-2540-01-F24\users\dengw3\dengw3_2DplatformGame\BuddahGo\Assets\FishNet\Runtime\Editor\Configuring\EditorCloning\EditorCloneType.cs", "C#", 0, -9, 0, 0, 0, 0, 0, 0, 0, -9
"c:\Users\dwh88\Perforce\dengw3_Liyuu_1160\GSAS-2540-01-F24\users\dengw3\dengw3_2DplatformGame\BuddahGo\Assets\FishNet\Runtime\Editor\Configuring\FIshNetGettingStartedEditor.cs", "C#", 0, -105, 0, 0, 0, 0, 0, -12, -20, -137
"c:\Users\dwh88\Perforce\dengw3_Liyuu_1160\GSAS-2540-01-F24\users\dengw3\dengw3_2DplatformGame\BuddahGo\Assets\FishNet\Runtime\Editor\Configuring\ReserializeNetworkObjectsEditor.cs", "C#", 0, -360, 0, 0, 0, 0, 0, -22, -76, -458
"c:\Users\dwh88\Perforce\dengw3_Liyuu_1160\GSAS-2540-01-F24\users\dengw3\dengw3_2DplatformGame\BuddahGo\Assets\FishNet\Runtime\Editor\Configuring\ReviewReminderEditor.cs", "C#", 0, -132, 0, 0, 0, 0, 0, -14, -19, -165
"c:\Users\dwh88\Perforce\dengw3_Liyuu_1160\GSAS-2540-01-F24\users\dengw3\dengw3_2DplatformGame\BuddahGo\Assets\FishNet\Runtime\Editor\Configuring\SettingsProvider.cs", "C#", 0, -65, 0, 0, 0, 0, 0, -1, -19, -85
"c:\Users\dwh88\Perforce\dengw3_Liyuu_1160\GSAS-2540-01-F24\users\dengw3\dengw3_2DplatformGame\BuddahGo\Assets\FishNet\Runtime\Editor\Constants.cs", "C#", 0, -10, 0, 0, 0, 0, 0, 0, -1, -11
"c:\Users\dwh88\Perforce\dengw3_Liyuu_1160\GSAS-2540-01-F24\users\dengw3\dengw3_2DplatformGame\BuddahGo\Assets\FishNet\Runtime\Editor\DefaultPrefabsFinder.cs", "C#", 0, 0, 0, 0, 0, 0, 0, -1, -2, -3
"c:\Users\dwh88\Perforce\dengw3_Liyuu_1160\GSAS-2540-01-F24\users\dengw3\dengw3_2DplatformGame\BuddahGo\Assets\FishNet\Runtime\Editor\Finding.cs", "C#", 0, -137, 0, 0, 0, 0, 0, -38, -23, -198
"c:\Users\dwh88\Perforce\dengw3_Liyuu_1160\GSAS-2540-01-F24\users\dengw3\dengw3_2DplatformGame\BuddahGo\Assets\FishNet\Runtime\Editor\ForceInstallPreventor.cs", "C#", 0, -36, 0, 0, 0, 0, 0, -14, -7, -57
"c:\Users\dwh88\Perforce\dengw3_Liyuu_1160\GSAS-2540-01-F24\users\dengw3\dengw3_2DplatformGame\BuddahGo\Assets\FishNet\Runtime\Editor\NetworkProfiler\NetworkProfilerWindow.cs", "C#", 0, 0, 0, 0, 0, 0, 0, -1, 0, -1
"c:\Users\dwh88\Perforce\dengw3_Liyuu_1160\GSAS-2540-01-F24\users\dengw3\dengw3_2DplatformGame\BuddahGo\Assets\FishNet\Runtime\Editor\NetworkProfiler\Types.cs", "C#", 0, -159, 0, 0, 0, 0, 0, -106, -37, -302
"c:\Users\dwh88\Perforce\dengw3_Liyuu_1160\GSAS-2540-01-F24\users\dengw3\dengw3_2DplatformGame\BuddahGo\Assets\FishNet\Runtime\Editor\NewNetworkBehaviour\CreateNewNetworkBehaviour.cs", "C#", 0, -59, 0, 0, 0, 0, 0, 0, -5, -64
"c:\Users\dwh88\Perforce\dengw3_Liyuu_1160\GSAS-2540-01-F24\users\dengw3\dengw3_2DplatformGame\BuddahGo\Assets\FishNet\Runtime\Editor\NewNetworkBehaviour\SettingsProvider.cs", "C#", 0, -86, 0, 0, 0, 0, 0, -1, -15, -102
"c:\Users\dwh88\Perforce\dengw3_Liyuu_1160\GSAS-2540-01-F24\users\dengw3\dengw3_2DplatformGame\BuddahGo\Assets\FishNet\Runtime\Editor\PlayModeTracker.cs", "C#", 0, -35, 0, 0, 0, 0, 0, -8, -6, -49
"c:\Users\dwh88\Perforce\dengw3_Liyuu_1160\GSAS-2540-01-F24\users\dengw3\dengw3_2DplatformGame\BuddahGo\Assets\FishNet\Runtime\Editor\PrefabCollectionGenerator\Generator.cs", "C#", 0, -473, 0, 0, 0, 0, 0, -138, -92, -703
"c:\Users\dwh88\Perforce\dengw3_Liyuu_1160\GSAS-2540-01-F24\users\dengw3\dengw3_2DplatformGame\BuddahGo\Assets\FishNet\Runtime\Editor\PrefabCollectionGenerator\SettingsProvider.cs", "C#", 0, -190, 0, 0, 0, 0, 0, -1, -44, -235
"c:\Users\dwh88\Perforce\dengw3_Liyuu_1160\GSAS-2540-01-F24\users\dengw3\dengw3_2DplatformGame\BuddahGo\Assets\FishNet\Runtime\Editor\ScriptingDefines.cs", "C#", 0, -73, 0, 0, 0, 0, 0, -13, -10, -96
"c:\Users\dwh88\Perforce\dengw3_Liyuu_1160\GSAS-2540-01-F24\users\dengw3\dengw3_2DplatformGame\BuddahGo\Assets\FishNet\Runtime\Editor\Upgrading\UpgradeFromV3ToV4Menu.cs", "C#", 0, 0, 0, 0, 0, 0, 0, -1, -2, -3
"c:\Users\dwh88\Perforce\dengw3_Liyuu_1160\GSAS-2540-01-F24\users\dengw3\dengw3_2DplatformGame\BuddahGo\Assets\FishNet\Runtime\FishNet.Runtime.asmdef", "JSON", -39, 0, 0, 0, 0, 0, 0, 0, 0, -39
"c:\Users\dwh88\Perforce\dengw3_Liyuu_1160\GSAS-2540-01-F24\users\dengw3\dengw3_2DplatformGame\BuddahGo\Assets\FishNet\Runtime\Generated\Component\NetworkAnimator\Editor\NetworkAnimatorEditor.cs", "C#", 0, -146, 0, 0, 0, 0, 0, -10, -25, -181
"c:\Users\dwh88\Perforce\dengw3_Liyuu_1160\GSAS-2540-01-F24\users\dengw3\dengw3_2DplatformGame\BuddahGo\Assets\FishNet\Runtime\Generated\Component\NetworkAnimator\NetworkAnimator.cs", "C#", 0, -957, 0, 0, 0, 0, 0, -476, -126, -1559
"c:\Users\dwh88\Perforce\dengw3_Liyuu_1160\GSAS-2540-01-F24\users\dengw3\dengw3_2DplatformGame\BuddahGo\Assets\FishNet\Runtime\Generated\Component\NetworkTransform\Editor\NetworkTransformEditor.cs", "C#", 0, -126, 0, 0, 0, 0, 0, -8, -15, -149
"c:\Users\dwh88\Perforce\dengw3_Liyuu_1160\GSAS-2540-01-F24\users\dengw3\dengw3_2DplatformGame\BuddahGo\Assets\FishNet\Runtime\Generated\Component\NetworkTransform\NetworkTransform.cs", "C#", 0, -1569, 0, 0, 0, 0, 0, -734, -287, -2590
"c:\Users\dwh88\Perforce\dengw3_Liyuu_1160\GSAS-2540-01-F24\users\dengw3\dengw3_2DplatformGame\BuddahGo\Assets\FishNet\Runtime\Generated\Component\NetworkTransform\SynchronizedProperty.cs", "C#", 0, -12, 0, 0, 0, 0, 0, 0, 0, -12
"c:\Users\dwh88\Perforce\dengw3_Liyuu_1160\GSAS-2540-01-F24\users\dengw3\dengw3_2DplatformGame\BuddahGo\Assets\FishNet\Runtime\Generated\Component\Prediction\NetworkCollider.cs", "C#", 0, -169, 0, 0, 0, 0, 0, -87, -33, -289
"c:\Users\dwh88\Perforce\dengw3_Liyuu_1160\GSAS-2540-01-F24\users\dengw3\dengw3_2DplatformGame\BuddahGo\Assets\FishNet\Runtime\Generated\Component\Prediction\NetworkCollider2D.cs", "C#", 0, -161, 0, 0, 0, 0, 0, -83, -33, -277
"c:\Users\dwh88\Perforce\dengw3_Liyuu_1160\GSAS-2540-01-F24\users\dengw3\dengw3_2DplatformGame\BuddahGo\Assets\FishNet\Runtime\Generated\Component\Prediction\NetworkColliderBase.cs", "C#", 0, -105, 0, 0, 0, 0, 0, -62, -19, -186
"c:\Users\dwh88\Perforce\dengw3_Liyuu_1160\GSAS-2540-01-F24\users\dengw3\dengw3_2DplatformGame\BuddahGo\Assets\FishNet\Runtime\Generated\Component\Prediction\NetworkCollision.cs", "C#", 0, -12, 0, 0, 0, 0, 0, 0, -1, -13
"c:\Users\dwh88\Perforce\dengw3_Liyuu_1160\GSAS-2540-01-F24\users\dengw3\dengw3_2DplatformGame\BuddahGo\Assets\FishNet\Runtime\Generated\Component\Prediction\NetworkCollision2D.cs", "C#", 0, -12, 0, 0, 0, 0, 0, 0, -1, -13
"c:\Users\dwh88\Perforce\dengw3_Liyuu_1160\GSAS-2540-01-F24\users\dengw3\dengw3_2DplatformGame\BuddahGo\Assets\FishNet\Runtime\Generated\Component\Prediction\NetworkTrigger.cs", "C#", 0, -11, 0, 0, 0, 0, 0, 0, 0, -11
"c:\Users\dwh88\Perforce\dengw3_Liyuu_1160\GSAS-2540-01-F24\users\dengw3\dengw3_2DplatformGame\BuddahGo\Assets\FishNet\Runtime\Generated\Component\Prediction\NetworkTrigger2D.cs", "C#", 0, -11, 0, 0, 0, 0, 0, 0, 0, -11
"c:\Users\dwh88\Perforce\dengw3_Liyuu_1160\GSAS-2540-01-F24\users\dengw3\dengw3_2DplatformGame\BuddahGo\Assets\FishNet\Runtime\Generated\Component\Prediction\OfflineRigidbody.cs", "C#", 0, -69, 0, 0, 0, 0, 0, -27, -12, -108
"c:\Users\dwh88\Perforce\dengw3_Liyuu_1160\GSAS-2540-01-F24\users\dengw3\dengw3_2DplatformGame\BuddahGo\Assets\FishNet\Runtime\Generated\Component\Prediction\RigidbodyPauser.cs", "C#", 0, -312, 0, 0, 0, 0, 0, -113, -54, -479
"c:\Users\dwh88\Perforce\dengw3_Liyuu_1160\GSAS-2540-01-F24\users\dengw3\dengw3_2DplatformGame\BuddahGo\Assets\FishNet\Runtime\Generated\Component\Prediction\RigidbodyState.cs", "C#", 0, -180, 0, 0, 0, 0, 0, -12, -34, -226
"c:\Users\dwh88\Perforce\dengw3_Liyuu_1160\GSAS-2540-01-F24\users\dengw3\dengw3_2DplatformGame\BuddahGo\Assets\FishNet\Runtime\Generated\Component\Prediction\RigidbodyType.cs", "C#", 0, -8, 0, 0, 0, 0, 0, -3, 0, -11
"c:\Users\dwh88\Perforce\dengw3_Liyuu_1160\GSAS-2540-01-F24\users\dengw3\dengw3_2DplatformGame\BuddahGo\Assets\FishNet\Runtime\Generated\Component\Spawning\PlayerSpawner.cs", "C#", 0, -96, 0, 0, 0, 0, 0, -45, -19, -160
"c:\Users\dwh88\Perforce\dengw3_Liyuu_1160\GSAS-2540-01-F24\users\dengw3\dengw3_2DplatformGame\BuddahGo\Assets\FishNet\Runtime\Generated\Component\Spawning\ServerSpawner.cs", "C#", 0, -66, 0, 0, 0, 0, 0, -21, -14, -101
"c:\Users\dwh88\Perforce\dengw3_Liyuu_1160\GSAS-2540-01-F24\users\dengw3\dengw3_2DplatformGame\BuddahGo\Assets\FishNet\Runtime\Generated\Component\TakeOwnership\PredictedOwner.cs", "C#", 0, -97, 0, 0, 0, 0, 0, -48, -15, -160
"c:\Users\dwh88\Perforce\dengw3_Liyuu_1160\GSAS-2540-01-F24\users\dengw3\dengw3_2DplatformGame\BuddahGo\Assets\FishNet\Runtime\Generated\Component\TakeOwnership\PredictedSpawn.cs", "C#", 0, -37, 0, 0, 0, 0, 0, -37, -10, -84
"c:\Users\dwh88\Perforce\dengw3_Liyuu_1160\GSAS-2540-01-F24\users\dengw3\dengw3_2DplatformGame\BuddahGo\Assets\FishNet\Runtime\Generated\Component\TickSmoothing\AdaptiveInterpolationType.cs", "C#", 0, -13, 0, 0, 0, 0, 0, -21, 0, -34
"c:\Users\dwh88\Perforce\dengw3_Liyuu_1160\GSAS-2540-01-F24\users\dengw3\dengw3_2DplatformGame\BuddahGo\Assets\FishNet\Runtime\Generated\Component\TickSmoothing\Editor\MovementSettingsDrawer.cs", "C#", 0, -38, 0, 0, 0, 0, 0, -1, -12, -51
"c:\Users\dwh88\Perforce\dengw3_Liyuu_1160\GSAS-2540-01-F24\users\dengw3\dengw3_2DplatformGame\BuddahGo\Assets\FishNet\Runtime\Generated\Component\TickSmoothing\Editor\NetworkTickSmootherEditor.cs", "C#", 0, -43, 0, 0, 0, 0, 0, -1, -11, -55
"c:\Users\dwh88\Perforce\dengw3_Liyuu_1160\GSAS-2540-01-F24\users\dengw3\dengw3_2DplatformGame\BuddahGo\Assets\FishNet\Runtime\Generated\Component\TickSmoothing\Editor\OfflineTickSmootherEditor.cs", "C#", 0, -35, 0, 0, 0, 0, 0, -2, -9, -46
"c:\Users\dwh88\Perforce\dengw3_Liyuu_1160\GSAS-2540-01-F24\users\dengw3\dengw3_2DplatformGame\BuddahGo\Assets\FishNet\Runtime\Generated\Component\TickSmoothing\InitializationSettings.cs", "C#", 0, -42, 0, 0, 0, 0, 0, -28, -5, -75
"c:\Users\dwh88\Perforce\dengw3_Liyuu_1160\GSAS-2540-01-F24\users\dengw3\dengw3_2DplatformGame\BuddahGo\Assets\FishNet\Runtime\Generated\Component\TickSmoothing\MovementSettings.cs", "C#", 0, -31, 0, 0, 0, 0, 0, -19, -2, -52
"c:\Users\dwh88\Perforce\dengw3_Liyuu_1160\GSAS-2540-01-F24\users\dengw3\dengw3_2DplatformGame\BuddahGo\Assets\FishNet\Runtime\Generated\Component\TickSmoothing\NetworkTickSmoother.cs", "C#", 0, -56, 0, 0, 0, 0, 0, -25, -11, -92
"c:\Users\dwh88\Perforce\dengw3_Liyuu_1160\GSAS-2540-01-F24\users\dengw3\dengw3_2DplatformGame\BuddahGo\Assets\FishNet\Runtime\Generated\Component\TickSmoothing\OfflineTickSmoother.cs", "C#", 0, -88, 0, 0, 0, 0, 0, -37, -18, -143
"c:\Users\dwh88\Perforce\dengw3_Liyuu_1160\GSAS-2540-01-F24\users\dengw3\dengw3_2DplatformGame\BuddahGo\Assets\FishNet\Runtime\Generated\Component\TickSmoothing\TickSmootherController.cs", "C#", 0, -184, 0, 0, 0, 0, 0, -78, -45, -307
"c:\Users\dwh88\Perforce\dengw3_Liyuu_1160\GSAS-2540-01-F24\users\dengw3\dengw3_2DplatformGame\BuddahGo\Assets\FishNet\Runtime\Generated\Component\TickSmoothing\UniversalTickSmoother.cs", "C#", 0, -602, 0, 0, 0, 0, 0, -272, -130, -1004
"c:\Users\dwh88\Perforce\dengw3_Liyuu_1160\GSAS-2540-01-F24\users\dengw3\dengw3_2DplatformGame\BuddahGo\Assets\FishNet\Runtime\Generated\Component\Utility\BandwidthDisplay.cs", "C#", 0, -277, 0, 0, 0, 0, 0, -77, -67, -421
"c:\Users\dwh88\Perforce\dengw3_Liyuu_1160\GSAS-2540-01-F24\users\dengw3\dengw3_2DplatformGame\BuddahGo\Assets\FishNet\Runtime\Generated\Component\Utility\DefaultScene.cs", "C#", 0, -152, 0, 0, 0, 0, 0, -75, -24, -251
"c:\Users\dwh88\Perforce\dengw3_Liyuu_1160\GSAS-2540-01-F24\users\dengw3\dengw3_2DplatformGame\BuddahGo\Assets\FishNet\Runtime\Generated\Component\Utility\DetachableNetworkTickSmoother.cs", "C#", 0, -154, 0, 0, 0, 0, 0, -72, -25, -251
"c:\Users\dwh88\Perforce\dengw3_Liyuu_1160\GSAS-2540-01-F24\users\dengw3\dengw3_2DplatformGame\BuddahGo\Assets\FishNet\Runtime\Generated\Component\Utility\Editor\DetachableNetworkTickSmootherEditor.cs", "C#", 0, -63, 0, 0, 0, 0, 0, -3, -9, -75
"c:\Users\dwh88\Perforce\dengw3_Liyuu_1160\GSAS-2540-01-F24\users\dengw3\dengw3_2DplatformGame\BuddahGo\Assets\FishNet\Runtime\Generated\Component\Utility\MonoTickSmoother.cs", "C#", 0, -106, 0, 0, 0, 0, 0, -41, -17, -164
"c:\Users\dwh88\Perforce\dengw3_Liyuu_1160\GSAS-2540-01-F24\users\dengw3\dengw3_2DplatformGame\BuddahGo\Assets\FishNet\Runtime\Generated\Component\Utility\PingDisplay.cs", "C#", 0, -81, 0, 0, 0, 0, 0, -16, -11, -108
"c:\Users\dwh88\Perforce\dengw3_Liyuu_1160\GSAS-2540-01-F24\users\dengw3\dengw3_2DplatformGame\BuddahGo\Assets\FishNet\Runtime\InstanceFinder.cs", "C#", 0, -179, 0, 0, 0, 0, 0, -98, -14, -291
"c:\Users\dwh88\Perforce\dengw3_Liyuu_1160\GSAS-2540-01-F24\users\dengw3\dengw3_2DplatformGame\BuddahGo\Assets\FishNet\Runtime\Managing\Client\ClientManager.Broadcast.cs", "C#", 0, -91, 0, 0, 0, 0, 0, -27, -15, -133
"c:\Users\dwh88\Perforce\dengw3_Liyuu_1160\GSAS-2540-01-F24\users\dengw3\dengw3_2DplatformGame\BuddahGo\Assets\FishNet\Runtime\Managing\Client\ClientManager.QOL.cs", "C#", 0, -5, 0, 0, 0, 0, 0, 0, -1, -6
"c:\Users\dwh88\Perforce\dengw3_Liyuu_1160\GSAS-2540-01-F24\users\dengw3\dengw3_2DplatformGame\BuddahGo\Assets\FishNet\Runtime\Managing\Client\ClientManager.cs", "C#", 0, -443, 0, 0, 0, 0, 0, -220, -56, -719
"c:\Users\dwh88\Perforce\dengw3_Liyuu_1160\GSAS-2540-01-F24\users\dengw3\dengw3_2DplatformGame\BuddahGo\Assets\FishNet\Runtime\Managing\Client\Editor\ClientManagerEditor.cs", "C#", 0, -48, 0, 0, 0, 0, 0, 0, -9, -57
"c:\Users\dwh88\Perforce\dengw3_Liyuu_1160\GSAS-2540-01-F24\users\dengw3\dengw3_2DplatformGame\BuddahGo\Assets\FishNet\Runtime\Managing\Client\Object\ClientObjects.RpcLinks.cs", "C#", 0, -70, 0, 0, 0, 0, 0, -23, -7, -100
"c:\Users\dwh88\Perforce\dengw3_Liyuu_1160\GSAS-2540-01-F24\users\dengw3\dengw3_2DplatformGame\BuddahGo\Assets\FishNet\Runtime\Managing\Client\Object\ClientObjects.cs", "C#", 0, -476, 0, 0, 0, 0, 0, -184, -93, -753
"c:\Users\dwh88\Perforce\dengw3_Liyuu_1160\GSAS-2540-01-F24\users\dengw3\dengw3_2DplatformGame\BuddahGo\Assets\FishNet\Runtime\Managing\Client\Object\ObjectCaching.cs", "C#", 0, -390, 0, 0, 0, 0, 0, -212, -52, -654
"c:\Users\dwh88\Perforce\dengw3_Liyuu_1160\GSAS-2540-01-F24\users\dengw3\dengw3_2DplatformGame\BuddahGo\Assets\FishNet\Runtime\Managing\Debugging\DebugManager.cs", "C#", 0, -23, 0, 0, 0, 0, 0, -24, -1, -48
"c:\Users\dwh88\Perforce\dengw3_Liyuu_1160\GSAS-2540-01-F24\users\dengw3\dengw3_2DplatformGame\BuddahGo\Assets\FishNet\Runtime\Managing\Debugging\Editor\DebugManagerEditor.cs", "C#", 0, -60, 0, 0, 0, 0, 0, 0, -10, -70
"c:\Users\dwh88\Perforce\dengw3_Liyuu_1160\GSAS-2540-01-F24\users\dengw3\dengw3_2DplatformGame\BuddahGo\Assets\FishNet\Runtime\Managing\Debugging\PacketIdHistory.cs", "C#", 0, -63, 0, 0, 0, 0, 0, -26, -14, -103
"c:\Users\dwh88\Perforce\dengw3_Liyuu_1160\GSAS-2540-01-F24\users\dengw3\dengw3_2DplatformGame\BuddahGo\Assets\FishNet\Runtime\Managing\Editor\NetworkManagerEditor.cs", "C#", 0, -57, 0, 0, 0, 0, 0, -2, -12, -71
"c:\Users\dwh88\Perforce\dengw3_Liyuu_1160\GSAS-2540-01-F24\users\dengw3\dengw3_2DplatformGame\BuddahGo\Assets\FishNet\Runtime\Managing\Logging\Editor\LevelLoggingConfigurationEditor.cs", "C#", 0, -50, 0, 0, 0, 0, 0, 0, -15, -65
"c:\Users\dwh88\Perforce\dengw3_Liyuu_1160\GSAS-2540-01-F24\users\dengw3\dengw3_2DplatformGame\BuddahGo\Assets\FishNet\Runtime\Managing\Logging\LevelLoggingConfiguration.cs", "C#", 0, -120, 0, 0, 0, 0, 0, -56, -18, -194
"c:\Users\dwh88\Perforce\dengw3_Liyuu_1160\GSAS-2540-01-F24\users\dengw3\dengw3_2DplatformGame\BuddahGo\Assets\FishNet\Runtime\Managing\Logging\LoggingConfiguration.cs", "C#", 0, -26, 0, 0, 0, 0, 0, -28, -7, -61
"c:\Users\dwh88\Perforce\dengw3_Liyuu_1160\GSAS-2540-01-F24\users\dengw3\dengw3_2DplatformGame\BuddahGo\Assets\FishNet\Runtime\Managing\Logging\LoggingType.cs", "C#", 0, -10, 0, 0, 0, 0, 0, -15, 0, -25
"c:\Users\dwh88\Perforce\dengw3_Liyuu_1160\GSAS-2540-01-F24\users\dengw3\dengw3_2DplatformGame\BuddahGo\Assets\FishNet\Runtime\Managing\NetworkManager.Logging.cs", "C#", 0, -106, 0, 0, 0, 0, 0, -54, -20, -180
"c:\Users\dwh88\Perforce\dengw3_Liyuu_1160\GSAS-2540-01-F24\users\dengw3\dengw3_2DplatformGame\BuddahGo\Assets\FishNet\Runtime\Managing\NetworkManager.ObjectPooling.cs", "C#", 0, -71, 0, 0, 0, 0, 0, -60, -17, -148
"c:\Users\dwh88\Perforce\dengw3_Liyuu_1160\GSAS-2540-01-F24\users\dengw3\dengw3_2DplatformGame\BuddahGo\Assets\FishNet\Runtime\Managing\NetworkManager.Pro.cs", "C#", 0, -11, 0, 0, 0, 0, 0, -3, -1, -15
"c:\Users\dwh88\Perforce\dengw3_Liyuu_1160\GSAS-2540-01-F24\users\dengw3\dengw3_2DplatformGame\BuddahGo\Assets\FishNet\Runtime\Managing\NetworkManager.QOL.cs", "C#", 0, -200, 0, 0, 0, 0, 0, -117, -26, -343
"c:\Users\dwh88\Perforce\dengw3_Liyuu_1160\GSAS-2540-01-F24\users\dengw3\dengw3_2DplatformGame\BuddahGo\Assets\FishNet\Runtime\Managing\NetworkManager.cs", "C#", 0, -368, 0, 0, 0, 0, 0, -206, -63, -637
"c:\Users\dwh88\Perforce\dengw3_Liyuu_1160\GSAS-2540-01-F24\users\dengw3\dengw3_2DplatformGame\BuddahGo\Assets\FishNet\Runtime\Managing\Object\DualPrefab.cs", "C#", 0, -10, 0, 0, 0, 0, 0, -3, -1, -14
"c:\Users\dwh88\Perforce\dengw3_Liyuu_1160\GSAS-2540-01-F24\users\dengw3\dengw3_2DplatformGame\BuddahGo\Assets\FishNet\Runtime\Managing\Object\ManagedObjects.Spawning.cs", "C#", 0, -326, 0, 0, 0, 0, 0, -141, -58, -525
"c:\Users\dwh88\Perforce\dengw3_Liyuu_1160\GSAS-2540-01-F24\users\dengw3\dengw3_2DplatformGame\BuddahGo\Assets\FishNet\Runtime\Managing\Object\ManagedObjects.cs", "C#", 0, -304, 0, 0, 0, 0, 0, -161, -50, -515
"c:\Users\dwh88\Perforce\dengw3_Liyuu_1160\GSAS-2540-01-F24\users\dengw3\dengw3_2DplatformGame\BuddahGo\Assets\FishNet\Runtime\Managing\Object\ObjectSpawnType.cs", "C#", 0, -22, 0, 0, 0, 0, 0, -18, -2, -42
"c:\Users\dwh88\Perforce\dengw3_Liyuu_1160\GSAS-2540-01-F24\users\dengw3\dengw3_2DplatformGame\BuddahGo\Assets\FishNet\Runtime\Managing\Object\PrefabObjects\DefaultPrefabObjects.cs", "C#", 0, -97, 0, 0, 0, 0, 0, -17, -19, -133
"c:\Users\dwh88\Perforce\dengw3_Liyuu_1160\GSAS-2540-01-F24\users\dengw3\dengw3_2DplatformGame\BuddahGo\Assets\FishNet\Runtime\Managing\Object\PrefabObjects\DualPrefabObjects.cs", "C#", 0, -108, 0, 0, 0, 0, 0, -6, -16, -130
"c:\Users\dwh88\Perforce\dengw3_Liyuu_1160\GSAS-2540-01-F24\users\dengw3\dengw3_2DplatformGame\BuddahGo\Assets\FishNet\Runtime\Managing\Object\PrefabObjects\PrefabObjects.cs", "C#", 0, -24, 0, 0, 0, 0, 0, -7, -3, -34
"c:\Users\dwh88\Perforce\dengw3_Liyuu_1160\GSAS-2540-01-F24\users\dengw3\dengw3_2DplatformGame\BuddahGo\Assets\FishNet\Runtime\Managing\Object\PrefabObjects\SinglePrefabObjects.cs", "C#", 0, -103, 0, 0, 0, 0, 0, -6, -16, -125
"c:\Users\dwh88\Perforce\dengw3_Liyuu_1160\GSAS-2540-01-F24\users\dengw3\dengw3_2DplatformGame\BuddahGo\Assets\FishNet\Runtime\Managing\Object\SpawnParentType.cs", "C#", 0, 0, 0, 0, 0, 0, 0, -10, -2, -12
"c:\Users\dwh88\Perforce\dengw3_Liyuu_1160\GSAS-2540-01-F24\users\dengw3\dengw3_2DplatformGame\BuddahGo\Assets\FishNet\Runtime\Managing\Observing\Editor\ObserverManagerEditor.cs", "C#", 0, -37, 0, 0, 0, 0, 0, 0, -8, -45
"c:\Users\dwh88\Perforce\dengw3_Liyuu_1160\GSAS-2540-01-F24\users\dengw3\dengw3_2DplatformGame\BuddahGo\Assets\FishNet\Runtime\Managing\Observing\ObserverManager.cs", "C#", 0, -134, 0, 0, 0, 0, 0, -62, -21, -217
"c:\Users\dwh88\Perforce\dengw3_Liyuu_1160\GSAS-2540-01-F24\users\dengw3\dengw3_2DplatformGame\BuddahGo\Assets\FishNet\Runtime\Managing\Prediction\Editor\PredictionManagerEditor.cs", "C#", 0, -69, 0, 0, 0, 0, 0, -7, -15, -91
"c:\Users\dwh88\Perforce\dengw3_Liyuu_1160\GSAS-2540-01-F24\users\dengw3\dengw3_2DplatformGame\BuddahGo\Assets\FishNet\Runtime\Managing\Prediction\PredictionManager.cs", "C#", 0, -480, 0, 0, 0, 0, 0, -353, -117, -950
"c:\Users\dwh88\Perforce\dengw3_Liyuu_1160\GSAS-2540-01-F24\users\dengw3\dengw3_2DplatformGame\BuddahGo\Assets\FishNet\Runtime\Managing\Prediction\StateOrder.cs", "C#", 0, -8, 0, 0, 0, 0, 0, -10, 0, -18
"c:\Users\dwh88\Perforce\dengw3_Liyuu_1160\GSAS-2540-01-F24\users\dengw3\dengw3_2DplatformGame\BuddahGo\Assets\FishNet\Runtime\Managing\RemoteTimeoutType.cs", "C#", 0, -9, 0, 0, 0, 0, 0, -9, 0, -18
"c:\Users\dwh88\Perforce\dengw3_Liyuu_1160\GSAS-2540-01-F24\users\dengw3\dengw3_2DplatformGame\BuddahGo\Assets\FishNet\Runtime\Managing\Scened\Broadcast\SceneBroadcasts.cs", "C#", 0, -21, 0, 0, 0, 0, 0, -12, -4, -37
"c:\Users\dwh88\Perforce\dengw3_Liyuu_1160\GSAS-2540-01-F24\users\dengw3\dengw3_2DplatformGame\BuddahGo\Assets\FishNet\Runtime\Managing\Scened\DefaultSceneProcessor.cs", "C#", 0, -99, 0, 0, 0, 0, 0, -56, -16, -171
"c:\Users\dwh88\Perforce\dengw3_Liyuu_1160\GSAS-2540-01-F24\users\dengw3\dengw3_2DplatformGame\BuddahGo\Assets\FishNet\Runtime\Managing\Scened\Events\ClientPresenceChangeEventArgs.cs", "C#", 0, -17, 0, 0, 0, 0, 0, -12, -2, -31
"c:\Users\dwh88\Perforce\dengw3_Liyuu_1160\GSAS-2540-01-F24\users\dengw3\dengw3_2DplatformGame\BuddahGo\Assets\FishNet\Runtime\Managing\Scened\Events\LoadSceneEventArgs.cs", "C#", 0, -37, 0, 0, 0, 0, 0, -30, -6, -73
"c:\Users\dwh88\Perforce\dengw3_Liyuu_1160\GSAS-2540-01-F24\users\dengw3\dengw3_2DplatformGame\BuddahGo\Assets\FishNet\Runtime\Managing\Scened\Events\UnloadSceneEventArgs.cs", "C#", 0, -29, 0, 0, 0, 0, 0, -20, -4, -53
"c:\Users\dwh88\Perforce\dengw3_Liyuu_1160\GSAS-2540-01-F24\users\dengw3\dengw3_2DplatformGame\BuddahGo\Assets\FishNet\Runtime\Managing\Scened\LoadUnloadDatas\LoadOptions.cs", "C#", 0, -16, 0, 0, 0, 0, 0, -20, -1, -37
"c:\Users\dwh88\Perforce\dengw3_Liyuu_1160\GSAS-2540-01-F24\users\dengw3\dengw3_2DplatformGame\BuddahGo\Assets\FishNet\Runtime\Managing\Scened\LoadUnloadDatas\LoadParams.cs", "C#", 0, -9, 0, 0, 0, 0, 0, -9, 0, -18
"c:\Users\dwh88\Perforce\dengw3_Liyuu_1160\GSAS-2540-01-F24\users\dengw3\dengw3_2DplatformGame\BuddahGo\Assets\FishNet\Runtime\Managing\Scened\LoadUnloadDatas\LoadQueueData.cs", "C#", 0, -27, 0, 0, 0, 0, 0, -18, -3, -48
"c:\Users\dwh88\Perforce\dengw3_Liyuu_1160\GSAS-2540-01-F24\users\dengw3\dengw3_2DplatformGame\BuddahGo\Assets\FishNet\Runtime\Managing\Scened\LoadUnloadDatas\PreferredActiveScenes.cs", "C#", 0, -18, 0, 0, 0, 0, 0, -13, -2, -33
"c:\Users\dwh88\Perforce\dengw3_Liyuu_1160\GSAS-2540-01-F24\users\dengw3\dengw3_2DplatformGame\BuddahGo\Assets\FishNet\Runtime\Managing\Scened\LoadUnloadDatas\ReplaceOption.cs", "C#", 0, -9, 0, 0, 0, 0, 0, -12, 0, -21
"c:\Users\dwh88\Perforce\dengw3_Liyuu_1160\GSAS-2540-01-F24\users\dengw3\dengw3_2DplatformGame\BuddahGo\Assets\FishNet\Runtime\Managing\Scened\LoadUnloadDatas\SceneLoadData.cs", "C#", 0, -80, 0, 0, 0, 0, 0, -91, -23, -194
"c:\Users\dwh88\Perforce\dengw3_Liyuu_1160\GSAS-2540-01-F24\users\dengw3\dengw3_2DplatformGame\BuddahGo\Assets\FishNet\Runtime\Managing\Scened\LoadUnloadDatas\SceneScopeTypes.cs", "C#", 0, -8, 0, 0, 0, 0, 0, -9, 0, -17
"c:\Users\dwh88\Perforce\dengw3_Liyuu_1160\GSAS-2540-01-F24\users\dengw3\dengw3_2DplatformGame\BuddahGo\Assets\FishNet\Runtime\Managing\Scened\LoadUnloadDatas\SceneUnloadData.cs", "C#", 0, -47, 0, 0, 0, 0, 0, -56, -15, -118
"c:\Users\dwh88\Perforce\dengw3_Liyuu_1160\GSAS-2540-01-F24\users\dengw3\dengw3_2DplatformGame\BuddahGo\Assets\FishNet\Runtime\Managing\Scened\LoadUnloadDatas\UnloadOptions.cs", "C#", 0, -13, 0, 0, 0, 0, 0, -18, -1, -32
"c:\Users\dwh88\Perforce\dengw3_Liyuu_1160\GSAS-2540-01-F24\users\dengw3\dengw3_2DplatformGame\BuddahGo\Assets\FishNet\Runtime\Managing\Scened\LoadUnloadDatas\UnloadParams.cs", "C#", 0, -9, 0, 0, 0, 0, 0, -9, 0, -18
"c:\Users\dwh88\Perforce\dengw3_Liyuu_1160\GSAS-2540-01-F24\users\dengw3\dengw3_2DplatformGame\BuddahGo\Assets\FishNet\Runtime\Managing\Scened\LoadUnloadDatas\UnloadQueueData.cs", "C#", 0, -27, 0, 0, 0, 0, 0, -18, -3, -48
"c:\Users\dwh88\Perforce\dengw3_Liyuu_1160\GSAS-2540-01-F24\users\dengw3\dengw3_2DplatformGame\BuddahGo\Assets\FishNet\Runtime\Managing\Scened\SceneLookupData.cs", "C#", 0, -234, 0, 0, 0, 0, 0, -127, -55, -416
"c:\Users\dwh88\Perforce\dengw3_Liyuu_1160\GSAS-2540-01-F24\users\dengw3\dengw3_2DplatformGame\BuddahGo\Assets\FishNet\Runtime\Managing\Scened\SceneManager.cs", "C#", 0, -1484, 0, 0, 0, 0, 0, -812, -258, -2554
"c:\Users\dwh88\Perforce\dengw3_Liyuu_1160\GSAS-2540-01-F24\users\dengw3\dengw3_2DplatformGame\BuddahGo\Assets\FishNet\Runtime\Managing\Scened\SceneProcessorBase.cs", "C#", 0, -62, 0, 0, 0, 0, 0, -88, -25, -175
"c:\Users\dwh88\Perforce\dengw3_Liyuu_1160\GSAS-2540-01-F24\users\dengw3\dengw3_2DplatformGame\BuddahGo\Assets\FishNet\Runtime\Managing\Scened\SceneSpawner.cs", "C#", 0, 0, 0, 0, 0, 0, 0, -328, -15, -343
"c:\Users\dwh88\Perforce\dengw3_Liyuu_1160\GSAS-2540-01-F24\users\dengw3\dengw3_2DplatformGame\BuddahGo\Assets\FishNet\Runtime\Managing\Scened\UnloadedScene.cs", "C#", 0, -30, 0, 0, 0, 0, 0, -5, -5, -40
"c:\Users\dwh88\Perforce\dengw3_Liyuu_1160\GSAS-2540-01-F24\users\dengw3\dengw3_2DplatformGame\BuddahGo\Assets\FishNet\Runtime\Managing\Server\ClientConnectionBroadcast.cs", "C#", 0, -35, 0, 0, 0, 0, 0, 0, -4, -39
"c:\Users\dwh88\Perforce\dengw3_Liyuu_1160\GSAS-2540-01-F24\users\dengw3\dengw3_2DplatformGame\BuddahGo\Assets\FishNet\Runtime\Managing\Server\Editor\ServerManagerEditor.cs", "C#", 0, -83, 0, 0, 0, 0, 0, 0, -9, -92
"c:\Users\dwh88\Perforce\dengw3_Liyuu_1160\GSAS-2540-01-F24\users\dengw3\dengw3_2DplatformGame\BuddahGo\Assets\FishNet\Runtime\Managing\Server\KickReasons.cs", "C#", 0, -13, 0, 0, 0, 0, 0, -21, 0, -34
"c:\Users\dwh88\Perforce\dengw3_Liyuu_1160\GSAS-2540-01-F24\users\dengw3\dengw3_2DplatformGame\BuddahGo\Assets\FishNet\Runtime\Managing\Server\Object\ServerObjects.Observers.cs", "C#", 0, -288, 0, 0, 0, 0, 0, -120, -78, -486
"c:\Users\dwh88\Perforce\dengw3_Liyuu_1160\GSAS-2540-01-F24\users\dengw3\dengw3_2DplatformGame\BuddahGo\Assets\FishNet\Runtime\Managing\Server\Object\ServerObjects.Parsing.cs", "C#", 0, -32, 0, 0, 0, 0, 0, -3, -4, -39
"c:\Users\dwh88\Perforce\dengw3_Liyuu_1160\GSAS-2540-01-F24\users\dengw3\dengw3_2DplatformGame\BuddahGo\Assets\FishNet\Runtime\Managing\Server\Object\ServerObjects.cs", "C#", 0, -714, 0, 0, 0, 0, 0, -307, -164, -1185
"c:\Users\dwh88\Perforce\dengw3_Liyuu_1160\GSAS-2540-01-F24\users\dengw3\dengw3_2DplatformGame\BuddahGo\Assets\FishNet\Runtime\Managing\Server\ServerManager.Broadcast.cs", "C#", 0, -246, 0, 0, 0, 0, 0, -106, -48, -400
"c:\Users\dwh88\Perforce\dengw3_Liyuu_1160\GSAS-2540-01-F24\users\dengw3\dengw3_2DplatformGame\BuddahGo\Assets\FishNet\Runtime\Managing\Server\ServerManager.QOL.cs", "C#", 0, -129, 0, 0, 0, 0, 0, -66, -28, -223
"c:\Users\dwh88\Perforce\dengw3_Liyuu_1160\GSAS-2540-01-F24\users\dengw3\dengw3_2DplatformGame\BuddahGo\Assets\FishNet\Runtime\Managing\Server\ServerManager.RpcLinks.cs", "C#", 0, -43, 0, 0, 0, 0, 0, -19, -5, -67
"c:\Users\dwh88\Perforce\dengw3_Liyuu_1160\GSAS-2540-01-F24\users\dengw3\dengw3_2DplatformGame\BuddahGo\Assets\FishNet\Runtime\Managing\Server\ServerManager.cs", "C#", 0, -619, 0, 0, 0, 0, 0, -285, -88, -992
"c:\Users\dwh88\Perforce\dengw3_Liyuu_1160\GSAS-2540-01-F24\users\dengw3\dengw3_2DplatformGame\BuddahGo\Assets\FishNet\Runtime\Managing\Statistic\NetworkTrafficArgs.cs", "C#", 0, 0, 0, 0, 0, 0, 0, -1, -2, -3
"c:\Users\dwh88\Perforce\dengw3_Liyuu_1160\GSAS-2540-01-F24\users\dengw3\dengw3_2DplatformGame\BuddahGo\Assets\FishNet\Runtime\Managing\Statistic\NetworkTrafficStatistics.cs", "C#", 0, -145, 0, 0, 0, 0, 0, -89, -34, -268
"c:\Users\dwh88\Perforce\dengw3_Liyuu_1160\GSAS-2540-01-F24\users\dengw3\dengw3_2DplatformGame\BuddahGo\Assets\FishNet\Runtime\Managing\Statistic\StatisticsManager.cs", "C#", 0, -42, 0, 0, 0, 0, 0, -15, -9, -66
"c:\Users\dwh88\Perforce\dengw3_Liyuu_1160\GSAS-2540-01-F24\users\dengw3\dengw3_2DplatformGame\BuddahGo\Assets\FishNet\Runtime\Managing\Statistic\Types.cs", "C#", 0, 0, 0, 0, 0, 0, 0, 0, -1, -1
"c:\Users\dwh88\Perforce\dengw3_Liyuu_1160\GSAS-2540-01-F24\users\dengw3\dengw3_2DplatformGame\BuddahGo\Assets\FishNet\Runtime\Managing\Timing\Editor\TimeManagerEditor.cs", "C#", 0, -60, 0, 0, 0, 0, 0, -10, -8, -78
"c:\Users\dwh88\Perforce\dengw3_Liyuu_1160\GSAS-2540-01-F24\users\dengw3\dengw3_2DplatformGame\BuddahGo\Assets\FishNet\Runtime\Managing\Timing\MovingAverage.cs", "C#", 0, -54, 0, 0, 0, 0, 0, -31, -11, -96
"c:\Users\dwh88\Perforce\dengw3_Liyuu_1160\GSAS-2540-01-F24\users\dengw3\dengw3_2DplatformGame\BuddahGo\Assets\FishNet\Runtime\Managing\Timing\PhysicsMode.cs", "C#", 0, -9, 0, 0, 0, 0, 0, -12, 0, -21
"c:\Users\dwh88\Perforce\dengw3_Liyuu_1160\GSAS-2540-01-F24\users\dengw3\dengw3_2DplatformGame\BuddahGo\Assets\FishNet\Runtime\Managing\Timing\PreciseTick.cs", "C#", 0, -112, 0, 0, 0, 0, 0, -56, -27, -195
"c:\Users\dwh88\Perforce\dengw3_Liyuu_1160\GSAS-2540-01-F24\users\dengw3\dengw3_2DplatformGame\BuddahGo\Assets\FishNet\Runtime\Managing\Timing\TickRounding.cs", "C#", 0, -9, 0, 0, 0, 0, 0, -12, 0, -21
"c:\Users\dwh88\Perforce\dengw3_Liyuu_1160\GSAS-2540-01-F24\users\dengw3\dengw3_2DplatformGame\BuddahGo\Assets\FishNet\Runtime\Managing\Timing\TickType.cs", "C#", 0, -9, 0, 0, 0, 0, 0, 0, 0, -9
"c:\Users\dwh88\Perforce\dengw3_Liyuu_1160\GSAS-2540-01-F24\users\dengw3\dengw3_2DplatformGame\BuddahGo\Assets\FishNet\Runtime\Managing\Timing\TimeManager.cs", "C#", 0, -714, 0, 0, 0, 0, 0, -411, -120, -1245
"c:\Users\dwh88\Perforce\dengw3_Liyuu_1160\GSAS-2540-01-F24\users\dengw3\dengw3_2DplatformGame\BuddahGo\Assets\FishNet\Runtime\Managing\Transporting\IntermediateLayer.cs", "C#", 0, -12, 0, 0, 0, 0, 0, -21, -4, -37
"c:\Users\dwh88\Perforce\dengw3_Liyuu_1160\GSAS-2540-01-F24\users\dengw3\dengw3_2DplatformGame\BuddahGo\Assets\FishNet\Runtime\Managing\Transporting\LatencySimulator.cs", "C#", 0, -234, 0, 0, 0, 0, 0, -112, -42, -388
"c:\Users\dwh88\Perforce\dengw3_Liyuu_1160\GSAS-2540-01-F24\users\dengw3\dengw3_2DplatformGame\BuddahGo\Assets\FishNet\Runtime\Managing\Transporting\SplitReader.cs", "C#", 0, -54, 0, 0, 0, 0, 0, -34, -7, -95
"c:\Users\dwh88\Perforce\dengw3_Liyuu_1160\GSAS-2540-01-F24\users\dengw3\dengw3_2DplatformGame\BuddahGo\Assets\FishNet\Runtime\Managing\Transporting\TransportManager.QOL.cs", "C#", 0, -65, 0, 0, 0, 0, 0, -27, -9, -101
"c:\Users\dwh88\Perforce\dengw3_Liyuu_1160\GSAS-2540-01-F24\users\dengw3\dengw3_2DplatformGame\BuddahGo\Assets\FishNet\Runtime\Managing\Transporting\TransportManager.cs", "C#", 0, -522, 0, 0, 0, 0, 0, -312, -95, -929
"c:\Users\dwh88\Perforce\dengw3_Liyuu_1160\GSAS-2540-01-F24\users\dengw3\dengw3_2DplatformGame\BuddahGo\Assets\FishNet\Runtime\Managing\Utility\Utility.cs", "C#", 0, -26, 0, 0, 0, 0, 0, -20, -1, -47
"c:\Users\dwh88\Perforce\dengw3_Liyuu_1160\GSAS-2540-01-F24\users\dengw3\dengw3_2DplatformGame\BuddahGo\Assets\FishNet\Runtime\Object\ChangedTransformProperties.cs", "C#", 0, 0, 0, 0, 0, 0, 0, -1, -2, -3
"c:\Users\dwh88\Perforce\dengw3_Liyuu_1160\GSAS-2540-01-F24\users\dengw3\dengw3_2DplatformGame\BuddahGo\Assets\FishNet\Runtime\Object\Editor\NetworkObjectEditor.cs", "C#", 0, -168, 0, 0, 0, 0, 0, -3, -23, -194
"c:\Users\dwh88\Perforce\dengw3_Liyuu_1160\GSAS-2540-01-F24\users\dengw3\dengw3_2DplatformGame\BuddahGo\Assets\FishNet\Runtime\Object\Helping\RpcLink.cs", "C#", 0, -21, 0, 0, 0, 0, 0, -15, -2, -38
"c:\Users\dwh88\Perforce\dengw3_Liyuu_1160\GSAS-2540-01-F24\users\dengw3\dengw3_2DplatformGame\BuddahGo\Assets\FishNet\Runtime\Object\Helping\RpcType.cs", "C#", 0, -12, 0, 0, 0, 0, 0, 0, 0, -12
"c:\Users\dwh88\Perforce\dengw3_Liyuu_1160\GSAS-2540-01-F24\users\dengw3\dengw3_2DplatformGame\BuddahGo\Assets\FishNet\Runtime\Object\Helping\StaticShortcuts.cs", "C#", 0, -24, 0, 0, 0, 0, 0, -15, -5, -44
"c:\Users\dwh88\Perforce\dengw3_Liyuu_1160\GSAS-2540-01-F24\users\dengw3\dengw3_2DplatformGame\BuddahGo\Assets\FishNet\Runtime\Object\NetworkBehaviour\Attributes.cs", "C#", 0, -75, 0, 0, 0, 0, 0, -115, -9, -199
"c:\Users\dwh88\Perforce\dengw3_Liyuu_1160\GSAS-2540-01-F24\users\dengw3\dengw3_2DplatformGame\BuddahGo\Assets\FishNet\Runtime\Object\NetworkBehaviour\Delegates.cs", "C#", 0, -12, 0, 0, 0, 0, 0, 0, -4, -16
"c:\Users\dwh88\Perforce\dengw3_Liyuu_1160\GSAS-2540-01-F24\users\dengw3\dengw3_2DplatformGame\BuddahGo\Assets\FishNet\Runtime\Object\NetworkBehaviour\EmptyNetworkBehaviour.cs", "C#", 0, -4, 0, 0, 0, 0, 0, -3, 0, -7
"c:\Users\dwh88\Perforce\dengw3_Liyuu_1160\GSAS-2540-01-F24\users\dengw3\dengw3_2DplatformGame\BuddahGo\Assets\FishNet\Runtime\Object\NetworkBehaviour\NetworkBehaviour.Callbacks.cs", "C#", 0, -110, 0, 0, 0, 0, 0, -73, -28, -211
"c:\Users\dwh88\Perforce\dengw3_Liyuu_1160\GSAS-2540-01-F24\users\dengw3\dengw3_2DplatformGame\BuddahGo\Assets\FishNet\Runtime\Object\NetworkBehaviour\NetworkBehaviour.Logging.cs", "C#", 0, -13, 0, 0, 0, 0, 0, -5, -1, -19
"c:\Users\dwh88\Perforce\dengw3_Liyuu_1160\GSAS-2540-01-F24\users\dengw3\dengw3_2DplatformGame\BuddahGo\Assets\FishNet\Runtime\Object\NetworkBehaviour\NetworkBehaviour.Prediction.cs", "C#", 0, -869, 0, 0, 0, 0, 0, -470, -183, -1522
"c:\Users\dwh88\Perforce\dengw3_Liyuu_1160\GSAS-2540-01-F24\users\dengw3\dengw3_2DplatformGame\BuddahGo\Assets\FishNet\Runtime\Object\NetworkBehaviour\NetworkBehaviour.QOL.cs", "C#", 0, -138, 0, 0, 0, 0, 0, -184, -24, -346
"c:\Users\dwh88\Perforce\dengw3_Liyuu_1160\GSAS-2540-01-F24\users\dengw3\dengw3_2DplatformGame\BuddahGo\Assets\FishNet\Runtime\Object\NetworkBehaviour\NetworkBehaviour.RPCLinks.cs", "C#", 0, -105, 0, 0, 0, 0, 0, -45, -16, -166
"c:\Users\dwh88\Perforce\dengw3_Liyuu_1160\GSAS-2540-01-F24\users\dengw3\dengw3_2DplatformGame\BuddahGo\Assets\FishNet\Runtime\Object\NetworkBehaviour\NetworkBehaviour.RPCs.cs", "C#", 0, -397, 0, 0, 0, 0, 0, -149, -84, -630
"c:\Users\dwh88\Perforce\dengw3_Liyuu_1160\GSAS-2540-01-F24\users\dengw3\dengw3_2DplatformGame\BuddahGo\Assets\FishNet\Runtime\Object\NetworkBehaviour\NetworkBehaviour.SyncTypes.cs", "C#", 0, -327, 0, 0, 0, 0, 0, -140, -87, -554
"c:\Users\dwh88\Perforce\dengw3_Liyuu_1160\GSAS-2540-01-F24\users\dengw3\dengw3_2DplatformGame\BuddahGo\Assets\FishNet\Runtime\Object\NetworkBehaviour\NetworkBehaviour.cs", "C#", 0, -180, 0, 0, 0, 0, 0, -71, -30, -281
"c:\Users\dwh88\Perforce\dengw3_Liyuu_1160\GSAS-2540-01-F24\users\dengw3\dengw3_2DplatformGame\BuddahGo\Assets\FishNet\Runtime\Object\NetworkBehaviour\RpcLinkType.cs", "C#", 0, -17, 0, 0, 0, 0, 0, -9, -2, -28
"c:\Users\dwh88\Perforce\dengw3_Liyuu_1160\GSAS-2540-01-F24\users\dengw3\dengw3_2DplatformGame\BuddahGo\Assets\FishNet\Runtime\Object\NetworkBehaviour\SyncTypeWriteType.cs", "C#", 0, 0, 0, 0, 0, 0, 0, -12, -2, -14
"c:\Users\dwh88\Perforce\dengw3_Liyuu_1160\GSAS-2540-01-F24\users\dengw3\dengw3_2DplatformGame\BuddahGo\Assets\FishNet\Runtime\Object\NetworkObject\NetworkObject.Broadcast.cs", "C#", 0, -19, 0, 0, 0, 0, 0, -7, -2, -28
"c:\Users\dwh88\Perforce\dengw3_Liyuu_1160\GSAS-2540-01-F24\users\dengw3\dengw3_2DplatformGame\BuddahGo\Assets\FishNet\Runtime\Object\NetworkObject\NetworkObject.Callbacks.cs", "C#", 0, -109, 0, 0, 0, 0, 0, -52, -21, -182
"c:\Users\dwh88\Perforce\dengw3_Liyuu_1160\GSAS-2540-01-F24\users\dengw3\dengw3_2DplatformGame\BuddahGo\Assets\FishNet\Runtime\Object\NetworkObject\NetworkObject.Observers.cs", "C#", 0, -160, 0, 0, 0, 0, 0, -100, -36, -296
"c:\Users\dwh88\Perforce\dengw3_Liyuu_1160\GSAS-2540-01-F24\users\dengw3\dengw3_2DplatformGame\BuddahGo\Assets\FishNet\Runtime\Object\NetworkObject\NetworkObject.Prediction.cs", "C#", 0, -426, 0, 0, 0, 0, 0, -185, -81, -692
"c:\Users\dwh88\Perforce\dengw3_Liyuu_1160\GSAS-2540-01-F24\users\dengw3\dengw3_2DplatformGame\BuddahGo\Assets\FishNet\Runtime\Object\NetworkObject\NetworkObject.QOL.cs", "C#", 0, -174, 0, 0, 0, 0, 0, -203, -27, -404
"c:\Users\dwh88\Perforce\dengw3_Liyuu_1160\GSAS-2540-01-F24\users\dengw3\dengw3_2DplatformGame\BuddahGo\Assets\FishNet\Runtime\Object\NetworkObject\NetworkObject.ReferenceIds.cs", "C#", 0, 0, 0, 0, 0, 0, 0, -1, -2, -3
"c:\Users\dwh88\Perforce\dengw3_Liyuu_1160\GSAS-2540-01-F24\users\dengw3\dengw3_2DplatformGame\BuddahGo\Assets\FishNet\Runtime\Object\NetworkObject\NetworkObject.RpcLinks.cs", "C#", 0, -19, 0, 0, 0, 0, 0, -10, -3, -32
"c:\Users\dwh88\Perforce\dengw3_Liyuu_1160\GSAS-2540-01-F24\users\dengw3\dengw3_2DplatformGame\BuddahGo\Assets\FishNet\Runtime\Object\NetworkObject\NetworkObject.Serialized.cs", "C#", 0, -148, 0, 0, 0, 0, 0, -55, -29, -232
"c:\Users\dwh88\Perforce\dengw3_Liyuu_1160\GSAS-2540-01-F24\users\dengw3\dengw3_2DplatformGame\BuddahGo\Assets\FishNet\Runtime\Object\NetworkObject\NetworkObject.SyncTypes.cs", "C#", 0, -26, 0, 0, 0, 0, 0, -3, -2, -31
"c:\Users\dwh88\Perforce\dengw3_Liyuu_1160\GSAS-2540-01-F24\users\dengw3\dengw3_2DplatformGame\BuddahGo\Assets\FishNet\Runtime\Object\NetworkObject\NetworkObject.cs", "C#", 0, -832, 0, 0, 0, 0, 0, -423, -195, -1450
"c:\Users\dwh88\Perforce\dengw3_Liyuu_1160\GSAS-2540-01-F24\users\dengw3\dengw3_2DplatformGame\BuddahGo\Assets\FishNet\Runtime\Object\NetworkObject\NetworkObjectData.cs", "C#", 0, -29, 0, 0, 0, 0, 0, -43, -3, -75
"c:\Users\dwh88\Perforce\dengw3_Liyuu_1160\GSAS-2540-01-F24\users\dengw3\dengw3_2DplatformGame\BuddahGo\Assets\FishNet\Runtime\Object\Prediction\Attributes.cs", "C#", 0, -8, 0, 0, 0, 0, 0, -7, -2, -17
"c:\Users\dwh88\Perforce\dengw3_Liyuu_1160\GSAS-2540-01-F24\users\dengw3\dengw3_2DplatformGame\BuddahGo\Assets\FishNet\Runtime\Object\Prediction\Delegates.cs", "C#", 0, -18, 0, 0, 0, 0, 0, 0, -5, -23
"c:\Users\dwh88\Perforce\dengw3_Liyuu_1160\GSAS-2540-01-F24\users\dengw3\dengw3_2DplatformGame\BuddahGo\Assets\FishNet\Runtime\Object\Prediction\Interfaces.cs", "C#", 0, -15, 0, 0, 0, 0, 0, -22, -5, -42
"c:\Users\dwh88\Perforce\dengw3_Liyuu_1160\GSAS-2540-01-F24\users\dengw3\dengw3_2DplatformGame\BuddahGo\Assets\FishNet\Runtime\Object\Prediction\LocalReconcile.cs", "C#", 0, -26, 0, 0, 0, 0, 0, -16, -3, -45
"c:\Users\dwh88\Perforce\dengw3_Liyuu_1160\GSAS-2540-01-F24\users\dengw3\dengw3_2DplatformGame\BuddahGo\Assets\FishNet\Runtime\Object\Prediction\MoveRates.cs", "C#", 0, -258, 0, 0, 0, 0, 0, -157, -52, -467
"c:\Users\dwh88\Perforce\dengw3_Liyuu_1160\GSAS-2540-01-F24\users\dengw3\dengw3_2DplatformGame\BuddahGo\Assets\FishNet\Runtime\Object\Prediction\PredictionRigidbody.cs", "C#", 0, -383, 0, 0, 0, 0, 0, -85, -56, -524
"c:\Users\dwh88\Perforce\dengw3_Liyuu_1160\GSAS-2540-01-F24\users\dengw3\dengw3_2DplatformGame\BuddahGo\Assets\FishNet\Runtime\Object\Prediction\PredictionRigidbody2D.cs", "C#", 0, -329, 0, 0, 0, 0, 0, -64, -51, -444
"c:\Users\dwh88\Perforce\dengw3_Liyuu_1160\GSAS-2540-01-F24\users\dengw3\dengw3_2DplatformGame\BuddahGo\Assets\FishNet\Runtime\Object\Prediction\ReplicateDataContainer.cs", "C#", 0, -64, 0, 0, 0, 0, 0, -23, -11, -98
"c:\Users\dwh88\Perforce\dengw3_Liyuu_1160\GSAS-2540-01-F24\users\dengw3\dengw3_2DplatformGame\BuddahGo\Assets\FishNet\Runtime\Object\Prediction\ReplicateState.cs", "C#", 0, -64, 0, 0, 0, 0, 0, -95, -18, -177
"c:\Users\dwh88\Perforce\dengw3_Liyuu_1160\GSAS-2540-01-F24\users\dengw3\dengw3_2DplatformGame\BuddahGo\Assets\FishNet\Runtime\Object\Synchronizing\ICustomSync.cs", "C#", 0, -7, 0, 0, 0, 0, 0, -9, 0, -16
"c:\Users\dwh88\Perforce\dengw3_Liyuu_1160\GSAS-2540-01-F24\users\dengw3\dengw3_2DplatformGame\BuddahGo\Assets\FishNet\Runtime\Object\Synchronizing\InterpolatedSyncVars.cs", "C#", 0, -110, 0, 0, 0, 0, 0, -45, -18, -173
"c:\Users\dwh88\Perforce\dengw3_Liyuu_1160\GSAS-2540-01-F24\users\dengw3\dengw3_2DplatformGame\BuddahGo\Assets\FishNet\Runtime\Object\Synchronizing\MissingObjectPacketLength.cs", "C#", 0, -8, 0, 0, 0, 0, 0, 0, 0, -8
"c:\Users\dwh88\Perforce\dengw3_Liyuu_1160\GSAS-2540-01-F24\users\dengw3\dengw3_2DplatformGame\BuddahGo\Assets\FishNet\Runtime\Object\Synchronizing\ReadPermissions.cs", "C#", 0, -9, 0, 0, 0, 0, 0, -13, 0, -22
"c:\Users\dwh88\Perforce\dengw3_Liyuu_1160\GSAS-2540-01-F24\users\dengw3\dengw3_2DplatformGame\BuddahGo\Assets\FishNet\Runtime\Object\Synchronizing\SyncBase.cs", "C#", 0, -268, 0, 0, 0, 0, 0, -223, -52, -543
"c:\Users\dwh88\Perforce\dengw3_Liyuu_1160\GSAS-2540-01-F24\users\dengw3\dengw3_2DplatformGame\BuddahGo\Assets\FishNet\Runtime\Object\Synchronizing\SyncDictionary.cs", "C#", 0, -399, 0, 0, 0, 0, 0, -196, -85, -680
"c:\Users\dwh88\Perforce\dengw3_Liyuu_1160\GSAS-2540-01-F24\users\dengw3\dengw3_2DplatformGame\BuddahGo\Assets\FishNet\Runtime\Object\Synchronizing\SyncDictionaryOperation.cs", "C#", 0, -13, 0, 0, 0, 0, 0, -15, -1, -29
"c:\Users\dwh88\Perforce\dengw3_Liyuu_1160\GSAS-2540-01-F24\users\dengw3\dengw3_2DplatformGame\BuddahGo\Assets\FishNet\Runtime\Object\Synchronizing\SyncHashSetOperation.cs", "C#", 0, -13, 0, 0, 0, 0, 0, -15, -1, -29
"c:\Users\dwh88\Perforce\dengw3_Liyuu_1160\GSAS-2540-01-F24\users\dengw3\dengw3_2DplatformGame\BuddahGo\Assets\FishNet\Runtime\Object\Synchronizing\SyncHashset.cs", "C#", 0, -426, 0, 0, 0, 0, 0, -151, -90, -667
"c:\Users\dwh88\Perforce\dengw3_Liyuu_1160\GSAS-2540-01-F24\users\dengw3\dengw3_2DplatformGame\BuddahGo\Assets\FishNet\Runtime\Object\Synchronizing\SyncList.cs", "C#", 0, -459, 0, 0, 0, 0, 0, -228, -91, -778
"c:\Users\dwh88\Perforce\dengw3_Liyuu_1160\GSAS-2540-01-F24\users\dengw3\dengw3_2DplatformGame\BuddahGo\Assets\FishNet\Runtime\Object\Synchronizing\SyncListOperation.cs", "C#", 0, -14, 0, 0, 0, 0, 0, -18, -1, -33
"c:\Users\dwh88\Perforce\dengw3_Liyuu_1160\GSAS-2540-01-F24\users\dengw3\dengw3_2DplatformGame\BuddahGo\Assets\FishNet\Runtime\Object\Synchronizing\SyncStopwatch.cs", "C#", 0, -248, 0, 0, 0, 0, 0, -90, -50, -388
"c:\Users\dwh88\Perforce\dengw3_Liyuu_1160\GSAS-2540-01-F24\users\dengw3\dengw3_2DplatformGame\BuddahGo\Assets\FishNet\Runtime\Object\Synchronizing\SyncStopwatchOperation.cs", "C#", 0, -13, 0, 0, 0, 0, 0, -21, 0, -34
"c:\Users\dwh88\Perforce\dengw3_Liyuu_1160\GSAS-2540-01-F24\users\dengw3\dengw3_2DplatformGame\BuddahGo\Assets\FishNet\Runtime\Object\Synchronizing\SyncTimer.cs", "C#", 0, -295, 0, 0, 0, 0, 0, -131, -53, -479
"c:\Users\dwh88\Perforce\dengw3_Liyuu_1160\GSAS-2540-01-F24\users\dengw3\dengw3_2DplatformGame\BuddahGo\Assets\FishNet\Runtime\Object\Synchronizing\SyncTimerOperation.cs", "C#", 0, -14, 0, 0, 0, 0, 0, -24, 0, -38
"c:\Users\dwh88\Perforce\dengw3_Liyuu_1160\GSAS-2540-01-F24\users\dengw3\dengw3_2DplatformGame\BuddahGo\Assets\FishNet\Runtime\Object\Synchronizing\SyncTypeSetting.cs", "C#", 0, -65, 0, 0, 0, 0, 0, -4, -9, -78
"c:\Users\dwh88\Perforce\dengw3_Liyuu_1160\GSAS-2540-01-F24\users\dengw3\dengw3_2DplatformGame\BuddahGo\Assets\FishNet\Runtime\Object\Synchronizing\SyncTypeWriteFlag.cs", "C#", 0, -14, 0, 0, 0, 0, 0, 0, -1, -15
"c:\Users\dwh88\Perforce\dengw3_Liyuu_1160\GSAS-2540-01-F24\users\dengw3\dengw3_2DplatformGame\BuddahGo\Assets\FishNet\Runtime\Object\Synchronizing\SyncVar.cs", "C#", 0, -220, 0, 0, 0, 0, 0, -203, -50, -473
"c:\Users\dwh88\Perforce\dengw3_Liyuu_1160\GSAS-2540-01-F24\users\dengw3\dengw3_2DplatformGame\BuddahGo\Assets\FishNet\Runtime\Object\Synchronizing\WritePermissions.cs", "C#", 0, -8, 0, 0, 0, 0, 0, -9, 0, -17
"c:\Users\dwh88\Perforce\dengw3_Liyuu_1160\GSAS-2540-01-F24\users\dengw3\dengw3_2DplatformGame\BuddahGo\Assets\FishNet\Runtime\Object\TransformProperties.cs", "C#", 0, -148, 0, 0, 0, 0, 0, -36, -31, -215
"c:\Users\dwh88\Perforce\dengw3_Liyuu_1160\GSAS-2540-01-F24\users\dengw3\dengw3_2DplatformGame\BuddahGo\Assets\FishNet\Runtime\Object\TransformPropertiesFlag.cs", "C#", 0, -17, 0, 0, 0, 0, 0, -6, -2, -25
"c:\Users\dwh88\Perforce\dengw3_Liyuu_1160\GSAS-2540-01-F24\users\dengw3\dengw3_2DplatformGame\BuddahGo\Assets\FishNet\Runtime\Observing\Conditions\DistanceCondition.cs", "C#", 0, -57, 0, 0, 0, 0, 0, -38, -11, -106
"c:\Users\dwh88\Perforce\dengw3_Liyuu_1160\GSAS-2540-01-F24\users\dengw3\dengw3_2DplatformGame\BuddahGo\Assets\FishNet\Runtime\Observing\Conditions\GridCondition\GridCondition.cs", "C#", 0, -17, 0, 0, 0, 0, 0, -14, -3, -34
"c:\Users\dwh88\Perforce\dengw3_Liyuu_1160\GSAS-2540-01-F24\users\dengw3\dengw3_2DplatformGame\BuddahGo\Assets\FishNet\Runtime\Observing\Conditions\GridCondition\HashGrid.cs", "C#", 0, -181, 0, 0, 0, 0, 0, -56, -28, -265
"c:\Users\dwh88\Perforce\dengw3_Liyuu_1160\GSAS-2540-01-F24\users\dengw3\dengw3_2DplatformGame\BuddahGo\Assets\FishNet\Runtime\Observing\Conditions\HostOnlyCondition.cs", "C#", 0, -16, 0, 0, 0, 0, 0, -7, -2, -25
"c:\Users\dwh88\Perforce\dengw3_Liyuu_1160\GSAS-2540-01-F24\users\dengw3\dengw3_2DplatformGame\BuddahGo\Assets\FishNet\Runtime\Observing\Conditions\MatchCondition.cs", "C#", 0, -470, 0, 0, 0, 0, 0, -230, -85, -785
"c:\Users\dwh88\Perforce\dengw3_Liyuu_1160\GSAS-2540-01-F24\users\dengw3\dengw3_2DplatformGame\BuddahGo\Assets\FishNet\Runtime\Observing\Conditions\OwnerOnlyCondition.cs", "C#", 0, -16, 0, 0, 0, 0, 0, -15, -2, -33
"c:\Users\dwh88\Perforce\dengw3_Liyuu_1160\GSAS-2540-01-F24\users\dengw3\dengw3_2DplatformGame\BuddahGo\Assets\FishNet\Runtime\Observing\Conditions\SceneCondition.cs", "C#", 0, -19, 0, 0, 0, 0, 0, -15, -3, -37
"c:\Users\dwh88\Perforce\dengw3_Liyuu_1160\GSAS-2540-01-F24\users\dengw3\dengw3_2DplatformGame\BuddahGo\Assets\FishNet\Runtime\Observing\HostVisibilityUpdateTypes.cs", "C#", 0, -9, 0, 0, 0, 0, 0, -6, 0, -15
"c:\Users\dwh88\Perforce\dengw3_Liyuu_1160\GSAS-2540-01-F24\users\dengw3\dengw3_2DplatformGame\BuddahGo\Assets\FishNet\Runtime\Observing\NetworkObserver.Rework.cs", "C#", 0, 0, 0, 0, 0, 0, 0, -620, -2, -622
"c:\Users\dwh88\Perforce\dengw3_Liyuu_1160\GSAS-2540-01-F24\users\dengw3\dengw3_2DplatformGame\BuddahGo\Assets\FishNet\Runtime\Observing\NetworkObserver.cs", "C#", 0, -279, 0, 0, 0, 0, 0, -168, -51, -498
"c:\Users\dwh88\Perforce\dengw3_Liyuu_1160\GSAS-2540-01-F24\users\dengw3\dengw3_2DplatformGame\BuddahGo\Assets\FishNet\Runtime\Observing\ObserverCondition.cs", "C#", 0, -52, 0, 0, 0, 0, 0, -46, -11, -109
"c:\Users\dwh88\Perforce\dengw3_Liyuu_1160\GSAS-2540-01-F24\users\dengw3\dengw3_2DplatformGame\BuddahGo\Assets\FishNet\Runtime\Observing\ObserverConditionType.cs", "C#", 0, -8, 0, 0, 0, 0, 0, -10, 0, -18
"c:\Users\dwh88\Perforce\dengw3_Liyuu_1160\GSAS-2540-01-F24\users\dengw3\dengw3_2DplatformGame\BuddahGo\Assets\FishNet\Runtime\Observing\ObserverStateChange.cs", "C#", 0, -9, 0, 0, 0, 0, 0, -3, 0, -12
"c:\Users\dwh88\Perforce\dengw3_Liyuu_1160\GSAS-2540-01-F24\users\dengw3\dengw3_2DplatformGame\BuddahGo\Assets\FishNet\Runtime\Plugins\ColliderRollback\Scripts\ColliderRollback.Types.cs", "C#", 0, -15, 0, 0, 0, 0, 0, -6, -2, -23
"c:\Users\dwh88\Perforce\dengw3_Liyuu_1160\GSAS-2540-01-F24\users\dengw3\dengw3_2DplatformGame\BuddahGo\Assets\FishNet\Runtime\Plugins\ColliderRollback\Scripts\ColliderRollback.cs", "C#", 0, -27, 0, 0, 0, 0, 0, -12, -2, -41
"c:\Users\dwh88\Perforce\dengw3_Liyuu_1160\GSAS-2540-01-F24\users\dengw3\dengw3_2DplatformGame\BuddahGo\Assets\FishNet\Runtime\Plugins\ColliderRollback\Scripts\ColliderRollbackEditor.cs", "C#", 0, -45, 0, 0, 0, 0, 0, 0, -9, -54
"c:\Users\dwh88\Perforce\dengw3_Liyuu_1160\GSAS-2540-01-F24\users\dengw3\dengw3_2DplatformGame\BuddahGo\Assets\FishNet\Runtime\Plugins\ColliderRollback\Scripts\RollbackManager.cs", "C#", 0, -97, 0, 0, 0, 0, 0, -71, -17, -185
"c:\Users\dwh88\Perforce\dengw3_Liyuu_1160\GSAS-2540-01-F24\users\dengw3\dengw3_2DplatformGame\BuddahGo\Assets\FishNet\Runtime\Plugins\ColliderRollback\Scripts\RollbackPhysicsType.cs", "C#", 0, -10, 0, 0, 0, 0, 0, -3, 0, -13
"c:\Users\dwh88\Perforce\dengw3_Liyuu_1160\GSAS-2540-01-F24\users\dengw3\dengw3_2DplatformGame\BuddahGo\Assets\FishNet\Runtime\Plugins\GameKit\Dependencies\Editor\PlaceholderAttributes.cs", "C#", 0, -35, 0, 0, 0, 0, 0, 0, -7, -42
"c:\Users\dwh88\Perforce\dengw3_Liyuu_1160\GSAS-2540-01-F24\users\dengw3\dengw3_2DplatformGame\BuddahGo\Assets\FishNet\Runtime\Plugins\GameKit\Dependencies\GameKit.Dependencies.asmdef", "JSON", -22, 0, 0, 0, 0, 0, 0, 0, 0, -22
"c:\Users\dwh88\Perforce\dengw3_Liyuu_1160\GSAS-2540-01-F24\users\dengw3\dengw3_2DplatformGame\BuddahGo\Assets\FishNet\Runtime\Plugins\GameKit\Dependencies\Utilities\ApplicationState.cs", "C#", 0, -57, 0, 0, 0, 0, 0, -14, -5, -76
"c:\Users\dwh88\Perforce\dengw3_Liyuu_1160\GSAS-2540-01-F24\users\dengw3\dengw3_2DplatformGame\BuddahGo\Assets\FishNet\Runtime\Plugins\GameKit\Dependencies\Utilities\Arrays.cs", "C#", 0, -81, 0, 0, 0, 0, 0, -41, -13, -135
"c:\Users\dwh88\Perforce\dengw3_Liyuu_1160\GSAS-2540-01-F24\users\dengw3\dengw3_2DplatformGame\BuddahGo\Assets\FishNet\Runtime\Plugins\GameKit\Dependencies\Utilities\Bools.cs", "C#", 0, -10, 0, 0, 0, 0, 0, -3, 0, -13
"c:\Users\dwh88\Perforce\dengw3_Liyuu_1160\GSAS-2540-01-F24\users\dengw3\dengw3_2DplatformGame\BuddahGo\Assets\FishNet\Runtime\Plugins\GameKit\Dependencies\Utilities\Bytes.cs", "C#", 0, -22, 0, 0, 0, 0, 0, -39, -8, -69
"c:\Users\dwh88\Perforce\dengw3_Liyuu_1160\GSAS-2540-01-F24\users\dengw3\dengw3_2DplatformGame\BuddahGo\Assets\FishNet\Runtime\Plugins\GameKit\Dependencies\Utilities\CanvasGroups.cs", "C#", 0, -58, 0, 0, 0, 0, 0, -20, -12, -90
"c:\Users\dwh88\Perforce\dengw3_Liyuu_1160\GSAS-2540-01-F24\users\dengw3\dengw3_2DplatformGame\BuddahGo\Assets\FishNet\Runtime\Plugins\GameKit\Dependencies\Utilities\Colliders.cs", "C#", 0, -98, 0, 0, 0, 0, 0, -9, -53, -160
"c:\Users\dwh88\Perforce\dengw3_Liyuu_1160\GSAS-2540-01-F24\users\dengw3\dengw3_2DplatformGame\BuddahGo\Assets\FishNet\Runtime\Plugins\GameKit\Dependencies\Utilities\Dictionaries.cs", "C#", 0, -49, 0, 0, 0, 0, 0, -19, -11, -79
"c:\Users\dwh88\Perforce\dengw3_Liyuu_1160\GSAS-2540-01-F24\users\dengw3\dengw3_2DplatformGame\BuddahGo\Assets\FishNet\Runtime\Plugins\GameKit\Dependencies\Utilities\Disks.cs", "C#", 0, -62, 0, 0, 0, 0, 0, -27, -10, -99
"c:\Users\dwh88\Perforce\dengw3_Liyuu_1160\GSAS-2540-01-F24\users\dengw3\dengw3_2DplatformGame\BuddahGo\Assets\FishNet\Runtime\Plugins\GameKit\Dependencies\Utilities\Editing.cs", "C#", 0, 0, 0, 0, 0, 0, 0, -12, -2, -14
"c:\Users\dwh88\Perforce\dengw3_Liyuu_1160\GSAS-2540-01-F24\users\dengw3\dengw3_2DplatformGame\BuddahGo\Assets\FishNet\Runtime\Plugins\GameKit\Dependencies\Utilities\EditorTools.cs", "C#", 0, -163, 0, 0, 0, 0, 0, -106, -58, -327
"c:\Users\dwh88\Perforce\dengw3_Liyuu_1160\GSAS-2540-01-F24\users\dengw3\dengw3_2DplatformGame\BuddahGo\Assets\FishNet\Runtime\Plugins\GameKit\Dependencies\Utilities\Enums.cs", "C#", 0, -52, 0, 0, 0, 0, 0, -64, -14, -130
"c:\Users\dwh88\Perforce\dengw3_Liyuu_1160\GSAS-2540-01-F24\users\dengw3\dengw3_2DplatformGame\BuddahGo\Assets\FishNet\Runtime\Plugins\GameKit\Dependencies\Utilities\Floats.cs", "C#", 0, -117, 0, 0, 0, 0, 0, -85, -26, -228
"c:\Users\dwh88\Perforce\dengw3_Liyuu_1160\GSAS-2540-01-F24\users\dengw3\dengw3_2DplatformGame\BuddahGo\Assets\FishNet\Runtime\Plugins\GameKit\Dependencies\Utilities\HashSets.cs", "C#", 0, -25, 0, 0, 0, 0, 0, -12, -7, -44
"c:\Users\dwh88\Perforce\dengw3_Liyuu_1160\GSAS-2540-01-F24\users\dengw3\dengw3_2DplatformGame\BuddahGo\Assets\FishNet\Runtime\Plugins\GameKit\Dependencies\Utilities\Hashing.cs", "C#", 0, -43, 0, 0, 0, 0, 0, -27, -4, -74
"c:\Users\dwh88\Perforce\dengw3_Liyuu_1160\GSAS-2540-01-F24\users\dengw3\dengw3_2DplatformGame\BuddahGo\Assets\FishNet\Runtime\Plugins\GameKit\Dependencies\Utilities\IOs.cs", "C#", 0, -40, 0, 0, 0, 0, 0, -15, -4, -59
"c:\Users\dwh88\Perforce\dengw3_Liyuu_1160\GSAS-2540-01-F24\users\dengw3\dengw3_2DplatformGame\BuddahGo\Assets\FishNet\Runtime\Plugins\GameKit\Dependencies\Utilities\Ints.cs", "C#", 0, -43, 0, 0, 0, 0, 0, -37, -9, -89
"c:\Users\dwh88\Perforce\dengw3_Liyuu_1160\GSAS-2540-01-F24\users\dengw3\dengw3_2DplatformGame\BuddahGo\Assets\FishNet\Runtime\Plugins\GameKit\Dependencies\Utilities\Layers.cs", "C#", 0, -57, 0, 0, 0, 0, 0, -37, -10, -104
"c:\Users\dwh88\Perforce\dengw3_Liyuu_1160\GSAS-2540-01-F24\users\dengw3\dengw3_2DplatformGame\BuddahGo\Assets\FishNet\Runtime\Plugins\GameKit\Dependencies\Utilities\LayoutGroups.cs", "C#", 0, -13, 0, 0, 0, 0, 0, -3, -1, -17
"c:\Users\dwh88\Perforce\dengw3_Liyuu_1160\GSAS-2540-01-F24\users\dengw3\dengw3_2DplatformGame\BuddahGo\Assets\FishNet\Runtime\Plugins\GameKit\Dependencies\Utilities\Lists.cs", "C#", 0, -29, 0, 0, 0, 0, 0, -6, -10, -45
"c:\Users\dwh88\Perforce\dengw3_Liyuu_1160\GSAS-2540-01-F24\users\dengw3\dengw3_2DplatformGame\BuddahGo\Assets\FishNet\Runtime\Plugins\GameKit\Dependencies\Utilities\Materials.cs", "C#", 0, -22, 0, 0, 0, 0, 0, -9, -3, -34
"c:\Users\dwh88\Perforce\dengw3_Liyuu_1160\GSAS-2540-01-F24\users\dengw3\dengw3_2DplatformGame\BuddahGo\Assets\FishNet\Runtime\Plugins\GameKit\Dependencies\Utilities\Maths.cs", "C#", 0, -33, 0, 0, 0, 0, 0, -9, -2, -44
"c:\Users\dwh88\Perforce\dengw3_Liyuu_1160\GSAS-2540-01-F24\users\dengw3\dengw3_2DplatformGame\BuddahGo\Assets\FishNet\Runtime\Plugins\GameKit\Dependencies\Utilities\NewInput.cs", "C#", 0, -153, 0, 0, 0, 0, 0, -21, -26, -200
"c:\Users\dwh88\Perforce\dengw3_Liyuu_1160\GSAS-2540-01-F24\users\dengw3\dengw3_2DplatformGame\BuddahGo\Assets\FishNet\Runtime\Plugins\GameKit\Dependencies\Utilities\ObjectCaching.cs", "C#", 0, -441, 0, 0, 0, 0, 0, -336, -115, -892
"c:\Users\dwh88\Perforce\dengw3_Liyuu_1160\GSAS-2540-01-F24\users\dengw3\dengw3_2DplatformGame\BuddahGo\Assets\FishNet\Runtime\Plugins\GameKit\Dependencies\Utilities\ObjectPool.cs", "C#", 0, 0, 0, 0, 0, 0, 0, -340, -2, -342
"c:\Users\dwh88\Perforce\dengw3_Liyuu_1160\GSAS-2540-01-F24\users\dengw3\dengw3_2DplatformGame\BuddahGo\Assets\FishNet\Runtime\Plugins\GameKit\Dependencies\Utilities\Objects.cs", "C#", 0, -40, 0, 0, 0, 0, 0, -18, -5, -63
"c:\Users\dwh88\Perforce\dengw3_Liyuu_1160\GSAS-2540-01-F24\users\dengw3\dengw3_2DplatformGame\BuddahGo\Assets\FishNet\Runtime\Plugins\GameKit\Dependencies\Utilities\Particles.cs", "C#", 0, -65, 0, 0, 0, 0, 0, -28, -13, -106
"c:\Users\dwh88\Perforce\dengw3_Liyuu_1160\GSAS-2540-01-F24\users\dengw3\dengw3_2DplatformGame\BuddahGo\Assets\FishNet\Runtime\Plugins\GameKit\Dependencies\Utilities\Quaternions.cs", "C#", 0, -33, 0, 0, 0, 0, 0, -24, -5, -62
"c:\Users\dwh88\Perforce\dengw3_Liyuu_1160\GSAS-2540-01-F24\users\dengw3\dengw3_2DplatformGame\BuddahGo\Assets\FishNet\Runtime\Plugins\GameKit\Dependencies\Utilities\Strings.cs", "C#", 0, -69, 0, 0, 0, 0, 0, -38, -13, -120
"c:\Users\dwh88\Perforce\dengw3_Liyuu_1160\GSAS-2540-01-F24\users\dengw3\dengw3_2DplatformGame\BuddahGo\Assets\FishNet\Runtime\Plugins\GameKit\Dependencies\Utilities\Transforms.cs", "C#", 0, -116, 0, 0, 0, 0, 0, -58, -21, -195
"c:\Users\dwh88\Perforce\dengw3_Liyuu_1160\GSAS-2540-01-F24\users\dengw3\dengw3_2DplatformGame\BuddahGo\Assets\FishNet\Runtime\Plugins\GameKit\Dependencies\Utilities\Types\BasicQueue.cs", "C#", 0, -140, 0, 0, 0, 0, 0, -76, -26, -242
"c:\Users\dwh88\Perforce\dengw3_Liyuu_1160\GSAS-2540-01-F24\users\dengw3\dengw3_2DplatformGame\BuddahGo\Assets\FishNet\Runtime\Plugins\GameKit\Dependencies\Utilities\Types\ByteRange.cs", "C#", 0, -19, 0, 0, 0, 0, 0, -20, -6, -45
"c:\Users\dwh88\Perforce\dengw3_Liyuu_1160\GSAS-2540-01-F24\users\dengw3\dengw3_2DplatformGame\BuddahGo\Assets\FishNet\Runtime\Plugins\GameKit\Dependencies\Utilities\Types\CanvasGroupFader.cs", "C#", 0, -148, 0, 0, 0, 0, 0, -66, -22, -236
"c:\Users\dwh88\Perforce\dengw3_Liyuu_1160\GSAS-2540-01-F24\users\dengw3\dengw3_2DplatformGame\BuddahGo\Assets\FishNet\Runtime\Plugins\GameKit\Dependencies\Utilities\Types\Canvases\ButtonData.cs", "C#", 0, -29, 0, 0, 0, 0, 0, -22, -7, -58
"c:\Users\dwh88\Perforce\dengw3_Liyuu_1160\GSAS-2540-01-F24\users\dengw3\dengw3_2DplatformGame\BuddahGo\Assets\FishNet\Runtime\Plugins\GameKit\Dependencies\Utilities\Types\Canvases\CanvasTracker.cs", "C#", 0, -62, 0, 0, 0, 0, 0, -45, -13, -120
"c:\Users\dwh88\Perforce\dengw3_Liyuu_1160\GSAS-2540-01-F24\users\dengw3\dengw3_2DplatformGame\BuddahGo\Assets\FishNet\Runtime\Plugins\GameKit\Dependencies\Utilities\Types\Canvases\FloatingContainer.cs", "C#", 0, -124, 0, 0, 0, 0, 0, -90, -19, -233
"c:\Users\dwh88\Perforce\dengw3_Liyuu_1160\GSAS-2540-01-F24\users\dengw3\dengw3_2DplatformGame\BuddahGo\Assets\FishNet\Runtime\Plugins\GameKit\Dependencies\Utilities\Types\Canvases\FloatingImage.cs", "C#", 0, -19, 0, 0, 0, 0, 0, -8, -3, -30
"c:\Users\dwh88\Perforce\dengw3_Liyuu_1160\GSAS-2540-01-F24\users\dengw3\dengw3_2DplatformGame\BuddahGo\Assets\FishNet\Runtime\Plugins\GameKit\Dependencies\Utilities\Types\Canvases\FloatingOptions.cs", "C#", 0, -24, 0, 0, 0, 0, 0, -11, -3, -38
"c:\Users\dwh88\Perforce\dengw3_Liyuu_1160\GSAS-2540-01-F24\users\dengw3\dengw3_2DplatformGame\BuddahGo\Assets\FishNet\Runtime\Plugins\GameKit\Dependencies\Utilities\Types\Canvases\ImageButtonData.cs", "C#", 0, -21, 0, 0, 0, 0, 0, -10, -3, -34
"c:\Users\dwh88\Perforce\dengw3_Liyuu_1160\GSAS-2540-01-F24\users\dengw3\dengw3_2DplatformGame\BuddahGo\Assets\FishNet\Runtime\Plugins\GameKit\Dependencies\Utilities\Types\Canvases\ImageOptionButton.cs", "C#", 0, -21, 0, 0, 0, 0, 0, -3, -2, -26
"c:\Users\dwh88\Perforce\dengw3_Liyuu_1160\GSAS-2540-01-F24\users\dengw3\dengw3_2DplatformGame\BuddahGo\Assets\FishNet\Runtime\Plugins\GameKit\Dependencies\Utilities\Types\Canvases\OptionButton.cs", "C#", 0, -23, 0, 0, 0, 0, 0, -6, -3, -32
"c:\Users\dwh88\Perforce\dengw3_Liyuu_1160\GSAS-2540-01-F24\users\dengw3\dengw3_2DplatformGame\BuddahGo\Assets\FishNet\Runtime\Plugins\GameKit\Dependencies\Utilities\Types\Canvases\RectTransformResizer.cs", "C#", 0, -72, 0, 0, 0, 0, 0, -23, -12, -107
"c:\Users\dwh88\Perforce\dengw3_Liyuu_1160\GSAS-2540-01-F24\users\dengw3\dengw3_2DplatformGame\BuddahGo\Assets\FishNet\Runtime\Plugins\GameKit\Dependencies\Utilities\Types\Canvases\ResizableContainer.cs", "C#", 0, -31, 0, 0, 0, 0, 0, -14, -3, -48
"c:\Users\dwh88\Perforce\dengw3_Liyuu_1160\GSAS-2540-01-F24\users\dengw3\dengw3_2DplatformGame\BuddahGo\Assets\FishNet\Runtime\Plugins\GameKit\Dependencies\Utilities\Types\DDOL.cs", "C#", 0, -27, 0, 0, 0, 0, 0, -8, -2, -37
"c:\Users\dwh88\Perforce\dengw3_Liyuu_1160\GSAS-2540-01-F24\users\dengw3\dengw3_2DplatformGame\BuddahGo\Assets\FishNet\Runtime\Plugins\GameKit\Dependencies\Utilities\Types\Editor\SceneDrawer.cs", "C#", 0, -44, 0, 0, 0, 0, 0, -2, -5, -51
"c:\Users\dwh88\Perforce\dengw3_Liyuu_1160\GSAS-2540-01-F24\users\dengw3\dengw3_2DplatformGame\BuddahGo\Assets\FishNet\Runtime\Plugins\GameKit\Dependencies\Utilities\Types\FloatRange.cs", "C#", 0, -23, 0, 0, 0, 0, 0, -10, -4, -37
"c:\Users\dwh88\Perforce\dengw3_Liyuu_1160\GSAS-2540-01-F24\users\dengw3\dengw3_2DplatformGame\BuddahGo\Assets\FishNet\Runtime\Plugins\GameKit\Dependencies\Utilities\Types\FloatRange2D.cs", "C#", 0, -36, 0, 0, 0, 0, 0, 0, -7, -43
"c:\Users\dwh88\Perforce\dengw3_Liyuu_1160\GSAS-2540-01-F24\users\dengw3\dengw3_2DplatformGame\BuddahGo\Assets\FishNet\Runtime\Plugins\GameKit\Dependencies\Utilities\Types\IOrderable.cs", "C#", 0, -7, 0, 0, 0, 0, 0, 0, 0, -7
"c:\Users\dwh88\Perforce\dengw3_Liyuu_1160\GSAS-2540-01-F24\users\dengw3\dengw3_2DplatformGame\BuddahGo\Assets\FishNet\Runtime\Plugins\GameKit\Dependencies\Utilities\Types\IntRange.cs", "C#", 0, -30, 0, 0, 0, 0, 0, -19, -4, -53
"c:\Users\dwh88\Perforce\dengw3_Liyuu_1160\GSAS-2540-01-F24\users\dengw3\dengw3_2DplatformGame\BuddahGo\Assets\FishNet\Runtime\Plugins\GameKit\Dependencies\Utilities\Types\ObjectPooling\Demo\Scripts\Projectile.cs", "C#", 0, -62, 0, 0, 0, 0, 0, -12, -9, -83
"c:\Users\dwh88\Perforce\dengw3_Liyuu_1160\GSAS-2540-01-F24\users\dengw3\dengw3_2DplatformGame\BuddahGo\Assets\FishNet\Runtime\Plugins\GameKit\Dependencies\Utilities\Types\ObjectPooling\Demo\Scripts\ProjectileSpawner.cs", "C#", 0, -25, 0, 0, 0, 0, 0, -1, -4, -30
"c:\Users\dwh88\Perforce\dengw3_Liyuu_1160\GSAS-2540-01-F24\users\dengw3\dengw3_2DplatformGame\BuddahGo\Assets\FishNet\Runtime\Plugins\GameKit\Dependencies\Utilities\Types\ObjectPooling\Scripts\ListStack.cs", "C#", 0, -92, 0, 0, 0, 0, 0, -44, -13, -149
"c:\Users\dwh88\Perforce\dengw3_Liyuu_1160\GSAS-2540-01-F24\users\dengw3\dengw3_2DplatformGame\BuddahGo\Assets\FishNet\Runtime\Plugins\GameKit\Dependencies\Utilities\Types\ObjectPooling\Scripts\ObjectPool.cs", "C#", 0, -365, 0, 0, 0, 0, 0, -194, -79, -638
"c:\Users\dwh88\Perforce\dengw3_Liyuu_1160\GSAS-2540-01-F24\users\dengw3\dengw3_2DplatformGame\BuddahGo\Assets\FishNet\Runtime\Plugins\GameKit\Dependencies\Utilities\Types\ObjectPooling\Scripts\PoolData.cs", "C#", 0, -32, 0, 0, 0, 0, 0, -19, -7, -58
"c:\Users\dwh88\Perforce\dengw3_Liyuu_1160\GSAS-2540-01-F24\users\dengw3\dengw3_2DplatformGame\BuddahGo\Assets\FishNet\Runtime\Plugins\GameKit\Dependencies\Utilities\Types\PointerMonoBehaviour.cs", "C#", 0, -14, 0, 0, 0, 0, 0, -12, -5, -31
"c:\Users\dwh88\Perforce\dengw3_Liyuu_1160\GSAS-2540-01-F24\users\dengw3\dengw3_2DplatformGame\BuddahGo\Assets\FishNet\Runtime\Plugins\GameKit\Dependencies\Utilities\Types\ResettableRingBuffer.cs", "C#", 0, -336, 0, 0, 0, 0, 0, -163, -61, -560
"c:\Users\dwh88\Perforce\dengw3_Liyuu_1160\GSAS-2540-01-F24\users\dengw3\dengw3_2DplatformGame\BuddahGo\Assets\FishNet\Runtime\Plugins\GameKit\Dependencies\Utilities\Types\RingBuffer.cs", "C#", 0, -277, 0, 0, 0, 0, 0, -133, -57, -467
"c:\Users\dwh88\Perforce\dengw3_Liyuu_1160\GSAS-2540-01-F24\users\dengw3\dengw3_2DplatformGame\BuddahGo\Assets\FishNet\Runtime\Plugins\GameKit\Dependencies\Utilities\Types\SceneAttribute.cs", "C#", 0, -5, 0, 0, 0, 0, 0, -4, -2, -11
"c:\Users\dwh88\Perforce\dengw3_Liyuu_1160\GSAS-2540-01-F24\users\dengw3\dengw3_2DplatformGame\BuddahGo\Assets\FishNet\Runtime\Plugins\GameKit\Dependencies\Utilities\Types\ScrollbarValueSetter.cs", "C#", 0, -32, 0, 0, 0, 0, 0, -23, -5, -60
"c:\Users\dwh88\Perforce\dengw3_Liyuu_1160\GSAS-2540-01-F24\users\dengw3\dengw3_2DplatformGame\BuddahGo\Assets\FishNet\Runtime\Plugins\GameKit\Dependencies\Utilities\Types\SingletonScriptableObject.cs", "C#", 0, -31, 0, 0, 0, 0, 0, -4, -3, -38
"c:\Users\dwh88\Perforce\dengw3_Liyuu_1160\GSAS-2540-01-F24\users\dengw3\dengw3_2DplatformGame\BuddahGo\Assets\FishNet\Runtime\Plugins\GameKit\Dependencies\Utilities\Types\SmoothCameraTarget.cs", "C#", 0, -27, 0, 0, 0, 0, 0, -11, -2, -40
"c:\Users\dwh88\Perforce\dengw3_Liyuu_1160\GSAS-2540-01-F24\users\dengw3\dengw3_2DplatformGame\BuddahGo\Assets\FishNet\Runtime\Plugins\GameKit\Dependencies\Utilities\Types\TimedOperation.cs", "C#", 0, -54, 0, 0, 0, 0, 0, -34, -6, -94
"c:\Users\dwh88\Perforce\dengw3_Liyuu_1160\GSAS-2540-01-F24\users\dengw3\dengw3_2DplatformGame\BuddahGo\Assets\FishNet\Runtime\Plugins\GameKit\Dependencies\Utilities\Types\UIntRange.cs", "C#", 0, -21, 0, 0, 0, 0, 0, -20, -5, -46
"c:\Users\dwh88\Perforce\dengw3_Liyuu_1160\GSAS-2540-01-F24\users\dengw3\dengw3_2DplatformGame\BuddahGo\Assets\FishNet\Runtime\Plugins\GameKit\Dependencies\Utilities\Types\Vector2Range.cs", "C#", 0, -24, 0, 0, 0, 0, 0, -10, -4, -38
"c:\Users\dwh88\Perforce\dengw3_Liyuu_1160\GSAS-2540-01-F24\users\dengw3\dengw3_2DplatformGame\BuddahGo\Assets\FishNet\Runtime\Plugins\GameKit\Dependencies\Utilities\UInts.cs", "C#", 0, -28, 0, 0, 0, 0, 0, -33, -7, -68
"c:\Users\dwh88\Perforce\dengw3_Liyuu_1160\GSAS-2540-01-F24\users\dengw3\dengw3_2DplatformGame\BuddahGo\Assets\FishNet\Runtime\Plugins\GameKit\Dependencies\Utilities\Vectors.cs", "C#", 0, -117, 0, 0, 0, 0, 0, -118, -19, -254
"c:\Users\dwh88\Perforce\dengw3_Liyuu_1160\GSAS-2540-01-F24\users\dengw3\dengw3_2DplatformGame\BuddahGo\Assets\FishNet\Runtime\Plugins\GameKit\Dependencies\Utilities\WeightedRandom.cs", "C#", 0, -61, 0, 0, 0, 0, 0, -21, -11, -93
"c:\Users\dwh88\Perforce\dengw3_Liyuu_1160\GSAS-2540-01-F24\users\dengw3\dengw3_2DplatformGame\BuddahGo\Assets\FishNet\Runtime\Plugins\Yak\Core\ClientSocket.cs", "C#", 0, -23, 0, 0, 0, 0, 0, -15, -4, -42
"c:\Users\dwh88\Perforce\dengw3_Liyuu_1160\GSAS-2540-01-F24\users\dengw3\dengw3_2DplatformGame\BuddahGo\Assets\FishNet\Runtime\Plugins\Yak\Core\CommonSocket.cs", "C#", 0, -24, 0, 0, 0, 0, 0, -16, -6, -46
"c:\Users\dwh88\Perforce\dengw3_Liyuu_1160\GSAS-2540-01-F24\users\dengw3\dengw3_2DplatformGame\BuddahGo\Assets\FishNet\Runtime\Plugins\Yak\Core\LocalPacket.cs", "C#", 0, -8, 0, 0, 0, 0, 0, 0, -1, -9
"c:\Users\dwh88\Perforce\dengw3_Liyuu_1160\GSAS-2540-01-F24\users\dengw3\dengw3_2DplatformGame\BuddahGo\Assets\FishNet\Runtime\Plugins\Yak\Core\ServerSocket.cs", "C#", 0, -37, 0, 0, 0, 0, 0, -23, -7, -67
"c:\Users\dwh88\Perforce\dengw3_Liyuu_1160\GSAS-2540-01-F24\users\dengw3\dengw3_2DplatformGame\BuddahGo\Assets\FishNet\Runtime\Plugins\Yak\Yak.cs", "C#", 0, -140, 0, 0, 0, 0, 0, -143, -33, -316
"c:\Users\dwh88\Perforce\dengw3_Liyuu_1160\GSAS-2540-01-F24\users\dengw3\dengw3_2DplatformGame\BuddahGo\Assets\FishNet\Runtime\Serializing\AutoPackType.cs", "C#", 0, -9, 0, 0, 0, 0, 0, -12, 0, -21
"c:\Users\dwh88\Perforce\dengw3_Liyuu_1160\GSAS-2540-01-F24\users\dengw3\dengw3_2DplatformGame\BuddahGo\Assets\FishNet\Runtime\Serializing\DeltaSerializerOption.cs", "C#", 0, -14, 0, 0, 0, 0, 0, 0, -1, -15
"c:\Users\dwh88\Perforce\dengw3_Liyuu_1160\GSAS-2540-01-F24\users\dengw3\dengw3_2DplatformGame\BuddahGo\Assets\FishNet\Runtime\Serializing\DeltaTypes.cs", "C#", 0, -65, 0, 0, 0, 0, 0, -110, -6, -181
"c:\Users\dwh88\Perforce\dengw3_Liyuu_1160\GSAS-2540-01-F24\users\dengw3\dengw3_2DplatformGame\BuddahGo\Assets\FishNet\Runtime\Serializing\GenericDeltaReader.cs", "C#", 0, -24, 0, 0, 0, 0, 0, -12, -5, -41
"c:\Users\dwh88\Perforce\dengw3_Liyuu_1160\GSAS-2540-01-F24\users\dengw3\dengw3_2DplatformGame\BuddahGo\Assets\FishNet\Runtime\Serializing\GenericDeltaWriter.cs", "C#", 0, -25, 0, 0, 0, 0, 0, -12, -5, -42
"c:\Users\dwh88\Perforce\dengw3_Liyuu_1160\GSAS-2540-01-F24\users\dengw3\dengw3_2DplatformGame\BuddahGo\Assets\FishNet\Runtime\Serializing\GenericReader.cs", "C#", 0, -25, 0, 0, 0, 0, 0, -11, -6, -42
"c:\Users\dwh88\Perforce\dengw3_Liyuu_1160\GSAS-2540-01-F24\users\dengw3\dengw3_2DplatformGame\BuddahGo\Assets\FishNet\Runtime\Serializing\GenericWriter.cs", "C#", 0, -24, 0, 0, 0, 0, 0, -10, -6, -40
"c:\Users\dwh88\Perforce\dengw3_Liyuu_1160\GSAS-2540-01-F24\users\dengw3\dengw3_2DplatformGame\BuddahGo\Assets\FishNet\Runtime\Serializing\Helping\Broadcasts.cs", "C#", 0, -122, 0, 0, 0, 0, 0, -74, -22, -218
"c:\Users\dwh88\Perforce\dengw3_Liyuu_1160\GSAS-2540-01-F24\users\dengw3\dengw3_2DplatformGame\BuddahGo\Assets\FishNet\Runtime\Serializing\Helping\Comparers.cs", "C#", 0, -41, 0, 0, 0, 0, 0, -13, -8, -62
"c:\Users\dwh88\Perforce\dengw3_Liyuu_1160\GSAS-2540-01-F24\users\dengw3\dengw3_2DplatformGame\BuddahGo\Assets\FishNet\Runtime\Serializing\Helping\Quaternion32Compression.cs", "C#", 0, -157, 0, 0, 0, 0, 0, -17, -24, -198
"c:\Users\dwh88\Perforce\dengw3_Liyuu_1160\GSAS-2540-01-F24\users\dengw3\dengw3_2DplatformGame\BuddahGo\Assets\FishNet\Runtime\Serializing\Helping\Quaternion64Compression.cs", "C#", 0, -146, 0, 0, 0, 0, 0, -15, -19, -180
"c:\Users\dwh88\Perforce\dengw3_Liyuu_1160\GSAS-2540-01-F24\users\dengw3\dengw3_2DplatformGame\BuddahGo\Assets\FishNet\Runtime\Serializing\Helping\QuaternionAutoPack.cs", "C#", 0, -33, 0, 0, 0, 0, 0, 0, -8, -41
"c:\Users\dwh88\Perforce\dengw3_Liyuu_1160\GSAS-2540-01-F24\users\dengw3\dengw3_2DplatformGame\BuddahGo\Assets\FishNet\Runtime\Serializing\Helping\QuaternionConverter.cs", "C#", 0, -10, 0, 0, 0, 0, 0, 0, 0, -10
"c:\Users\dwh88\Perforce\dengw3_Liyuu_1160\GSAS-2540-01-F24\users\dengw3\dengw3_2DplatformGame\BuddahGo\Assets\FishNet\Runtime\Serializing\Helping\QuaternionDeltaPrecisionCompression.cs", "C#", 0, -178, 0, 0, 0, 0, 0, -57, -43, -278
"c:\Users\dwh88\Perforce\dengw3_Liyuu_1160\GSAS-2540-01-F24\users\dengw3\dengw3_2DplatformGame\BuddahGo\Assets\FishNet\Runtime\Serializing\Helping\QuaternionPrecisionCompression.cs", "C#", 0, -132, 0, 0, 0, 0, 0, -45, -33, -210
"c:\Users\dwh88\Perforce\dengw3_Liyuu_1160\GSAS-2540-01-F24\users\dengw3\dengw3_2DplatformGame\BuddahGo\Assets\FishNet\Runtime\Serializing\Helping\ReservedWriters.cs", "C#", 0, -103, 0, 0, 0, 0, 0, -36, -20, -159
"c:\Users\dwh88\Perforce\dengw3_Liyuu_1160\GSAS-2540-01-F24\users\dengw3\dengw3_2DplatformGame\BuddahGo\Assets\FishNet\Runtime\Serializing\Helping\ValueConversions.cs", "C#", 0, -30, 0, 0, 0, 0, 0, 0, -3, -33
"c:\Users\dwh88\Perforce\dengw3_Liyuu_1160\GSAS-2540-01-F24\users\dengw3\dengw3_2DplatformGame\BuddahGo\Assets\FishNet\Runtime\Serializing\Reader.Delta.cs", "C#", 0, -308, 0, 0, 0, 0, 0, -110, -50, -468
"c:\Users\dwh88\Perforce\dengw3_Liyuu_1160\GSAS-2540-01-F24\users\dengw3\dengw3_2DplatformGame\BuddahGo\Assets\FishNet\Runtime\Serializing\Reader.cs", "C#", 0, -879, 0, 0, 0, 0, 0, -576, -216, -1671
"c:\Users\dwh88\Perforce\dengw3_Liyuu_1160\GSAS-2540-01-F24\users\dengw3\dengw3_2DplatformGame\BuddahGo\Assets\FishNet\Runtime\Serializing\ReaderExtensions.cs", "C#", 0, -12, 0, 0, 0, 0, 0, -3, -1, -16
"c:\Users\dwh88\Perforce\dengw3_Liyuu_1160\GSAS-2540-01-F24\users\dengw3\dengw3_2DplatformGame\BuddahGo\Assets\FishNet\Runtime\Serializing\ReaderPool.cs", "C#", 0, -50, 0, 0, 0, 0, 0, -22, -9, -81
"c:\Users\dwh88\Perforce\dengw3_Liyuu_1160\GSAS-2540-01-F24\users\dengw3\dengw3_2DplatformGame\BuddahGo\Assets\FishNet\Runtime\Serializing\ReaderStatics.cs", "C#", 0, 0, 0, 0, 0, 0, 0, -1, -2, -3
"c:\Users\dwh88\Perforce\dengw3_Liyuu_1160\GSAS-2540-01-F24\users\dengw3\dengw3_2DplatformGame\BuddahGo\Assets\FishNet\Runtime\Serializing\SceneComparer.cs", "C#", 0, -16, 0, 0, 0, 0, 0, 0, -2, -18
"c:\Users\dwh88\Perforce\dengw3_Liyuu_1160\GSAS-2540-01-F24\users\dengw3\dengw3_2DplatformGame\BuddahGo\Assets\FishNet\Runtime\Serializing\SubStream\Reader.SubStream.cs", "C#", 0, -15, 0, 0, 0, 0, 0, -7, -2, -24
"c:\Users\dwh88\Perforce\dengw3_Liyuu_1160\GSAS-2540-01-F24\users\dengw3\dengw3_2DplatformGame\BuddahGo\Assets\FishNet\Runtime\Serializing\SubStream\SubStream.cs", "C#", 0, -133, 0, 0, 0, 0, 0, -75, -24, -232
"c:\Users\dwh88\Perforce\dengw3_Liyuu_1160\GSAS-2540-01-F24\users\dengw3\dengw3_2DplatformGame\BuddahGo\Assets\FishNet\Runtime\Serializing\SubStream\Writer.SubStream.cs", "C#", 0, -19, 0, 0, 0, 0, 0, -6, -1, -26
"c:\Users\dwh88\Perforce\dengw3_Liyuu_1160\GSAS-2540-01-F24\users\dengw3\dengw3_2DplatformGame\BuddahGo\Assets\FishNet\Runtime\Serializing\TransformPackingData.cs", "C#", 0, -10, 0, 0, 0, 0, 0, 0, 0, -10
"c:\Users\dwh88\Perforce\dengw3_Liyuu_1160\GSAS-2540-01-F24\users\dengw3\dengw3_2DplatformGame\BuddahGo\Assets\FishNet\Runtime\Serializing\UnityMathmatics\Serializers.UnityMathmaticsBoolean.cs", "C#", 0, -413, 0, 0, 0, 0, 0, 0, -77, -490
"c:\Users\dwh88\Perforce\dengw3_Liyuu_1160\GSAS-2540-01-F24\users\dengw3\dengw3_2DplatformGame\BuddahGo\Assets\FishNet\Runtime\Serializing\UnityMathmatics\Serializers.UnityMathmaticsDouble.cs", "C#", 0, -193, 0, 0, 0, 0, 0, 0, -24, -217
"c:\Users\dwh88\Perforce\dengw3_Liyuu_1160\GSAS-2540-01-F24\users\dengw3\dengw3_2DplatformGame\BuddahGo\Assets\FishNet\Runtime\Serializing\UnityMathmatics\Serializers.UnityMathmaticsFloat.cs", "C#", 0, -193, 0, 0, 0, 0, 0, 0, -24, -217
"c:\Users\dwh88\Perforce\dengw3_Liyuu_1160\GSAS-2540-01-F24\users\dengw3\dengw3_2DplatformGame\BuddahGo\Assets\FishNet\Runtime\Serializing\UnityMathmatics\Serializers.UnityMathmaticsHalf.cs", "C#", 0, -63, 0, 0, 0, 0, 0, 0, -14, -77
"c:\Users\dwh88\Perforce\dengw3_Liyuu_1160\GSAS-2540-01-F24\users\dengw3\dengw3_2DplatformGame\BuddahGo\Assets\FishNet\Runtime\Serializing\UnityMathmatics\Serializers.UnityMathmaticsInt.cs", "C#", 0, -193, 0, 0, 0, 0, 0, 0, -24, -217
"c:\Users\dwh88\Perforce\dengw3_Liyuu_1160\GSAS-2540-01-F24\users\dengw3\dengw3_2DplatformGame\BuddahGo\Assets\FishNet\Runtime\Serializing\UnityMathmatics\Serializers.UnityMathmaticsMisc.cs", "C#", 0, -77, 0, 0, 0, 0, 0, 0, -7, -84
"c:\Users\dwh88\Perforce\dengw3_Liyuu_1160\GSAS-2540-01-F24\users\dengw3\dengw3_2DplatformGame\BuddahGo\Assets\FishNet\Runtime\Serializing\UnityMathmatics\Serializers.UnityMathmaticsUInt.cs", "C#", 0, -193, 0, 0, 0, 0, 0, 0, -24, -217
"c:\Users\dwh88\Perforce\dengw3_Liyuu_1160\GSAS-2540-01-F24\users\dengw3\dengw3_2DplatformGame\BuddahGo\Assets\FishNet\Runtime\Serializing\Writer.Delta.cs", "C#", 0, -578, 0, 0, 0, 0, 0, -150, -105, -833
"c:\Users\dwh88\Perforce\dengw3_Liyuu_1160\GSAS-2540-01-F24\users\dengw3\dengw3_2DplatformGame\BuddahGo\Assets\FishNet\Runtime\Serializing\Writer.cs", "C#", 0, -695, 0, 0, 0, 0, 0, -501, -137, -1333
"c:\Users\dwh88\Perforce\dengw3_Liyuu_1160\GSAS-2540-01-F24\users\dengw3\dengw3_2DplatformGame\BuddahGo\Assets\FishNet\Runtime\Serializing\WriterExtensions.cs", "C#", 0, 0, 0, 0, 0, 0, 0, -82, -9, -91
"c:\Users\dwh88\Perforce\dengw3_Liyuu_1160\GSAS-2540-01-F24\users\dengw3\dengw3_2DplatformGame\BuddahGo\Assets\FishNet\Runtime\Serializing\WriterPool.cs", "C#", 0, -104, 0, 0, 0, 0, 0, -85, -21, -210
"c:\Users\dwh88\Perforce\dengw3_Liyuu_1160\GSAS-2540-01-F24\users\dengw3\dengw3_2DplatformGame\BuddahGo\Assets\FishNet\Runtime\Serializing\WriterStatics.cs", "C#", 0, 0, 0, 0, 0, 0, 0, -1, -2, -3
"c:\Users\dwh88\Perforce\dengw3_Liyuu_1160\GSAS-2540-01-F24\users\dengw3\dengw3_2DplatformGame\BuddahGo\Assets\FishNet\Runtime\Transporting\Channels.cs", "C#", 0, -8, 0, 0, 0, 0, 0, -9, 0, -17
"c:\Users\dwh88\Perforce\dengw3_Liyuu_1160\GSAS-2540-01-F24\users\dengw3\dengw3_2DplatformGame\BuddahGo\Assets\FishNet\Runtime\Transporting\ConnectionStates.cs", "C#", 0, -21, 0, 0, 0, 0, 0, -32, -4, -57
"c:\Users\dwh88\Perforce\dengw3_Liyuu_1160\GSAS-2540-01-F24\users\dengw3\dengw3_2DplatformGame\BuddahGo\Assets\FishNet\Runtime\Transporting\EventStructures.cs", "C#", 0, -81, 0, 0, 0, 0, 0, -72, -13, -166
"c:\Users\dwh88\Perforce\dengw3_Liyuu_1160\GSAS-2540-01-F24\users\dengw3\dengw3_2DplatformGame\BuddahGo\Assets\FishNet\Runtime\Transporting\IPAddressType.cs", "C#", 0, -8, 0, 0, 0, 0, 0, -9, 0, -17
"c:\Users\dwh88\Perforce\dengw3_Liyuu_1160\GSAS-2540-01-F24\users\dengw3\dengw3_2DplatformGame\BuddahGo\Assets\FishNet\Runtime\Transporting\NetworkReaderLoop.cs", "C#", 0, -25, 0, 0, 0, 0, 0, -3, -4, -32
"c:\Users\dwh88\Perforce\dengw3_Liyuu_1160\GSAS-2540-01-F24\users\dengw3\dengw3_2DplatformGame\BuddahGo\Assets\FishNet\Runtime\Transporting\NetworkWriterLoop.cs", "C#", 0, -25, 0, 0, 0, 0, 0, -6, -4, -35
"c:\Users\dwh88\Perforce\dengw3_Liyuu_1160\GSAS-2540-01-F24\users\dengw3\dengw3_2DplatformGame\BuddahGo\Assets\FishNet\Runtime\Transporting\PacketId.cs", "C#", 0, -29, 0, 0, 0, 0, 0, -9, -1, -39
"c:\Users\dwh88\Perforce\dengw3_Liyuu_1160\GSAS-2540-01-F24\users\dengw3\dengw3_2DplatformGame\BuddahGo\Assets\FishNet\Runtime\Transporting\Transport.cs", "C#", 0, -78, 0, 0, 0, 0, 0, -153, -34, -265
"c:\Users\dwh88\Perforce\dengw3_Liyuu_1160\GSAS-2540-01-F24\users\dengw3\dengw3_2DplatformGame\BuddahGo\Assets\FishNet\Runtime\Transporting\TransportConsts.cs", "C#", 0, -10, 0, 0, 0, 0, 0, -3, -1, -14
"c:\Users\dwh88\Perforce\dengw3_Liyuu_1160\GSAS-2540-01-F24\users\dengw3\dengw3_2DplatformGame\BuddahGo\Assets\FishNet\Runtime\Transporting\Transports\Multipass\Multipass.cs", "C#", 0, -620, 0, 0, 0, 0, 0, -345, -116, -1081
"c:\Users\dwh88\Perforce\dengw3_Liyuu_1160\GSAS-2540-01-F24\users\dengw3\dengw3_2DplatformGame\BuddahGo\Assets\FishNet\Runtime\Transporting\Transports\Tugboat\Core\ClientSocket.cs", "C#", 0, -160, 0, 0, 0, 0, 0, -79, -33, -272
"c:\Users\dwh88\Perforce\dengw3_Liyuu_1160\GSAS-2540-01-F24\users\dengw3\dengw3_2DplatformGame\BuddahGo\Assets\FishNet\Runtime\Transporting\Transports\Tugboat\Core\CommonSocket.cs", "C#", 0, -128, 0, 0, 0, 0, 0, -62, -23, -213
"c:\Users\dwh88\Perforce\dengw3_Liyuu_1160\GSAS-2540-01-F24\users\dengw3\dengw3_2DplatformGame\BuddahGo\Assets\FishNet\Runtime\Transporting\Transports\Tugboat\Core\ServerSocket.cs", "C#", 0, -314, 0, 0, 0, 0, 0, -134, -54, -502
"c:\Users\dwh88\Perforce\dengw3_Liyuu_1160\GSAS-2540-01-F24\users\dengw3\dengw3_2DplatformGame\BuddahGo\Assets\FishNet\Runtime\Transporting\Transports\Tugboat\Core\Supporting.cs", "C#", 0, -49, 0, 0, 0, 0, 0, -1, -7, -57
"c:\Users\dwh88\Perforce\dengw3_Liyuu_1160\GSAS-2540-01-F24\users\dengw3\dengw3_2DplatformGame\BuddahGo\Assets\FishNet\Runtime\Transporting\Transports\Tugboat\Editor\TugboatEditor.cs", "C#", 0, -75, 0, 0, 0, 0, 0, 0, -10, -85
"c:\Users\dwh88\Perforce\dengw3_Liyuu_1160\GSAS-2540-01-F24\users\dengw3\dengw3_2DplatformGame\BuddahGo\Assets\FishNet\Runtime\Transporting\Transports\Tugboat\LiteNetLib\BaseChannel.cs", "C#", 0, -40, 0, 0, 0, 0, 0, 0, -7, -47
"c:\Users\dwh88\Perforce\dengw3_Liyuu_1160\GSAS-2540-01-F24\users\dengw3\dengw3_2DplatformGame\BuddahGo\Assets\FishNet\Runtime\Transporting\Transports\Tugboat\LiteNetLib\ConnectionRequest.cs", "C#", 0, -105, 0, 0, 0, 0, 0, -5, -19, -129
"c:\Users\dwh88\Perforce\dengw3_Liyuu_1160\GSAS-2540-01-F24\users\dengw3\dengw3_2DplatformGame\BuddahGo\Assets\FishNet\Runtime\Transporting\Transports\Tugboat\LiteNetLib\INetEventListener.cs", "C#", 0, -167, 0, 0, 0, 0, 0, -68, -44, -279
"c:\Users\dwh88\Perforce\dengw3_Liyuu_1160\GSAS-2540-01-F24\users\dengw3\dengw3_2DplatformGame\BuddahGo\Assets\FishNet\Runtime\Transporting\Transports\Tugboat\LiteNetLib\InternalPackets.cs", "C#", 0, -103, 0, 0, 0, 0, 0, -9, -21, -133
"c:\Users\dwh88\Perforce\dengw3_Liyuu_1160\GSAS-2540-01-F24\users\dengw3\dengw3_2DplatformGame\BuddahGo\Assets\FishNet\Runtime\Transporting\Transports\Tugboat\LiteNetLib\Layers\Crc32cLayer.cs", "C#", 0, -32, 0, 0, 0, 0, 0, -2, -4, -38
"c:\Users\dwh88\Perforce\dengw3_Liyuu_1160\GSAS-2540-01-F24\users\dengw3\dengw3_2DplatformGame\BuddahGo\Assets\FishNet\Runtime\Transporting\Transports\Tugboat\LiteNetLib\Layers\PacketLayerBase.cs", "C#", 0, -14, 0, 0, 0, 0, 0, 0, -3, -17
"c:\Users\dwh88\Perforce\dengw3_Liyuu_1160\GSAS-2540-01-F24\users\dengw3\dengw3_2DplatformGame\BuddahGo\Assets\FishNet\Runtime\Transporting\Transports\Tugboat\LiteNetLib\Layers\XorEncryptLayer.cs", "C#", 0, -48, 0, 0, 0, 0, 0, 0, -7, -55
"c:\Users\dwh88\Perforce\dengw3_Liyuu_1160\GSAS-2540-01-F24\users\dengw3\dengw3_2DplatformGame\BuddahGo\Assets\FishNet\Runtime\Transporting\Transports\Tugboat\LiteNetLib\NatPunchModule.cs", "C#", 0, -238, 0, 0, 0, 0, 0, -17, -34, -289
"c:\Users\dwh88\Perforce\dengw3_Liyuu_1160\GSAS-2540-01-F24\users\dengw3\dengw3_2DplatformGame\BuddahGo\Assets\FishNet\Runtime\Transporting\Transports\Tugboat\LiteNetLib\NativeSocket.cs", "C#", 0, -117, 0, 0, 0, 0, 0, 0, -13, -130
"c:\Users\dwh88\Perforce\dengw3_Liyuu_1160\GSAS-2540-01-F24\users\dengw3\dengw3_2DplatformGame\BuddahGo\Assets\FishNet\Runtime\Transporting\Transports\Tugboat\LiteNetLib\NetConstants.cs", "C#", 0, -39, 0, 0, 0, 0, 0, -26, -4, -69
"c:\Users\dwh88\Perforce\dengw3_Liyuu_1160\GSAS-2540-01-F24\users\dengw3\dengw3_2DplatformGame\BuddahGo\Assets\FishNet\Runtime\Transporting\Transports\Tugboat\LiteNetLib\NetDebug.cs", "C#", 0, -73, 0, 0, 0, 0, 0, -7, -11, -91
"c:\Users\dwh88\Perforce\dengw3_Liyuu_1160\GSAS-2540-01-F24\users\dengw3\dengw3_2DplatformGame\BuddahGo\Assets\FishNet\Runtime\Transporting\Transports\Tugboat\LiteNetLib\NetManager.HashSet.cs", "C#", 0, -267, 0, 0, 0, 0, 0, -18, -24, -309
"c:\Users\dwh88\Perforce\dengw3_Liyuu_1160\GSAS-2540-01-F24\users\dengw3\dengw3_2DplatformGame\BuddahGo\Assets\FishNet\Runtime\Transporting\Transports\Tugboat\LiteNetLib\NetManager.PacketPool.cs", "C#", 0, -63, 0, 0, 0, 0, 0, -6, -10, -79
"c:\Users\dwh88\Perforce\dengw3_Liyuu_1160\GSAS-2540-01-F24\users\dengw3\dengw3_2DplatformGame\BuddahGo\Assets\FishNet\Runtime\Transporting\Transports\Tugboat\LiteNetLib\NetManager.Socket.cs", "C#", 0, -590, 0, 0, 0, 0, 0, -36, -56, -682
"c:\Users\dwh88\Perforce\dengw3_Liyuu_1160\GSAS-2540-01-F24\users\dengw3\dengw3_2DplatformGame\BuddahGo\Assets\FishNet\Runtime\Transporting\Transports\Tugboat\LiteNetLib\NetManager.cs", "C#", 0, -1161, 0, 0, 0, 0, 0, -439, -131, -1731
"c:\Users\dwh88\Perforce\dengw3_Liyuu_1160\GSAS-2540-01-F24\users\dengw3\dengw3_2DplatformGame\BuddahGo\Assets\FishNet\Runtime\Transporting\Transports\Tugboat\LiteNetLib\NetPacket.cs", "C#", 0, -139, 0, 0, 0, 0, 0, -4, -15, -158
"c:\Users\dwh88\Perforce\dengw3_Liyuu_1160\GSAS-2540-01-F24\users\dengw3\dengw3_2DplatformGame\BuddahGo\Assets\FishNet\Runtime\Transporting\Transports\Tugboat\LiteNetLib\NetPeer.cs", "C#", 0, -961, 0, 0, 0, 0, 0, -308, -154, -1423
"c:\Users\dwh88\Perforce\dengw3_Liyuu_1160\GSAS-2540-01-F24\users\dengw3\dengw3_2DplatformGame\BuddahGo\Assets\FishNet\Runtime\Transporting\Transports\Tugboat\LiteNetLib\NetStatistics.cs", "C#", 0, -61, 0, 0, 0, 0, 0, 0, -10, -71
"c:\Users\dwh88\Perforce\dengw3_Liyuu_1160\GSAS-2540-01-F24\users\dengw3\dengw3_2DplatformGame\BuddahGo\Assets\FishNet\Runtime\Transporting\Transports\Tugboat\LiteNetLib\NetUtils.cs", "C#", 0, -161, 0, 0, 0, 0, 0, -32, -28, -221
"c:\Users\dwh88\Perforce\dengw3_Liyuu_1160\GSAS-2540-01-F24\users\dengw3\dengw3_2DplatformGame\BuddahGo\Assets\FishNet\Runtime\Transporting\Transports\Tugboat\LiteNetLib\PausedSocketFix.cs", "C#", 0, -47, 0, 0, 0, 0, 0, -5, -5, -57
"c:\Users\dwh88\Perforce\dengw3_Liyuu_1160\GSAS-2540-01-F24\users\dengw3\dengw3_2DplatformGame\BuddahGo\Assets\FishNet\Runtime\Transporting\Transports\Tugboat\LiteNetLib\PooledPacket.cs", "C#", 0, -19, 0, 0, 0, 0, 0, -9, -1, -29
"c:\Users\dwh88\Perforce\dengw3_Liyuu_1160\GSAS-2540-01-F24\users\dengw3\dengw3_2DplatformGame\BuddahGo\Assets\FishNet\Runtime\Transporting\Transports\Tugboat\LiteNetLib\ReliableChannel.cs", "C#", 0, -273, 0, 0, 0, 0, 0, -24, -37, -334
"c:\Users\dwh88\Perforce\dengw3_Liyuu_1160\GSAS-2540-01-F24\users\dengw3\dengw3_2DplatformGame\BuddahGo\Assets\FishNet\Runtime\Transporting\Transports\Tugboat\LiteNetLib\SequencedChannel.cs", "C#", 0, -99, 0, 0, 0, 0, 0, 0, -10, -109
"c:\Users\dwh88\Perforce\dengw3_Liyuu_1160\GSAS-2540-01-F24\users\dengw3\dengw3_2DplatformGame\BuddahGo\Assets\FishNet\Runtime\Transporting\Transports\Tugboat\LiteNetLib\Trimming.cs", "C#", 0, -11, 0, 0, 0, 0, 0, 0, -1, -12
"c:\Users\dwh88\Perforce\dengw3_Liyuu_1160\GSAS-2540-01-F24\users\dengw3\dengw3_2DplatformGame\BuddahGo\Assets\FishNet\Runtime\Transporting\Transports\Tugboat\LiteNetLib\Utils\CRC32C.cs", "C#", 0, -118, 0, 0, 0, 0, 0, -8, -12, -138
"c:\Users\dwh88\Perforce\dengw3_Liyuu_1160\GSAS-2540-01-F24\users\dengw3\dengw3_2DplatformGame\BuddahGo\Assets\FishNet\Runtime\Transporting\Transports\Tugboat\LiteNetLib\Utils\FastBitConverter.cs", "C#", 0, -137, 0, 0, 0, 0, 0, -9, -13, -159
"c:\Users\dwh88\Perforce\dengw3_Liyuu_1160\GSAS-2540-01-F24\users\dengw3\dengw3_2DplatformGame\BuddahGo\Assets\FishNet\Runtime\Transporting\Transports\Tugboat\LiteNetLib\Utils\INetSerializable.cs", "C#", 0, -8, 0, 0, 0, 0, 0, 0, 0, -8
"c:\Users\dwh88\Perforce\dengw3_Liyuu_1160\GSAS-2540-01-F24\users\dengw3\dengw3_2DplatformGame\BuddahGo\Assets\FishNet\Runtime\Transporting\Transports\Tugboat\LiteNetLib\Utils\NetDataReader.cs", "C#", 0, -643, 0, 0, 0, 0, 0, -11, -107, -761
"c:\Users\dwh88\Perforce\dengw3_Liyuu_1160\GSAS-2540-01-F24\users\dengw3\dengw3_2DplatformGame\BuddahGo\Assets\FishNet\Runtime\Transporting\Transports\Tugboat\LiteNetLib\Utils\NetDataWriter.cs", "C#", 0, -308, 0, 0, 0, 0, 0, -19, -49, -376
"c:\Users\dwh88\Perforce\dengw3_Liyuu_1160\GSAS-2540-01-F24\users\dengw3\dengw3_2DplatformGame\BuddahGo\Assets\FishNet\Runtime\Transporting\Transports\Tugboat\LiteNetLib\Utils\NetPacketProcessor.cs", "C#", 0, -192, 0, 0, 0, 0, 0, -64, -27, -283
"c:\Users\dwh88\Perforce\dengw3_Liyuu_1160\GSAS-2540-01-F24\users\dengw3\dengw3_2DplatformGame\BuddahGo\Assets\FishNet\Runtime\Transporting\Transports\Tugboat\LiteNetLib\Utils\NetSerializer.cs", "C#", 0, -884, 0, 0, 0, 0, 0, -39, -139, -1062
"c:\Users\dwh88\Perforce\dengw3_Liyuu_1160\GSAS-2540-01-F24\users\dengw3\dengw3_2DplatformGame\BuddahGo\Assets\FishNet\Runtime\Transporting\Transports\Tugboat\LiteNetLib\Utils\NtpPacket.cs", "C#", 0, -150, 0, 0, 0, 0, 0, -238, -18, -406
"c:\Users\dwh88\Perforce\dengw3_Liyuu_1160\GSAS-2540-01-F24\users\dengw3\dengw3_2DplatformGame\BuddahGo\Assets\FishNet\Runtime\Transporting\Transports\Tugboat\LiteNetLib\Utils\NtpRequest.cs", "C#", 0, -38, 0, 0, 0, 0, 0, 0, -4, -42
"c:\Users\dwh88\Perforce\dengw3_Liyuu_1160\GSAS-2540-01-F24\users\dengw3\dengw3_2DplatformGame\BuddahGo\Assets\FishNet\Runtime\Transporting\Transports\Tugboat\LiteNetLib\Utils\Preserve.cs", "C#", 0, -6, 0, 0, 0, 0, 0, -3, -1, -10
"c:\Users\dwh88\Perforce\dengw3_Liyuu_1160\GSAS-2540-01-F24\users\dengw3\dengw3_2DplatformGame\BuddahGo\Assets\FishNet\Runtime\Transporting\Transports\Tugboat\LiteNetLib\package.json", "JSON", -11, 0, 0, 0, 0, 0, 0, 0, 0, -11
"c:\Users\dwh88\Perforce\dengw3_Liyuu_1160\GSAS-2540-01-F24\users\dengw3\dengw3_2DplatformGame\BuddahGo\Assets\FishNet\Runtime\Transporting\Transports\Tugboat\Tugboat.cs", "C#", 0, -331, 0, 0, 0, 0, 0, -228, -52, -611
"c:\Users\dwh88\Perforce\dengw3_Liyuu_1160\GSAS-2540-01-F24\users\dengw3\dengw3_2DplatformGame\BuddahGo\Assets\FishNet\Runtime\Utility\AdaptiveInterpolationType.cs", "C#", 0, 0, 0, 0, 0, 0, 0, -36, -2, -38
"c:\Users\dwh88\Perforce\dengw3_Liyuu_1160\GSAS-2540-01-F24\users\dengw3\dengw3_2DplatformGame\BuddahGo\Assets\FishNet\Runtime\Utility\AdaptiveLocalTransformSmoother.cs", "C#", 0, 0, 0, 0, 0, 0, 0, -629, -2, -631
"c:\Users\dwh88\Perforce\dengw3_Liyuu_1160\GSAS-2540-01-F24\users\dengw3\dengw3_2DplatformGame\BuddahGo\Assets\FishNet\Runtime\Utility\Constants.cs", "C#", 0, -13, 0, 0, 0, 0, 0, 0, 0, -13
"c:\Users\dwh88\Perforce\dengw3_Liyuu_1160\GSAS-2540-01-F24\users\dengw3\dengw3_2DplatformGame\BuddahGo\Assets\FishNet\Runtime\Utility\Extension\Networks.cs", "C#", 0, -13, 0, 0, 0, 0, 0, -9, -3, -25
"c:\Users\dwh88\Perforce\dengw3_Liyuu_1160\GSAS-2540-01-F24\users\dengw3\dengw3_2DplatformGame\BuddahGo\Assets\FishNet\Runtime\Utility\Extension\Scenes.cs", "C#", 0, -66, 0, 0, 0, 0, 0, -18, -6, -90
"c:\Users\dwh88\Perforce\dengw3_Liyuu_1160\GSAS-2540-01-F24\users\dengw3\dengw3_2DplatformGame\BuddahGo\Assets\FishNet\Runtime\Utility\Extension\Transforms.cs", "C#", 0, -118, 0, 0, 0, 0, 0, -57, -19, -194
"c:\Users\dwh88\Perforce\dengw3_Liyuu_1160\GSAS-2540-01-F24\users\dengw3\dengw3_2DplatformGame\BuddahGo\Assets\FishNet\Runtime\Utility\LocalTransformTickSmoother.cs", "C#", 0, -91, 0, 0, 0, 0, 0, -52, -14, -157
"c:\Users\dwh88\Perforce\dengw3_Liyuu_1160\GSAS-2540-01-F24\users\dengw3\dengw3_2DplatformGame\BuddahGo\Assets\FishNet\Runtime\Utility\Performance\BasicQueue.cs", "C#", 0, 0, 0, 0, 0, 0, 0, -201, -30, -231
"c:\Users\dwh88\Perforce\dengw3_Liyuu_1160\GSAS-2540-01-F24\users\dengw3\dengw3_2DplatformGame\BuddahGo\Assets\FishNet\Runtime\Utility\Performance\ByteArrayPool.cs", "C#", 0, -27, 0, 0, 0, 0, 0, -16, -6, -49
"c:\Users\dwh88\Perforce\dengw3_Liyuu_1160\GSAS-2540-01-F24\users\dengw3\dengw3_2DplatformGame\BuddahGo\Assets\FishNet\Runtime\Utility\Performance\DefaultObjectPool.cs", "C#", 0, -210, 0, 0, 0, 0, 0, -72, -44, -326
"c:\Users\dwh88\Perforce\dengw3_Liyuu_1160\GSAS-2540-01-F24\users\dengw3\dengw3_2DplatformGame\BuddahGo\Assets\FishNet\Runtime\Utility\Performance\ObjectPool.cs", "C#", 0, -34, 0, 0, 0, 0, 0, -52, -10, -96
"c:\Users\dwh88\Perforce\dengw3_Liyuu_1160\GSAS-2540-01-F24\users\dengw3\dengw3_2DplatformGame\BuddahGo\Assets\FishNet\Runtime\Utility\Performance\ObjectPoolRetrieveOption.cs", "C#", 0, -14, 0, 0, 0, 0, 0, -7, -1, -22
"c:\Users\dwh88\Perforce\dengw3_Liyuu_1160\GSAS-2540-01-F24\users\dengw3\dengw3_2DplatformGame\BuddahGo\Assets\FishNet\Runtime\Utility\Performance\Transforms.cs", "C#", 0, -17, 0, 0, 0, 0, 0, -6, -2, -25
"c:\Users\dwh88\Perforce\dengw3_Liyuu_1160\GSAS-2540-01-F24\users\dengw3\dengw3_2DplatformGame\BuddahGo\Assets\FishNet\Runtime\Utility\SnappedAxes.cs", "C#", 0, -18, 0, 0, 0, 0, 0, -3, -2, -23
"c:\Users\dwh88\Perforce\dengw3_Liyuu_1160\GSAS-2540-01-F24\users\dengw3\dengw3_2DplatformGame\BuddahGo\Assets\FishNet\Runtime\Utility\Template\TickNetworkBehaviour.cs", "C#", 0, -88, 0, 0, 0, 0, 0, -16, -11, -115
"c:\Users\dwh88\Perforce\dengw3_Liyuu_1160\GSAS-2540-01-F24\users\dengw3\dengw3_2DplatformGame\BuddahGo\Assets\FishNet\Runtime\Utility\TransformTickSmoother.cs", "C#", 0, -418, 0, 0, 0, 0, 0, -201, -72, -691
"c:\Users\dwh88\Perforce\dengw3_Liyuu_1160\GSAS-2540-01-F24\users\dengw3\dengw3_2DplatformGame\BuddahGo\Assets\FishNet\THIRD PARTY NOTICE.md", "Markdown", 0, 0, -85, 0, 0, 0, 0, 0, -29, -114
"c:\Users\dwh88\Perforce\dengw3_Liyuu_1160\GSAS-2540-01-F24\users\dengw3\dengw3_2DplatformGame\BuddahGo\Assets\FishNet\Upgrading\MirrorUpgrade.cs", "C#", 0, -289, 0, 0, 0, 0, 0, -62, -45, -396
"c:\Users\dwh88\Perforce\dengw3_Liyuu_1160\GSAS-2540-01-F24\users\dengw3\dengw3_2DplatformGame\BuddahGo\Assets\FishNet\Upgrading\UpgradeFromMirrorMenu.cs", "C#", 0, -51, 0, 0, 0, 0, 0, -15, -5, -71
"c:\Users\dwh88\Perforce\dengw3_Liyuu_1160\GSAS-2540-01-F24\users\dengw3\dengw3_2DplatformGame\BuddahGo\Assets\FishNet\package.json", "JSON", -37, 0, 0, 0, 0, 0, 0, 0, 0, -37
"c:\Users\dwh88\Perforce\dengw3_Liyuu_1160\GSAS-2540-01-F24\users\dengw3\dengw3_2DplatformGame\BuddahGo\Assets\Plugins\Feel\MMFeedbacks\Authorizations\MMFeedbacksAuthorizations.cs", "C#", 0, -514, 0, 0, 0, 0, 0, -3, -69, -586
"c:\Users\dwh88\Perforce\dengw3_Liyuu_1160\GSAS-2540-01-F24\users\dengw3\dengw3_2DplatformGame\BuddahGo\Assets\Plugins\Feel\MMFeedbacks\Authorizations\MoreMountains.Feedbacks.Authorizations.asmref", "JSON", -3, 0, 0, 0, 0, 0, 0, 0, 0, -3
"c:\Users\dwh88\Perforce\dengw3_Liyuu_1160\GSAS-2540-01-F24\users\dengw3\dengw3_2DplatformGame\BuddahGo\Assets\Plugins\Feel\MMFeedbacks\Editor\Core\AttributeDrawers.cs", "C#", 0, -199, 0, 0, 0, 0, 0, -41, -31, -271
"c:\Users\dwh88\Perforce\dengw3_Liyuu_1160\GSAS-2540-01-F24\users\dengw3\dengw3_2DplatformGame\BuddahGo\Assets\Plugins\Feel\MMFeedbacks\Editor\Core\MMF_FeedbackInspector.cs", "C#", 0, -399, 0, 0, 0, 0, 0, -3, -60, -462
"c:\Users\dwh88\Perforce\dengw3_Liyuu_1160\GSAS-2540-01-F24\users\dengw3\dengw3_2DplatformGame\BuddahGo\Assets\Plugins\Feel\MMFeedbacks\Editor\Core\MMF_FeedbackInspectorStyle.cs", "C#", 0, -53, 0, 0, 0, 0, 0, -5, -17, -75
"c:\Users\dwh88\Perforce\dengw3_Liyuu_1160\GSAS-2540-01-F24\users\dengw3\dengw3_2DplatformGame\BuddahGo\Assets\Plugins\Feel\MMFeedbacks\Editor\Core\MMF_PlayerConfiguration.cs", "C#", 0, -33, 0, 0, 0, 0, 0, -11, -9, -53
"c:\Users\dwh88\Perforce\dengw3_Liyuu_1160\GSAS-2540-01-F24\users\dengw3\dengw3_2DplatformGame\BuddahGo\Assets\Plugins\Feel\MMFeedbacks\Editor\Core\MMF_PlayerCopy.cs", "C#", 0, -123, 0, 0, 0, 0, 0, -5, -16, -144
"c:\Users\dwh88\Perforce\dengw3_Liyuu_1160\GSAS-2540-01-F24\users\dengw3\dengw3_2DplatformGame\BuddahGo\Assets\Plugins\Feel\MMFeedbacks\Editor\Core\MMF_PlayerEditor.cs", "C#", 0, -869, 0, 0, 0, 0, 0, -83, -157, -1109
"c:\Users\dwh88\Perforce\dengw3_Liyuu_1160\GSAS-2540-01-F24\users\dengw3\dengw3_2DplatformGame\BuddahGo\Assets\Plugins\Feel\MMFeedbacks\Editor\Core\MMF_PlayerStyling.cs", "C#", 0, -327, 0, 0, 0, 0, 0, -35, -82, -444
"c:\Users\dwh88\Perforce\dengw3_Liyuu_1160\GSAS-2540-01-F24\users\dengw3\dengw3_2DplatformGame\BuddahGo\Assets\Plugins\Feel\MMFeedbacks\Editor\Core\MMFeedbackStyling.cs", "C#", 0, -243, 0, 0, 0, 0, 0, -35, -73, -351
"c:\Users\dwh88\Perforce\dengw3_Liyuu_1160\GSAS-2540-01-F24\users\dengw3\dengw3_2DplatformGame\BuddahGo\Assets\Plugins\Feel\MMFeedbacks\Editor\Core\MMFeedbacksColors.cs", "C#", 0, -364, 0, 0, 0, 0, 0, -20, -12, -396
"c:\Users\dwh88\Perforce\dengw3_Liyuu_1160\GSAS-2540-01-F24\users\dengw3\dengw3_2DplatformGame\BuddahGo\Assets\Plugins\Feel\MMFeedbacks\Editor\Core\MMFeedbacksConfiguration.cs", "C#", 0, -33, 0, 0, 0, 0, 0, -10, -8, -51
"c:\Users\dwh88\Perforce\dengw3_Liyuu_1160\GSAS-2540-01-F24\users\dengw3\dengw3_2DplatformGame\BuddahGo\Assets\Plugins\Feel\MMFeedbacks\Editor\FeedbackListOutputter\FeedbackListOutputer.cs", "C#", 0, -61, 0, 0, 0, 0, 0, -7, -9, -77
"c:\Users\dwh88\Perforce\dengw3_Liyuu_1160\GSAS-2540-01-F24\users\dengw3\dengw3_2DplatformGame\BuddahGo\Assets\Plugins\Feel\MMFeedbacks\Editor\Legacy\MMFeedbacksEditor.cs", "C#", 0, -812, 0, 0, 0, 0, 0, -144, -166, -1122
"c:\Users\dwh88\Perforce\dengw3_Liyuu_1160\GSAS-2540-01-F24\users\dengw3\dengw3_2DplatformGame\BuddahGo\Assets\Plugins\Feel\MMFeedbacks\Editor\MoreMountains.Feedbacks.Editor.asmref", "JSON", -3, 0, 0, 0, 0, 0, 0, 0, 0, -3
"c:\Users\dwh88\Perforce\dengw3_Liyuu_1160\GSAS-2540-01-F24\users\dengw3\dengw3_2DplatformGame\BuddahGo\Assets\Plugins\Feel\MMFeedbacks\Editor\Sequencing\MMInputSequenceRecorderEditor.cs", "C#", 0, -142, 0, 0, 0, 0, 0, -28, -19, -189
"c:\Users\dwh88\Perforce\dengw3_Liyuu_1160\GSAS-2540-01-F24\users\dengw3\dengw3_2DplatformGame\BuddahGo\Assets\Plugins\Feel\MMFeedbacks\Editor\Sequencing\MMSequencerEditor.cs", "C#", 0, -324, 0, 0, 0, 0, 0, -46, -48, -418
"c:\Users\dwh88\Perforce\dengw3_Liyuu_1160\GSAS-2540-01-F24\users\dengw3\dengw3_2DplatformGame\BuddahGo\Assets\Plugins\Feel\MMFeedbacks\Editor\Shakers\MMWiggleEditor.cs", "C#", 0, -227, 0, 0, 0, 0, 0, 0, -37, -264
"c:\Users\dwh88\Perforce\dengw3_Liyuu_1160\GSAS-2540-01-F24\users\dengw3\dengw3_2DplatformGame\BuddahGo\Assets\Plugins\Feel\MMFeedbacks\Editor\Springs\MMSpringColorPropertyDrawer.cs", "C#", 0, -21, 0, 0, 0, 0, 0, 0, -8, -29
"c:\Users\dwh88\Perforce\dengw3_Liyuu_1160\GSAS-2540-01-F24\users\dengw3\dengw3_2DplatformGame\BuddahGo\Assets\Plugins\Feel\MMFeedbacks\Editor\Springs\MMSpringDebugPropertyDrawer.cs", "C#", 0, -58, 0, 0, 0, 0, 0, 0, -14, -72
"c:\Users\dwh88\Perforce\dengw3_Liyuu_1160\GSAS-2540-01-F24\users\dengw3\dengw3_2DplatformGame\BuddahGo\Assets\Plugins\Feel\MMFeedbacks\Editor\Springs\MMSpringFloatPropertyDrawer.cs", "C#", 0, -52, 0, 0, 0, 0, 0, 0, -16, -68
"c:\Users\dwh88\Perforce\dengw3_Liyuu_1160\GSAS-2540-01-F24\users\dengw3\dengw3_2DplatformGame\BuddahGo\Assets\Plugins\Feel\MMFeedbacks\Editor\Springs\MMSpringVector2PropertyDrawer.cs", "C#", 0, -65, 0, 0, 0, 0, 0, 0, -17, -82
"c:\Users\dwh88\Perforce\dengw3_Liyuu_1160\GSAS-2540-01-F24\users\dengw3\dengw3_2DplatformGame\BuddahGo\Assets\Plugins\Feel\MMFeedbacks\Editor\Springs\MMSpringVector3PropertyDrawer.cs", "C#", 0, -79, 0, 0, 0, 0, 0, 0, -19, -98
"c:\Users\dwh88\Perforce\dengw3_Liyuu_1160\GSAS-2540-01-F24\users\dengw3\dengw3_2DplatformGame\BuddahGo\Assets\Plugins\Feel\MMFeedbacks\Editor\Springs\MMSpringVector4PropertyDrawer.cs", "C#", 0, -93, 0, 0, 0, 0, 0, 0, -18, -111
"c:\Users\dwh88\Perforce\dengw3_Liyuu_1160\GSAS-2540-01-F24\users\dengw3\dengw3_2DplatformGame\BuddahGo\Assets\Plugins\Feel\MMFeedbacks\MMFeedbacksForThirdParty\Cinemachine\Feedbacks\MMF_CinemachineImpulse.cs", "C#", 0, -131, 0, 0, 0, 0, 0, -24, -10, -165
"c:\Users\dwh88\Perforce\dengw3_Liyuu_1160\GSAS-2540-01-F24\users\dengw3\dengw3_2DplatformGame\BuddahGo\Assets\Plugins\Feel\MMFeedbacks\MMFeedbacksForThirdParty\Cinemachine\Feedbacks\MMF_CinemachineImpulseClear.cs", "C#", 0, -34, 0, 0, 0, 0, 0, -2, -2, -38
"c:\Users\dwh88\Perforce\dengw3_Liyuu_1160\GSAS-2540-01-F24\users\dengw3\dengw3_2DplatformGame\BuddahGo\Assets\Plugins\Feel\MMFeedbacks\MMFeedbacksForThirdParty\Cinemachine\Feedbacks\MMF_CinemachineImpulseSource.cs", "C#", 0, -74, 0, 0, 0, 0, 0, -13, -11, -98
"c:\Users\dwh88\Perforce\dengw3_Liyuu_1160\GSAS-2540-01-F24\users\dengw3\dengw3_2DplatformGame\BuddahGo\Assets\Plugins\Feel\MMFeedbacks\MMFeedbacksForThirdParty\Cinemachine\Feedbacks\MMF_CinemachineTransition.cs", "C#", 0, -116, 0, 0, 0, 0, 0, -25, -9, -150
"c:\Users\dwh88\Perforce\dengw3_Liyuu_1160\GSAS-2540-01-F24\users\dengw3\dengw3_2DplatformGame\BuddahGo\Assets\Plugins\Feel\MMFeedbacks\MMFeedbacksForThirdParty\Cinemachine\Helpers\MMCinemachineHelpers.cs", "C#", 0, -88, 0, 0, 0, 0, 0, -4, -8, -100
"c:\Users\dwh88\Perforce\dengw3_Liyuu_1160\GSAS-2540-01-F24\users\dengw3\dengw3_2DplatformGame\BuddahGo\Assets\Plugins\Feel\MMFeedbacks\MMFeedbacksForThirdParty\Cinemachine\MoreMountains.Feedbacks.Cinemachine.asmref", "JSON", -3, 0, 0, 0, 0, 0, 0, 0, 0, -3
"c:\Users\dwh88\Perforce\dengw3_Liyuu_1160\GSAS-2540-01-F24\users\dengw3\dengw3_2DplatformGame\BuddahGo\Assets\Plugins\Feel\MMFeedbacks\MMFeedbacksForThirdParty\Cinemachine\Shakers\MMCinemachineCameraShaker.cs", "C#", 0, -172, 0, 0, 0, 0, 0, -42, -18, -232
"c:\Users\dwh88\Perforce\dengw3_Liyuu_1160\GSAS-2540-01-F24\users\dengw3\dengw3_2DplatformGame\BuddahGo\Assets\Plugins\Feel\MMFeedbacks\MMFeedbacksForThirdParty\Cinemachine\Shakers\MMCinemachineClippingPlanesShaker.cs", "C#", 0, -169, 0, 0, 0, 0, 0, -43, -21, -233
"c:\Users\dwh88\Perforce\dengw3_Liyuu_1160\GSAS-2540-01-F24\users\dengw3\dengw3_2DplatformGame\BuddahGo\Assets\Plugins\Feel\MMFeedbacks\MMFeedbacksForThirdParty\Cinemachine\Shakers\MMCinemachineFieldOfViewShaker.cs", "C#", 0, -144, 0, 0, 0, 0, 0, -40, -19, -203
"c:\Users\dwh88\Perforce\dengw3_Liyuu_1160\GSAS-2540-01-F24\users\dengw3\dengw3_2DplatformGame\BuddahGo\Assets\Plugins\Feel\MMFeedbacks\MMFeedbacksForThirdParty\Cinemachine\Shakers\MMCinemachineFreeLookZoom.cs", "C#", 0, -193, 0, 0, 0, 0, 0, -40, -24, -257
"c:\Users\dwh88\Perforce\dengw3_Liyuu_1160\GSAS-2540-01-F24\users\dengw3\dengw3_2DplatformGame\BuddahGo\Assets\Plugins\Feel\MMFeedbacks\MMFeedbacksForThirdParty\Cinemachine\Shakers\MMCinemachineOrthographicSizeShaker.cs", "C#", 0, -142, 0, 0, 0, 0, 0, -40, -18, -200
"c:\Users\dwh88\Perforce\dengw3_Liyuu_1160\GSAS-2540-01-F24\users\dengw3\dengw3_2DplatformGame\BuddahGo\Assets\Plugins\Feel\MMFeedbacks\MMFeedbacksForThirdParty\Cinemachine\Shakers\MMCinemachinePriorityBrainListener.cs", "C#", 0, -95, 0, 0, 0, 0, 0, -26, -10, -131
"c:\Users\dwh88\Perforce\dengw3_Liyuu_1160\GSAS-2540-01-F24\users\dengw3\dengw3_2DplatformGame\BuddahGo\Assets\Plugins\Feel\MMFeedbacks\MMFeedbacksForThirdParty\Cinemachine\Shakers\MMCinemachinePriorityListener.cs", "C#", 0, -110, 0, 0, 0, 0, 0, -27, -13, -150
"c:\Users\dwh88\Perforce\dengw3_Liyuu_1160\GSAS-2540-01-F24\users\dengw3\dengw3_2DplatformGame\BuddahGo\Assets\Plugins\Feel\MMFeedbacks\MMFeedbacksForThirdParty\Cinemachine\Shakers\MMCinemachineZoom.cs", "C#", 0, -192, 0, 0, 0, 0, 0, -40, -22, -254
"c:\Users\dwh88\Perforce\dengw3_Liyuu_1160\GSAS-2540-01-F24\users\dengw3\dengw3_2DplatformGame\BuddahGo\Assets\Plugins\Feel\MMFeedbacks\MMFeedbacksForThirdParty\HDRP\Feedbacks\MMF_Bloom_HDRP.cs", "C#", 0, -86, 0, 0, 0, 0, 0, -32, -14, -132
"c:\Users\dwh88\Perforce\dengw3_Liyuu_1160\GSAS-2540-01-F24\users\dengw3\dengw3_2DplatformGame\BuddahGo\Assets\Plugins\Feel\MMFeedbacks\MMFeedbacksForThirdParty\HDRP\Feedbacks\MMF_ChannelMixer_HDRP.cs", "C#", 0, -109, 0, 0, 0, 0, 0, -37, -11, -157
"c:\Users\dwh88\Perforce\dengw3_Liyuu_1160\GSAS-2540-01-F24\users\dengw3\dengw3_2DplatformGame\BuddahGo\Assets\Plugins\Feel\MMFeedbacks\MMFeedbacksForThirdParty\HDRP\Feedbacks\MMF_ChromaticAberration_HDRP.cs", "C#", 0, -82, 0, 0, 0, 0, 0, -31, -11, -124
"c:\Users\dwh88\Perforce\dengw3_Liyuu_1160\GSAS-2540-01-F24\users\dengw3\dengw3_2DplatformGame\BuddahGo\Assets\Plugins\Feel\MMFeedbacks\MMFeedbacksForThirdParty\HDRP\Feedbacks\MMF_ColorAdjustments_HDRP.cs", "C#", 0, -138, 0, 0, 0, 0, 0, -47, -17, -202
"c:\Users\dwh88\Perforce\dengw3_Liyuu_1160\GSAS-2540-01-F24\users\dengw3\dengw3_2DplatformGame\BuddahGo\Assets\Plugins\Feel\MMFeedbacks\MMFeedbacksForThirdParty\HDRP\Feedbacks\MMF_DepthOfField_HDRP.cs", "C#", 0, -136, 0, 0, 0, 0, 0, -47, -16, -199
"c:\Users\dwh88\Perforce\dengw3_Liyuu_1160\GSAS-2540-01-F24\users\dengw3\dengw3_2DplatformGame\BuddahGo\Assets\Plugins\Feel\MMFeedbacks\MMFeedbacksForThirdParty\HDRP\Feedbacks\MMF_Exposure_HDRP.cs", "C#", 0, -80, 0, 0, 0, 0, 0, -31, -12, -123
"c:\Users\dwh88\Perforce\dengw3_Liyuu_1160\GSAS-2540-01-F24\users\dengw3\dengw3_2DplatformGame\BuddahGo\Assets\Plugins\Feel\MMFeedbacks\MMFeedbacksForThirdParty\HDRP\Feedbacks\MMF_FilmGrain_HDRP.cs", "C#", 0, -80, 0, 0, 0, 0, 0, -31, -11, -122
"c:\Users\dwh88\Perforce\dengw3_Liyuu_1160\GSAS-2540-01-F24\users\dengw3\dengw3_2DplatformGame\BuddahGo\Assets\Plugins\Feel\MMFeedbacks\MMFeedbacksForThirdParty\HDRP\Feedbacks\MMF_LensDistortion_HDRP.cs", "C#", 0, -91, 0, 0, 0, 0, 0, -31, -11, -133
"c:\Users\dwh88\Perforce\dengw3_Liyuu_1160\GSAS-2540-01-F24\users\dengw3\dengw3_2DplatformGame\BuddahGo\Assets\Plugins\Feel\MMFeedbacks\MMFeedbacksForThirdParty\HDRP\Feedbacks\MMF_MotionBlur_HDRP.cs", "C#", 0, -80, 0, 0, 0, 0, 0, -31, -10, -121
"c:\Users\dwh88\Perforce\dengw3_Liyuu_1160\GSAS-2540-01-F24\users\dengw3\dengw3_2DplatformGame\BuddahGo\Assets\Plugins\Feel\MMFeedbacks\MMFeedbacksForThirdParty\HDRP\Feedbacks\MMF_PaniniProjection_HDRP.cs", "C#", 0, -80, 0, 0, 0, 0, 0, -30, -9, -119
"c:\Users\dwh88\Perforce\dengw3_Liyuu_1160\GSAS-2540-01-F24\users\dengw3\dengw3_2DplatformGame\BuddahGo\Assets\Plugins\Feel\MMFeedbacks\MMFeedbacksForThirdParty\HDRP\Feedbacks\MMF_Vignette_HDRP.cs", "C#", 0, -94, 0, 0, 0, 0, 0, -36, -10, -140
"c:\Users\dwh88\Perforce\dengw3_Liyuu_1160\GSAS-2540-01-F24\users\dengw3\dengw3_2DplatformGame\BuddahGo\Assets\Plugins\Feel\MMFeedbacks\MMFeedbacksForThirdParty\HDRP\Feedbacks\MMF_WhiteBalance_HDRP.cs", "C#", 0, -92, 0, 0, 0, 0, 0, -33, -10, -135
"c:\Users\dwh88\Perforce\dengw3_Liyuu_1160\GSAS-2540-01-F24\users\dengw3\dengw3_2DplatformGame\BuddahGo\Assets\Plugins\Feel\MMFeedbacks\MMFeedbacksForThirdParty\HDRP\Helpers\MMHDRPHelpers.cs", "C#", 0, -50, 0, 0, 0, 0, 0, -7, -8, -65
"c:\Users\dwh88\Perforce\dengw3_Liyuu_1160\GSAS-2540-01-F24\users\dengw3\dengw3_2DplatformGame\BuddahGo\Assets\Plugins\Feel\MMFeedbacks\MMFeedbacksForThirdParty\HDRP\MoreMountains.Feedbacks.HDRP.asmref", "JSON", -3, 0, 0, 0, 0, 0, 0, 0, 0, -3
"c:\Users\dwh88\Perforce\dengw3_Liyuu_1160\GSAS-2540-01-F24\users\dengw3\dengw3_2DplatformGame\BuddahGo\Assets\Plugins\Feel\MMFeedbacks\MMFeedbacksForThirdParty\HDRP\Shakers\MMBloomShaker_HDRP.cs", "C#", 0, -161, 0, 0, 0, 0, 0, -43, -21, -225
"c:\Users\dwh88\Perforce\dengw3_Liyuu_1160\GSAS-2540-01-F24\users\dengw3\dengw3_2DplatformGame\BuddahGo\Assets\Plugins\Feel\MMFeedbacks\MMFeedbacksForThirdParty\HDRP\Shakers\MMChannelMixerShaker_HDRP.cs", "C#", 0, -204, 0, 0, 0, 0, 0, -49, -24, -277
"c:\Users\dwh88\Perforce\dengw3_Liyuu_1160\GSAS-2540-01-F24\users\dengw3\dengw3_2DplatformGame\BuddahGo\Assets\Plugins\Feel\MMFeedbacks\MMFeedbacksForThirdParty\HDRP\Shakers\MMChromaticAberrationShaker_HDRP.cs", "C#", 0, -134, 0, 0, 0, 0, 0, -40, -19, -193
"c:\Users\dwh88\Perforce\dengw3_Liyuu_1160\GSAS-2540-01-F24\users\dengw3\dengw3_2DplatformGame\BuddahGo\Assets\Plugins\Feel\MMFeedbacks\MMFeedbacksForThirdParty\HDRP\Shakers\MMColorAdjustmentsShaker_HDRP.cs", "C#", 0, -275, 0, 0, 0, 0, 0, -56, -28, -359
"c:\Users\dwh88\Perforce\dengw3_Liyuu_1160\GSAS-2540-01-F24\users\dengw3\dengw3_2DplatformGame\BuddahGo\Assets\Plugins\Feel\MMFeedbacks\MMFeedbacksForThirdParty\HDRP\Shakers\MMDepthOfFieldShaker_HDRP.cs", "C#", 0, -303, 0, 0, 0, 0, 0, -56, -34, -393
"c:\Users\dwh88\Perforce\dengw3_Liyuu_1160\GSAS-2540-01-F24\users\dengw3\dengw3_2DplatformGame\BuddahGo\Assets\Plugins\Feel\MMFeedbacks\MMFeedbacksForThirdParty\HDRP\Shakers\MMExposureShaker_HDRP.cs", "C#", 0, -132, 0, 0, 0, 0, 0, -40, -19, -191
"c:\Users\dwh88\Perforce\dengw3_Liyuu_1160\GSAS-2540-01-F24\users\dengw3\dengw3_2DplatformGame\BuddahGo\Assets\Plugins\Feel\MMFeedbacks\MMFeedbacksForThirdParty\HDRP\Shakers\MMFilmGrainShaker_HDRP.cs", "C#", 0, -133, 0, 0, 0, 0, 0, -40, -19, -192
"c:\Users\dwh88\Perforce\dengw3_Liyuu_1160\GSAS-2540-01-F24\users\dengw3\dengw3_2DplatformGame\BuddahGo\Assets\Plugins\Feel\MMFeedbacks\MMFeedbacksForThirdParty\HDRP\Shakers\MMLensDistortionShaker_HDRP.cs", "C#", 0, -147, 0, 0, 0, 0, 0, -43, -20, -210
"c:\Users\dwh88\Perforce\dengw3_Liyuu_1160\GSAS-2540-01-F24\users\dengw3\dengw3_2DplatformGame\BuddahGo\Assets\Plugins\Feel\MMFeedbacks\MMFeedbacksForThirdParty\HDRP\Shakers\MMMotionBlurShaker_HDRP.cs", "C#", 0, -132, 0, 0, 0, 0, 0, -40, -19, -191
"c:\Users\dwh88\Perforce\dengw3_Liyuu_1160\GSAS-2540-01-F24\users\dengw3\dengw3_2DplatformGame\BuddahGo\Assets\Plugins\Feel\MMFeedbacks\MMFeedbacksForThirdParty\HDRP\Shakers\MMPaniniProjectionShaker_HDRP.cs", "C#", 0, -134, 0, 0, 0, 0, 0, -40, -19, -193
"c:\Users\dwh88\Perforce\dengw3_Liyuu_1160\GSAS-2540-01-F24\users\dengw3\dengw3_2DplatformGame\BuddahGo\Assets\Plugins\Feel\MMFeedbacks\MMFeedbacksForThirdParty\HDRP\Shakers\MMVignetteShaker_HDRP.cs", "C#", 0, -177, 0, 0, 0, 0, 0, -45, -21, -243
"c:\Users\dwh88\Perforce\dengw3_Liyuu_1160\GSAS-2540-01-F24\users\dengw3\dengw3_2DplatformGame\BuddahGo\Assets\Plugins\Feel\MMFeedbacks\MMFeedbacksForThirdParty\HDRP\Shakers\MMWhiteBalanceShaker_HDRP.cs", "C#", 0, -164, 0, 0, 0, 0, 0, -43, -21, -228
"c:\Users\dwh88\Perforce\dengw3_Liyuu_1160\GSAS-2540-01-F24\users\dengw3\dengw3_2DplatformGame\BuddahGo\Assets\Plugins\Feel\MMFeedbacks\MMFeedbacksForThirdParty\HDRP\Springs\MMSpringBloomIntensity_HDRP.cs", "C#", 0, -27, 0, 0, 0, 0, 0, 0, -3, -30
"c:\Users\dwh88\Perforce\dengw3_Liyuu_1160\GSAS-2540-01-F24\users\dengw3\dengw3_2DplatformGame\BuddahGo\Assets\Plugins\Feel\MMFeedbacks\MMFeedbacksForThirdParty\HDRP\Springs\MMSpringChromaticAberrationIntensity_HDRP.cs", "C#", 0, -27, 0, 0, 0, 0, 0, 0, -3, -30
"c:\Users\dwh88\Perforce\dengw3_Liyuu_1160\GSAS-2540-01-F24\users\dengw3\dengw3_2DplatformGame\BuddahGo\Assets\Plugins\Feel\MMFeedbacks\MMFeedbacksForThirdParty\HDRP\Springs\MMSpringColorAdjustmentsContrast_HDRP.cs", "C#", 0, -27, 0, 0, 0, 0, 0, 0, -3, -30
"c:\Users\dwh88\Perforce\dengw3_Liyuu_1160\GSAS-2540-01-F24\users\dengw3\dengw3_2DplatformGame\BuddahGo\Assets\Plugins\Feel\MMFeedbacks\MMFeedbacksForThirdParty\HDRP\Springs\MMSpringColorAdjustmentsHueShift_HDRP.cs", "C#", 0, -27, 0, 0, 0, 0, 0, 0, -3, -30
"c:\Users\dwh88\Perforce\dengw3_Liyuu_1160\GSAS-2540-01-F24\users\dengw3\dengw3_2DplatformGame\BuddahGo\Assets\Plugins\Feel\MMFeedbacks\MMFeedbacksForThirdParty\HDRP\Springs\MMSpringColorAdjustmentsSaturation_HDRP.cs", "C#", 0, -27, 0, 0, 0, 0, 0, 0, -3, -30
"c:\Users\dwh88\Perforce\dengw3_Liyuu_1160\GSAS-2540-01-F24\users\dengw3\dengw3_2DplatformGame\BuddahGo\Assets\Plugins\Feel\MMFeedbacks\MMFeedbacksForThirdParty\HDRP\Springs\MMSpringDepthOfFieldFocusDistance_HDRP.cs", "C#", 0, -27, 0, 0, 0, 0, 0, 0, -3, -30
"c:\Users\dwh88\Perforce\dengw3_Liyuu_1160\GSAS-2540-01-F24\users\dengw3\dengw3_2DplatformGame\BuddahGo\Assets\Plugins\Feel\MMFeedbacks\MMFeedbacksForThirdParty\HDRP\Springs\MMSpringLensDistortionIntensity_HDRP.cs", "C#", 0, -27, 0, 0, 0, 0, 0, 0, -3, -30
"c:\Users\dwh88\Perforce\dengw3_Liyuu_1160\GSAS-2540-01-F24\users\dengw3\dengw3_2DplatformGame\BuddahGo\Assets\Plugins\Feel\MMFeedbacks\MMFeedbacksForThirdParty\HDRP\Springs\MMSpringMotionBlurIntensity_HDRP.cs", "C#", 0, -27, 0, 0, 0, 0, 0, 0, -3, -30
"c:\Users\dwh88\Perforce\dengw3_Liyuu_1160\GSAS-2540-01-F24\users\dengw3\dengw3_2DplatformGame\BuddahGo\Assets\Plugins\Feel\MMFeedbacks\MMFeedbacksForThirdParty\HDRP\Springs\MMSpringPaniniProjectionDistance_HDRP.cs", "C#", 0, -27, 0, 0, 0, 0, 0, 0, -3, -30
"c:\Users\dwh88\Perforce\dengw3_Liyuu_1160\GSAS-2540-01-F24\users\dengw3\dengw3_2DplatformGame\BuddahGo\Assets\Plugins\Feel\MMFeedbacks\MMFeedbacksForThirdParty\HDRP\Springs\MMSpringVignetteCenter_HDRP.cs", "C#", 0, -27, 0, 0, 0, 0, 0, 0, -3, -30
"c:\Users\dwh88\Perforce\dengw3_Liyuu_1160\GSAS-2540-01-F24\users\dengw3\dengw3_2DplatformGame\BuddahGo\Assets\Plugins\Feel\MMFeedbacks\MMFeedbacksForThirdParty\HDRP\Springs\MMSpringVignetteColor_HDRP.cs", "C#", 0, -27, 0, 0, 0, 0, 0, 0, -3, -30
"c:\Users\dwh88\Perforce\dengw3_Liyuu_1160\GSAS-2540-01-F24\users\dengw3\dengw3_2DplatformGame\BuddahGo\Assets\Plugins\Feel\MMFeedbacks\MMFeedbacksForThirdParty\HDRP\Springs\MMSpringVignetteIntensity_HDRP.cs", "C#", 0, -27, 0, 0, 0, 0, 0, 0, -3, -30
"c:\Users\dwh88\Perforce\dengw3_Liyuu_1160\GSAS-2540-01-F24\users\dengw3\dengw3_2DplatformGame\BuddahGo\Assets\Plugins\Feel\MMFeedbacks\MMFeedbacksForThirdParty\HDRP\Springs\MMSpringWhiteBalanceTemperature_HDRP.cs", "C#", 0, -27, 0, 0, 0, 0, 0, 0, -3, -30
"c:\Users\dwh88\Perforce\dengw3_Liyuu_1160\GSAS-2540-01-F24\users\dengw3\dengw3_2DplatformGame\BuddahGo\Assets\Plugins\Feel\MMFeedbacks\MMFeedbacksForThirdParty\HDRP\Springs\MMSpringWhiteBalanceTint_HDRP.cs", "C#", 0, -27, 0, 0, 0, 0, 0, 0, -3, -30
"c:\Users\dwh88\Perforce\dengw3_Liyuu_1160\GSAS-2540-01-F24\users\dengw3\dengw3_2DplatformGame\BuddahGo\Assets\Plugins\Feel\MMFeedbacks\MMFeedbacksForThirdParty\MMTools\Feedbacks\MMF_Blink.cs", "C#", 0, -88, 0, 0, 0, 0, 0, -28, -10, -126
"c:\Users\dwh88\Perforce\dengw3_Liyuu_1160\GSAS-2540-01-F24\users\dengw3\dengw3_2DplatformGame\BuddahGo\Assets\Plugins\Feel\MMFeedbacks\MMFeedbacksForThirdParty\MMTools\Feedbacks\MMF_Broadcast.cs", "C#", 0, -53, 0, 0, 0, 0, 0, -15, -7, -75
"c:\Users\dwh88\Perforce\dengw3_Liyuu_1160\GSAS-2540-01-F24\users\dengw3\dengw3_2DplatformGame\BuddahGo\Assets\Plugins\Feel\MMFeedbacks\MMFeedbacksForThirdParty\MMTools\Feedbacks\MMF_BroadcastProxy.cs", "C#", 0, -35, 0, 0, 0, 0, 0, -12, -4, -51
"c:\Users\dwh88\Perforce\dengw3_Liyuu_1160\GSAS-2540-01-F24\users\dengw3\dengw3_2DplatformGame\BuddahGo\Assets\Plugins\Feel\MMFeedbacks\MMFeedbacksForThirdParty\MMTools\Feedbacks\MMF_CanvasGroup.cs", "C#", 0, -61, 0, 0, 0, 0, 0, -9, -8, -78
"c:\Users\dwh88\Perforce\dengw3_Liyuu_1160\GSAS-2540-01-F24\users\dengw3\dengw3_2DplatformGame\BuddahGo\Assets\Plugins\Feel\MMFeedbacks\MMFeedbacksForThirdParty\MMTools\Feedbacks\MMF_DebugBreak.cs", "C#", 0, -28, 0, 0, 0, 0, 0, -11, -4, -43
"c:\Users\dwh88\Perforce\dengw3_Liyuu_1160\GSAS-2540-01-F24\users\dengw3\dengw3_2DplatformGame\BuddahGo\Assets\Plugins\Feel\MMFeedbacks\MMFeedbacksForThirdParty\MMTools\Feedbacks\MMF_DebugComment.cs", "C#", 0, -36, 0, 0, 0, 0, 0, -13, -5, -54
"c:\Users\dwh88\Perforce\dengw3_Liyuu_1160\GSAS-2540-01-F24\users\dengw3\dengw3_2DplatformGame\BuddahGo\Assets\Plugins\Feel\MMFeedbacks\MMFeedbacksForThirdParty\MMTools\Feedbacks\MMF_DebugLog.cs", "C#", 0, -59, 0, 0, 0, 0, 0, -16, -7, -82
"c:\Users\dwh88\Perforce\dengw3_Liyuu_1160\GSAS-2540-01-F24\users\dengw3\dengw3_2DplatformGame\BuddahGo\Assets\Plugins\Feel\MMFeedbacks\MMFeedbacksForThirdParty\MMTools\Feedbacks\MMF_Fade.cs", "C#", 0, -160, 0, 0, 0, 0, 0, -44, -18, -222
"c:\Users\dwh88\Perforce\dengw3_Liyuu_1160\GSAS-2540-01-F24\users\dengw3\dengw3_2DplatformGame\BuddahGo\Assets\Plugins\Feel\MMFeedbacks\MMFeedbacksForThirdParty\MMTools\Feedbacks\MMF_FloatController.cs", "C#", 0, -182, 0, 0, 0, 0, 0, -44, -15, -241
"c:\Users\dwh88\Perforce\dengw3_Liyuu_1160\GSAS-2540-01-F24\users\dengw3\dengw3_2DplatformGame\BuddahGo\Assets\Plugins\Feel\MMFeedbacks\MMFeedbacksForThirdParty\MMTools\Feedbacks\MMF_FloatingText.cs", "C#", 0, -109, 0, 0, 0, 0, 0, -29, -21, -159
"c:\Users\dwh88\Perforce\dengw3_Liyuu_1160\GSAS-2540-01-F24\users\dengw3\dengw3_2DplatformGame\BuddahGo\Assets\Plugins\Feel\MMFeedbacks\MMFeedbacksForThirdParty\MMTools\Feedbacks\MMF_Fog.cs", "C#", 0, -177, 0, 0, 0, 0, 0, -49, -25, -251
"c:\Users\dwh88\Perforce\dengw3_Liyuu_1160\GSAS-2540-01-F24\users\dengw3\dengw3_2DplatformGame\BuddahGo\Assets\Plugins\Feel\MMFeedbacks\MMFeedbacksForThirdParty\MMTools\Feedbacks\MMF_ImageAlpha.cs", "C#", 0, -158, 0, 0, 0, 0, 0, -42, -19, -219
"c:\Users\dwh88\Perforce\dengw3_Liyuu_1160\GSAS-2540-01-F24\users\dengw3\dengw3_2DplatformGame\BuddahGo\Assets\Plugins\Feel\MMFeedbacks\MMFeedbacksForThirdParty\MMTools\Feedbacks\MMF_ImageFill.cs", "C#", 0, -155, 0, 0, 0, 0, 0, -42, -18, -215
"c:\Users\dwh88\Perforce\dengw3_Liyuu_1160\GSAS-2540-01-F24\users\dengw3\dengw3_2DplatformGame\BuddahGo\Assets\Plugins\Feel\MMFeedbacks\MMFeedbacksForThirdParty\MMTools\Feedbacks\MMF_LoadScene.cs", "C#", 0, -102, 0, 0, 0, 0, 0, -34, -9, -145
"c:\Users\dwh88\Perforce\dengw3_Liyuu_1160\GSAS-2540-01-F24\users\dengw3\dengw3_2DplatformGame\BuddahGo\Assets\Plugins\Feel\MMFeedbacks\MMFeedbacksForThirdParty\MMTools\Feedbacks\MMF_MMGameEvent.cs", "C#", 0, -38, 0, 0, 0, 0, 0, -10, -4, -52
"c:\Users\dwh88\Perforce\dengw3_Liyuu_1160\GSAS-2540-01-F24\users\dengw3\dengw3_2DplatformGame\BuddahGo\Assets\Plugins\Feel\MMFeedbacks\MMFeedbacksForThirdParty\MMTools\Feedbacks\MMF_MMSoundManagerAllSoundsControl.cs", "C#", 0, -54, 0, 0, 0, 0, 0, -11, -4, -69
"c:\Users\dwh88\Perforce\dengw3_Liyuu_1160\GSAS-2540-01-F24\users\dengw3\dengw3_2DplatformGame\BuddahGo\Assets\Plugins\Feel\MMFeedbacks\MMFeedbacksForThirdParty\MMTools\Feedbacks\MMF_MMSoundManagerSaveLoad.cs", "C#", 0, -46, 0, 0, 0, 0, 0, -12, -5, -63
"c:\Users\dwh88\Perforce\dengw3_Liyuu_1160\GSAS-2540-01-F24\users\dengw3\dengw3_2DplatformGame\BuddahGo\Assets\Plugins\Feel\MMFeedbacks\MMFeedbacksForThirdParty\MMTools\Feedbacks\MMF_MMSoundManagerSound.cs", "C#", 0, -552, 0, 0, 0, 0, 0, -125, -66, -743
"c:\Users\dwh88\Perforce\dengw3_Liyuu_1160\GSAS-2540-01-F24\users\dengw3\dengw3_2DplatformGame\BuddahGo\Assets\Plugins\Feel\MMFeedbacks\MMFeedbacksForThirdParty\MMTools\Feedbacks\MMF_MMSoundManagerSoundControl.cs", "C#", 0, -37, 0, 0, 0, 0, 0, -12, -4, -53
"c:\Users\dwh88\Perforce\dengw3_Liyuu_1160\GSAS-2540-01-F24\users\dengw3\dengw3_2DplatformGame\BuddahGo\Assets\Plugins\Feel\MMFeedbacks\MMFeedbacksForThirdParty\MMTools\Feedbacks\MMF_MMSoundManagerSoundData.cs", "C#", 0, -142, 0, 0, 0, 0, 0, -51, -12, -205
"c:\Users\dwh88\Perforce\dengw3_Liyuu_1160\GSAS-2540-01-F24\users\dengw3\dengw3_2DplatformGame\BuddahGo\Assets\Plugins\Feel\MMFeedbacks\MMFeedbacksForThirdParty\MMTools\Feedbacks\MMF_MMSoundManagerSoundFade.cs", "C#", 0, -50, 0, 0, 0, 0, 0, -19, -7, -76
"c:\Users\dwh88\Perforce\dengw3_Liyuu_1160\GSAS-2540-01-F24\users\dengw3\dengw3_2DplatformGame\BuddahGo\Assets\Plugins\Feel\MMFeedbacks\MMFeedbacksForThirdParty\MMTools\Feedbacks\MMF_MMSoundManagerTrackControl.cs", "C#", 0, -63, 0, 0, 0, 0, 0, -14, -5, -82
"c:\Users\dwh88\Perforce\dengw3_Liyuu_1160\GSAS-2540-01-F24\users\dengw3\dengw3_2DplatformGame\BuddahGo\Assets\Plugins\Feel\MMFeedbacks\MMFeedbacksForThirdParty\MMTools\Feedbacks\MMF_MMSoundManagerTrackFade.cs", "C#", 0, -50, 0, 0, 0, 0, 0, -20, -7, -77
"c:\Users\dwh88\Perforce\dengw3_Liyuu_1160\GSAS-2540-01-F24\users\dengw3\dengw3_2DplatformGame\BuddahGo\Assets\Plugins\Feel\MMFeedbacks\MMFeedbacksForThirdParty\MMTools\Feedbacks\MMF_PPMovingFilter.cs", "C#", 0, -59, 0, 0, 0, 0, 0, -23, -13, -95
"c:\Users\dwh88\Perforce\dengw3_Liyuu_1160\GSAS-2540-01-F24\users\dengw3\dengw3_2DplatformGame\BuddahGo\Assets\Plugins\Feel\MMFeedbacks\MMFeedbacksForThirdParty\MMTools\Feedbacks\MMF_Playlist.cs", "C#", 0, -78, 0, 0, 0, 0, 0, -16, -7, -101
"c:\Users\dwh88\Perforce\dengw3_Liyuu_1160\GSAS-2540-01-F24\users\dengw3\dengw3_2DplatformGame\BuddahGo\Assets\Plugins\Feel\MMFeedbacks\MMFeedbacksForThirdParty\MMTools\Feedbacks\MMF_Property.cs", "C#", 0, -199, 0, 0, 0, 0, 0, -58, -36, -293
"c:\Users\dwh88\Perforce\dengw3_Liyuu_1160\GSAS-2540-01-F24\users\dengw3\dengw3_2DplatformGame\BuddahGo\Assets\Plugins\Feel\MMFeedbacks\MMFeedbacksForThirdParty\MMTools\Feedbacks\MMF_RadioSignal.cs", "C#", 0, -72, 0, 0, 0, 0, 0, -22, -10, -104
"c:\Users\dwh88\Perforce\dengw3_Liyuu_1160\GSAS-2540-01-F24\users\dengw3\dengw3_2DplatformGame\BuddahGo\Assets\Plugins\Feel\MMFeedbacks\MMFeedbacksForThirdParty\MMTools\Feedbacks\MMF_RectTransformAnchor.cs", "C#", 0, -86, 0, 0, 0, 0, 0, -13, -9, -108
"c:\Users\dwh88\Perforce\dengw3_Liyuu_1160\GSAS-2540-01-F24\users\dengw3\dengw3_2DplatformGame\BuddahGo\Assets\Plugins\Feel\MMFeedbacks\MMFeedbacksForThirdParty\MMTools\Feedbacks\MMF_RectTransformOffset.cs", "C#", 0, -85, 0, 0, 0, 0, 0, -13, -10, -108
"c:\Users\dwh88\Perforce\dengw3_Liyuu_1160\GSAS-2540-01-F24\users\dengw3\dengw3_2DplatformGame\BuddahGo\Assets\Plugins\Feel\MMFeedbacks\MMFeedbacksForThirdParty\MMTools\Feedbacks\MMF_RectTransformPivot.cs", "C#", 0, -58, 0, 0, 0, 0, 0, -8, -6, -72
"c:\Users\dwh88\Perforce\dengw3_Liyuu_1160\GSAS-2540-01-F24\users\dengw3\dengw3_2DplatformGame\BuddahGo\Assets\Plugins\Feel\MMFeedbacks\MMFeedbacksForThirdParty\MMTools\Feedbacks\MMF_RectTransformSizeDelta.cs", "C#", 0, -58, 0, 0, 0, 0, 0, -8, -7, -73
"c:\Users\dwh88\Perforce\dengw3_Liyuu_1160\GSAS-2540-01-F24\users\dengw3\dengw3_2DplatformGame\BuddahGo\Assets\Plugins\Feel\MMFeedbacks\MMFeedbacksForThirdParty\MMTools\Feedbacks\MMF_ShaderController.cs", "C#", 0, -191, 0, 0, 0, 0, 0, -41, -21, -253
"c:\Users\dwh88\Perforce\dengw3_Liyuu_1160\GSAS-2540-01-F24\users\dengw3\dengw3_2DplatformGame\BuddahGo\Assets\Plugins\Feel\MMFeedbacks\MMFeedbacksForThirdParty\MMTools\Feedbacks\MMF_Sound.cs", "C#", 0, -388, 0, 0, 0, 0, 0, -91, -46, -525
"c:\Users\dwh88\Perforce\dengw3_Liyuu_1160\GSAS-2540-01-F24\users\dengw3\dengw3_2DplatformGame\BuddahGo\Assets\Plugins\Feel\MMFeedbacks\MMFeedbacksForThirdParty\MMTools\Feedbacks\MMF_TextFontSize.cs", "C#", 0, -60, 0, 0, 0, 0, 0, -9, -6, -75
"c:\Users\dwh88\Perforce\dengw3_Liyuu_1160\GSAS-2540-01-F24\users\dengw3\dengw3_2DplatformGame\BuddahGo\Assets\Plugins\Feel\MMFeedbacks\MMFeedbacksForThirdParty\MMTools\MMRadio\Legacy\MMFeedbackBase.cs", "C#", 0, -173, 0, 0, 0, 0, 0, -56, -27, -256
"c:\Users\dwh88\Perforce\dengw3_Liyuu_1160\GSAS-2540-01-F24\users\dengw3\dengw3_2DplatformGame\BuddahGo\Assets\Plugins\Feel\MMFeedbacks\MMFeedbacksForThirdParty\MMTools\MMRadio\MMF_FeedbackBase.cs", "C#", 0, -218, 0, 0, 0, 0, 0, -65, -31, -314
"c:\Users\dwh88\Perforce\dengw3_Liyuu_1160\GSAS-2540-01-F24\users\dengw3\dengw3_2DplatformGame\BuddahGo\Assets\Plugins\Feel\MMFeedbacks\MMFeedbacksForThirdParty\MMTools\MoreMountains.Feedbacks.MMTools.asmref", "JSON", -3, 0, 0, 0, 0, 0, 0, 0, 0, -3
"c:\Users\dwh88\Perforce\dengw3_Liyuu_1160\GSAS-2540-01-F24\users\dengw3\dengw3_2DplatformGame\BuddahGo\Assets\Plugins\Feel\MMFeedbacks\MMFeedbacksForThirdParty\MMTools\Shakers\MMPostProcessingMovingFilter.cs", "C#", 0, -165, 0, 0, 0, 0, 0, -60, -42, -267
"c:\Users\dwh88\Perforce\dengw3_Liyuu_1160\GSAS-2540-01-F24\users\dengw3\dengw3_2DplatformGame\BuddahGo\Assets\Plugins\Feel\MMFeedbacks\MMFeedbacksForThirdParty\NiceVibrations\Feedbacks\Legacy\MMFeedbackNVSettings.cs", "C#", 0, -54, 0, 0, 0, 0, 0, -16, -7, -77
"c:\Users\dwh88\Perforce\dengw3_Liyuu_1160\GSAS-2540-01-F24\users\dengw3\dengw3_2DplatformGame\BuddahGo\Assets\Plugins\Feel\MMFeedbacks\MMFeedbacksForThirdParty\NiceVibrations\Feedbacks\MMF_Haptics.cs", "C#", 0, -27, 0, 0, 0, 0, 0, -12, -4, -43
"c:\Users\dwh88\Perforce\dengw3_Liyuu_1160\GSAS-2540-01-F24\users\dengw3\dengw3_2DplatformGame\BuddahGo\Assets\Plugins\Feel\MMFeedbacks\MMFeedbacksForThirdParty\NiceVibrations\Feedbacks\MMF_NVClip.cs", "C#", 0, -80, 0, 0, 0, 0, 0, -23, -9, -112
"c:\Users\dwh88\Perforce\dengw3_Liyuu_1160\GSAS-2540-01-F24\users\dengw3\dengw3_2DplatformGame\BuddahGo\Assets\Plugins\Feel\MMFeedbacks\MMFeedbacksForThirdParty\NiceVibrations\Feedbacks\MMF_NVContinuous.cs", "C#", 0, -110, 0, 0, 0, 0, 0, -28, -16, -154
"c:\Users\dwh88\Perforce\dengw3_Liyuu_1160\GSAS-2540-01-F24\users\dengw3\dengw3_2DplatformGame\BuddahGo\Assets\Plugins\Feel\MMFeedbacks\MMFeedbacksForThirdParty\NiceVibrations\Feedbacks\MMF_NVControl.cs", "C#", 0, -63, 0, 0, 0, 0, 0, -11, -5, -79
"c:\Users\dwh88\Perforce\dengw3_Liyuu_1160\GSAS-2540-01-F24\users\dengw3\dengw3_2DplatformGame\BuddahGo\Assets\Plugins\Feel\MMFeedbacks\MMFeedbacksForThirdParty\NiceVibrations\Feedbacks\MMF_NVEmphasis.cs", "C#", 0, -54, 0, 0, 0, 0, 0, -14, -6, -74
"c:\Users\dwh88\Perforce\dengw3_Liyuu_1160\GSAS-2540-01-F24\users\dengw3\dengw3_2DplatformGame\BuddahGo\Assets\Plugins\Feel\MMFeedbacks\MMFeedbacksForThirdParty\NiceVibrations\Feedbacks\MMF_NVPreset.cs", "C#", 0, -42, 0, 0, 0, 0, 0, -11, -5, -58
"c:\Users\dwh88\Perforce\dengw3_Liyuu_1160\GSAS-2540-01-F24\users\dengw3\dengw3_2DplatformGame\BuddahGo\Assets\Plugins\Feel\MMFeedbacks\MMFeedbacksForThirdParty\NiceVibrations\MoreMountains.Feedbacks.NiceVibrations.asmref", "JSON", -3, 0, 0, 0, 0, 0, 0, 0, 0, -3
"c:\Users\dwh88\Perforce\dengw3_Liyuu_1160\GSAS-2540-01-F24\users\dengw3\dengw3_2DplatformGame\BuddahGo\Assets\Plugins\Feel\MMFeedbacks\MMFeedbacksForThirdParty\PostProcessing\Feedbacks\MMF_Bloom.cs", "C#", 0, -87, 0, 0, 0, 0, 0, -33, -12, -132
"c:\Users\dwh88\Perforce\dengw3_Liyuu_1160\GSAS-2540-01-F24\users\dengw3\dengw3_2DplatformGame\BuddahGo\Assets\Plugins\Feel\MMFeedbacks\MMFeedbacksForThirdParty\PostProcessing\Feedbacks\MMF_ChromaticAberration.cs", "C#", 0, -83, 0, 0, 0, 0, 0, -31, -8, -122
"c:\Users\dwh88\Perforce\dengw3_Liyuu_1160\GSAS-2540-01-F24\users\dengw3\dengw3_2DplatformGame\BuddahGo\Assets\Plugins\Feel\MMFeedbacks\MMFeedbacksForThirdParty\PostProcessing\Feedbacks\MMF_ColorGrading.cs", "C#", 0, -129, 0, 0, 0, 0, 0, -42, -16, -187
"c:\Users\dwh88\Perforce\dengw3_Liyuu_1160\GSAS-2540-01-F24\users\dengw3\dengw3_2DplatformGame\BuddahGo\Assets\Plugins\Feel\MMFeedbacks\MMFeedbacksForThirdParty\PostProcessing\Feedbacks\MMF_DepthOfField.cs", "C#", 0, -105, 0, 0, 0, 0, 0, -37, -14, -156
"c:\Users\dwh88\Perforce\dengw3_Liyuu_1160\GSAS-2540-01-F24\users\dengw3\dengw3_2DplatformGame\BuddahGo\Assets\Plugins\Feel\MMFeedbacks\MMFeedbacksForThirdParty\PostProcessing\Feedbacks\MMF_GlobalPPVolumeAutoBlend.cs", "C#", 0, -157, 0, 0, 0, 0, 0, -31, -10, -198
"c:\Users\dwh88\Perforce\dengw3_Liyuu_1160\GSAS-2540-01-F24\users\dengw3\dengw3_2DplatformGame\BuddahGo\Assets\Plugins\Feel\MMFeedbacks\MMFeedbacksForThirdParty\PostProcessing\Feedbacks\MMF_LensDistortion.cs", "C#", 0, -90, 0, 0, 0, 0, 0, -31, -10, -131
"c:\Users\dwh88\Perforce\dengw3_Liyuu_1160\GSAS-2540-01-F24\users\dengw3\dengw3_2DplatformGame\BuddahGo\Assets\Plugins\Feel\MMFeedbacks\MMFeedbacksForThirdParty\PostProcessing\Feedbacks\MMF_Vignette.cs", "C#", 0, -95, 0, 0, 0, 0, 0, -36, -11, -142
"c:\Users\dwh88\Perforce\dengw3_Liyuu_1160\GSAS-2540-01-F24\users\dengw3\dengw3_2DplatformGame\BuddahGo\Assets\Plugins\Feel\MMFeedbacks\MMFeedbacksForThirdParty\PostProcessing\Helpers\MMGlobalPostProcessingVolumeAutoBlend.cs", "C#", 0, -140, 0, 0, 0, 0, 0, -45, -17, -202
"c:\Users\dwh88\Perforce\dengw3_Liyuu_1160\GSAS-2540-01-F24\users\dengw3\dengw3_2DplatformGame\BuddahGo\Assets\Plugins\Feel\MMFeedbacks\MMFeedbacksForThirdParty\PostProcessing\Helpers\MMPostProcessingHelpers.cs", "C#", 0, -56, 0, 0, 0, 0, 0, -4, -8, -68
"c:\Users\dwh88\Perforce\dengw3_Liyuu_1160\GSAS-2540-01-F24\users\dengw3\dengw3_2DplatformGame\BuddahGo\Assets\Plugins\Feel\MMFeedbacks\MMFeedbacksForThirdParty\PostProcessing\MoreMountains.Feedbacks.PostProcessing.asmref", "JSON", -3, 0, 0, 0, 0, 0, 0, 0, 0, -3
"c:\Users\dwh88\Perforce\dengw3_Liyuu_1160\GSAS-2540-01-F24\users\dengw3\dengw3_2DplatformGame\BuddahGo\Assets\Plugins\Feel\MMFeedbacks\MMFeedbacksForThirdParty\PostProcessing\Shakers\MMAutoFocus.cs", "C#", 0, -52, 0, 0, 0, 0, 0, -14, -7, -73
"c:\Users\dwh88\Perforce\dengw3_Liyuu_1160\GSAS-2540-01-F24\users\dengw3\dengw3_2DplatformGame\BuddahGo\Assets\Plugins\Feel\MMFeedbacks\MMFeedbacksForThirdParty\PostProcessing\Shakers\MMBloomShaker.cs", "C#", 0, -156, 0, 0, 0, 0, 0, -43, -21, -220
"c:\Users\dwh88\Perforce\dengw3_Liyuu_1160\GSAS-2540-01-F24\users\dengw3\dengw3_2DplatformGame\BuddahGo\Assets\Plugins\Feel\MMFeedbacks\MMFeedbacksForThirdParty\PostProcessing\Shakers\MMChromaticAberrationShaker.cs", "C#", 0, -132, 0, 0, 0, 0, 0, -40, -19, -191
"c:\Users\dwh88\Perforce\dengw3_Liyuu_1160\GSAS-2540-01-F24\users\dengw3\dengw3_2DplatformGame\BuddahGo\Assets\Plugins\Feel\MMFeedbacks\MMFeedbacksForThirdParty\PostProcessing\Shakers\MMColorGradingShaker.cs", "C#", 0, -254, 0, 0, 0, 0, 0, -54, -26, -334
"c:\Users\dwh88\Perforce\dengw3_Liyuu_1160\GSAS-2540-01-F24\users\dengw3\dengw3_2DplatformGame\BuddahGo\Assets\Plugins\Feel\MMFeedbacks\MMFeedbacksForThirdParty\PostProcessing\Shakers\MMDepthOfFieldShaker.cs", "C#", 0, -197, 0, 0, 0, 0, 0, -49, -33, -279
"c:\Users\dwh88\Perforce\dengw3_Liyuu_1160\GSAS-2540-01-F24\users\dengw3\dengw3_2DplatformGame\BuddahGo\Assets\Plugins\Feel\MMFeedbacks\MMFeedbacksForThirdParty\PostProcessing\Shakers\MMLensDistortionShaker.cs", "C#", 0, -145, 0, 0, 0, 0, 0, -43, -20, -208
"c:\Users\dwh88\Perforce\dengw3_Liyuu_1160\GSAS-2540-01-F24\users\dengw3\dengw3_2DplatformGame\BuddahGo\Assets\Plugins\Feel\MMFeedbacks\MMFeedbacksForThirdParty\PostProcessing\Shakers\MMVignetteShaker.cs", "C#", 0, -182, 0, 0, 0, 0, 0, -45, -24, -251
"c:\Users\dwh88\Perforce\dengw3_Liyuu_1160\GSAS-2540-01-F24\users\dengw3\dengw3_2DplatformGame\BuddahGo\Assets\Plugins\Feel\MMFeedbacks\MMFeedbacksForThirdParty\PostProcessing\Springs\MMSpringBloomIntensity.cs", "C#", 0, -26, 0, 0, 0, 0, 0, 0, -3, -29
"c:\Users\dwh88\Perforce\dengw3_Liyuu_1160\GSAS-2540-01-F24\users\dengw3\dengw3_2DplatformGame\BuddahGo\Assets\Plugins\Feel\MMFeedbacks\MMFeedbacksForThirdParty\PostProcessing\Springs\MMSpringChromaticAberrationIntensity.cs", "C#", 0, -26, 0, 0, 0, 0, 0, 0, -3, -29
"c:\Users\dwh88\Perforce\dengw3_Liyuu_1160\GSAS-2540-01-F24\users\dengw3\dengw3_2DplatformGame\BuddahGo\Assets\Plugins\Feel\MMFeedbacks\MMFeedbacksForThirdParty\PostProcessing\Springs\MMSpringColorGradingContrast.cs", "C#", 0, -26, 0, 0, 0, 0, 0, 0, -3, -29
"c:\Users\dwh88\Perforce\dengw3_Liyuu_1160\GSAS-2540-01-F24\users\dengw3\dengw3_2DplatformGame\BuddahGo\Assets\Plugins\Feel\MMFeedbacks\MMFeedbacksForThirdParty\PostProcessing\Springs\MMSpringColorGradingHueShift.cs", "C#", 0, -26, 0, 0, 0, 0, 0, 0, -3, -29
"c:\Users\dwh88\Perforce\dengw3_Liyuu_1160\GSAS-2540-01-F24\users\dengw3\dengw3_2DplatformGame\BuddahGo\Assets\Plugins\Feel\MMFeedbacks\MMFeedbacksForThirdParty\PostProcessing\Springs\MMSpringColorGradingSaturation.cs", "C#", 0, -26, 0, 0, 0, 0, 0, 0, -3, -29
"c:\Users\dwh88\Perforce\dengw3_Liyuu_1160\GSAS-2540-01-F24\users\dengw3\dengw3_2DplatformGame\BuddahGo\Assets\Plugins\Feel\MMFeedbacks\MMFeedbacksForThirdParty\PostProcessing\Springs\MMSpringColorGradingTemperature.cs", "C#", 0, -26, 0, 0, 0, 0, 0, 0, -3, -29
"c:\Users\dwh88\Perforce\dengw3_Liyuu_1160\GSAS-2540-01-F24\users\dengw3\dengw3_2DplatformGame\BuddahGo\Assets\Plugins\Feel\MMFeedbacks\MMFeedbacksForThirdParty\PostProcessing\Springs\MMSpringColorGradingTint.cs", "C#", 0, -26, 0, 0, 0, 0, 0, 0, -3, -29
"c:\Users\dwh88\Perforce\dengw3_Liyuu_1160\GSAS-2540-01-F24\users\dengw3\dengw3_2DplatformGame\BuddahGo\Assets\Plugins\Feel\MMFeedbacks\MMFeedbacksForThirdParty\PostProcessing\Springs\MMSpringDepthOfFieldFocusDistance.cs", "C#", 0, -26, 0, 0, 0, 0, 0, 0, -3, -29
"c:\Users\dwh88\Perforce\dengw3_Liyuu_1160\GSAS-2540-01-F24\users\dengw3\dengw3_2DplatformGame\BuddahGo\Assets\Plugins\Feel\MMFeedbacks\MMFeedbacksForThirdParty\PostProcessing\Springs\MMSpringLensDistortionIntensity.cs", "C#", 0, -26, 0, 0, 0, 0, 0, 0, -3, -29
"c:\Users\dwh88\Perforce\dengw3_Liyuu_1160\GSAS-2540-01-F24\users\dengw3\dengw3_2DplatformGame\BuddahGo\Assets\Plugins\Feel\MMFeedbacks\MMFeedbacksForThirdParty\PostProcessing\Springs\MMSpringMotionBlurShutterAngle.cs", "C#", 0, -26, 0, 0, 0, 0, 0, 0, -3, -29
"c:\Users\dwh88\Perforce\dengw3_Liyuu_1160\GSAS-2540-01-F24\users\dengw3\dengw3_2DplatformGame\BuddahGo\Assets\Plugins\Feel\MMFeedbacks\MMFeedbacksForThirdParty\PostProcessing\Springs\MMSpringVignetteCenter.cs", "C#", 0, -26, 0, 0, 0, 0, 0, 0, -3, -29
"c:\Users\dwh88\Perforce\dengw3_Liyuu_1160\GSAS-2540-01-F24\users\dengw3\dengw3_2DplatformGame\BuddahGo\Assets\Plugins\Feel\MMFeedbacks\MMFeedbacksForThirdParty\PostProcessing\Springs\MMSpringVignetteColor.cs", "C#", 0, -26, 0, 0, 0, 0, 0, 0, -3, -29
"c:\Users\dwh88\Perforce\dengw3_Liyuu_1160\GSAS-2540-01-F24\users\dengw3\dengw3_2DplatformGame\BuddahGo\Assets\Plugins\Feel\MMFeedbacks\MMFeedbacksForThirdParty\PostProcessing\Springs\MMSpringVignetteIntensity.cs", "C#", 0, -26, 0, 0, 0, 0, 0, 0, -3, -29
"c:\Users\dwh88\Perforce\dengw3_Liyuu_1160\GSAS-2540-01-F24\users\dengw3\dengw3_2DplatformGame\BuddahGo\Assets\Plugins\Feel\MMFeedbacks\MMFeedbacksForThirdParty\TextMeshPro\Feedbacks\MMF_TMPAlpha.cs", "C#", 0, -168, 0, 0, 0, 0, 0, -43, -20, -231
"c:\Users\dwh88\Perforce\dengw3_Liyuu_1160\GSAS-2540-01-F24\users\dengw3\dengw3_2DplatformGame\BuddahGo\Assets\Plugins\Feel\MMFeedbacks\MMFeedbacksForThirdParty\TextMeshPro\Feedbacks\MMF_TMPCharacterSpacing.cs", "C#", 0, -68, 0, 0, 0, 0, 0, -9, -9, -86
"c:\Users\dwh88\Perforce\dengw3_Liyuu_1160\GSAS-2540-01-F24\users\dengw3\dengw3_2DplatformGame\BuddahGo\Assets\Plugins\Feel\MMFeedbacks\MMFeedbacksForThirdParty\TextMeshPro\Feedbacks\MMF_TMPColor.cs", "C#", 0, -162, 0, 0, 0, 0, 0, -42, -19, -223
"c:\Users\dwh88\Perforce\dengw3_Liyuu_1160\GSAS-2540-01-F24\users\dengw3\dengw3_2DplatformGame\BuddahGo\Assets\Plugins\Feel\MMFeedbacks\MMFeedbacksForThirdParty\TextMeshPro\Feedbacks\MMF_TMPCountTo.cs", "C#", 0, -129, 0, 0, 0, 0, 0, -39, -17, -185
"c:\Users\dwh88\Perforce\dengw3_Liyuu_1160\GSAS-2540-01-F24\users\dengw3\dengw3_2DplatformGame\BuddahGo\Assets\Plugins\Feel\MMFeedbacks\MMFeedbacksForThirdParty\TextMeshPro\Feedbacks\MMF_TMPCountToLong.cs", "C#", 0, -119, 0, 0, 0, 0, 0, -38, -16, -173
"c:\Users\dwh88\Perforce\dengw3_Liyuu_1160\GSAS-2540-01-F24\users\dengw3\dengw3_2DplatformGame\BuddahGo\Assets\Plugins\Feel\MMFeedbacks\MMFeedbacksForThirdParty\TextMeshPro\Feedbacks\MMF_TMPDilate.cs", "C#", 0, -157, 0, 0, 0, 0, 0, -40, -18, -215
"c:\Users\dwh88\Perforce\dengw3_Liyuu_1160\GSAS-2540-01-F24\users\dengw3\dengw3_2DplatformGame\BuddahGo\Assets\Plugins\Feel\MMFeedbacks\MMFeedbacksForThirdParty\TextMeshPro\Feedbacks\MMF_TMPFontSize.cs", "C#", 0, -82, 0, 0, 0, 0, 0, -9, -13, -104
"c:\Users\dwh88\Perforce\dengw3_Liyuu_1160\GSAS-2540-01-F24\users\dengw3\dengw3_2DplatformGame\BuddahGo\Assets\Plugins\Feel\MMFeedbacks\MMFeedbacksForThirdParty\TextMeshPro\Feedbacks\MMF_TMPLineSpacing.cs", "C#", 0, -68, 0, 0, 0, 0, 0, -9, -8, -85
"c:\Users\dwh88\Perforce\dengw3_Liyuu_1160\GSAS-2540-01-F24\users\dengw3\dengw3_2DplatformGame\BuddahGo\Assets\Plugins\Feel\MMFeedbacks\MMFeedbacksForThirdParty\TextMeshPro\Feedbacks\MMF_TMPOutlineColor.cs", "C#", 0, -168, 0, 0, 0, 0, 0, -43, -16, -227
"c:\Users\dwh88\Perforce\dengw3_Liyuu_1160\GSAS-2540-01-F24\users\dengw3\dengw3_2DplatformGame\BuddahGo\Assets\Plugins\Feel\MMFeedbacks\MMFeedbacksForThirdParty\TextMeshPro\Feedbacks\MMF_TMPOutlineWidth.cs", "C#", 0, -76, 0, 0, 0, 0, 0, -9, -11, -96
"c:\Users\dwh88\Perforce\dengw3_Liyuu_1160\GSAS-2540-01-F24\users\dengw3\dengw3_2DplatformGame\BuddahGo\Assets\Plugins\Feel\MMFeedbacks\MMFeedbacksForThirdParty\TextMeshPro\Feedbacks\MMF_TMPParagraphSpacing.cs", "C#", 0, -68, 0, 0, 0, 0, 0, -9, -8, -85
"c:\Users\dwh88\Perforce\dengw3_Liyuu_1160\GSAS-2540-01-F24\users\dengw3\dengw3_2DplatformGame\BuddahGo\Assets\Plugins\Feel\MMFeedbacks\MMFeedbacksForThirdParty\TextMeshPro\Feedbacks\MMF_TMPSoftness.cs", "C#", 0, -153, 0, 0, 0, 0, 0, -32, -17, -202
"c:\Users\dwh88\Perforce\dengw3_Liyuu_1160\GSAS-2540-01-F24\users\dengw3\dengw3_2DplatformGame\BuddahGo\Assets\Plugins\Feel\MMFeedbacks\MMFeedbacksForThirdParty\TextMeshPro\Feedbacks\MMF_TMPText.cs", "C#", 0, -62, 0, 0, 0, 0, 0, -14, -7, -83
"c:\Users\dwh88\Perforce\dengw3_Liyuu_1160\GSAS-2540-01-F24\users\dengw3\dengw3_2DplatformGame\BuddahGo\Assets\Plugins\Feel\MMFeedbacks\MMFeedbacksForThirdParty\TextMeshPro\Feedbacks\MMF_TMPTextReveal.cs", "C#", 0, -374, 0, 0, 0, 0, 0, -59, -56, -489
"c:\Users\dwh88\Perforce\dengw3_Liyuu_1160\GSAS-2540-01-F24\users\dengw3\dengw3_2DplatformGame\BuddahGo\Assets\Plugins\Feel\MMFeedbacks\MMFeedbacksForThirdParty\TextMeshPro\Feedbacks\MMF_TMPWordSpacing.cs", "C#", 0, -68, 0, 0, 0, 0, 0, -9, -8, -85
"c:\Users\dwh88\Perforce\dengw3_Liyuu_1160\GSAS-2540-01-F24\users\dengw3\dengw3_2DplatformGame\BuddahGo\Assets\Plugins\Feel\MMFeedbacks\MMFeedbacksForThirdParty\TextMeshPro\MMFloatingText\MMFloatingTextMeshPro.cs", "C#", 0, -34, 0, 0, 0, 0, 0, -19, -5, -58
"c:\Users\dwh88\Perforce\dengw3_Liyuu_1160\GSAS-2540-01-F24\users\dengw3\dengw3_2DplatformGame\BuddahGo\Assets\Plugins\Feel\MMFeedbacks\MMFeedbacksForThirdParty\TextMeshPro\MoreMountains.Feedbacks.TextMeshPro.asmref", "JSON", -3, 0, 0, 0, 0, 0, 0, 0, 0, -3
"c:\Users\dwh88\Perforce\dengw3_Liyuu_1160\GSAS-2540-01-F24\users\dengw3\dengw3_2DplatformGame\BuddahGo\Assets\Plugins\Feel\MMFeedbacks\MMFeedbacksForThirdParty\UIToolkit\Base\MMF_UIToolkit.cs", "C#", 0, -62, 0, 0, 0, 0, 0, -16, -9, -87
"c:\Users\dwh88\Perforce\dengw3_Liyuu_1160\GSAS-2540-01-F24\users\dengw3\dengw3_2DplatformGame\BuddahGo\Assets\Plugins\Feel\MMFeedbacks\MMFeedbacksForThirdParty\UIToolkit\Base\MMF_UIToolkitBoolBase.cs", "C#", 0, -64, 0, 0, 0, 0, 0, -21, -12, -97
"c:\Users\dwh88\Perforce\dengw3_Liyuu_1160\GSAS-2540-01-F24\users\dengw3\dengw3_2DplatformGame\BuddahGo\Assets\Plugins\Feel\MMFeedbacks\MMFeedbacksForThirdParty\UIToolkit\Base\MMF_UIToolkitColorBase.cs", "C#", 0, -160, 0, 0, 0, 0, 0, -39, -25, -224
"c:\Users\dwh88\Perforce\dengw3_Liyuu_1160\GSAS-2540-01-F24\users\dengw3\dengw3_2DplatformGame\BuddahGo\Assets\Plugins\Feel\MMFeedbacks\MMFeedbacksForThirdParty\UIToolkit\Base\MMF_UIToolkitFloatBase.cs", "C#", 0, -155, 0, 0, 0, 0, 0, -42, -19, -216
"c:\Users\dwh88\Perforce\dengw3_Liyuu_1160\GSAS-2540-01-F24\users\dengw3\dengw3_2DplatformGame\BuddahGo\Assets\Plugins\Feel\MMFeedbacks\MMFeedbacksForThirdParty\UIToolkit\Base\MMF_UIToolkitVector2Base.cs", "C#", 0, -191, 0, 0, 0, 0, 0, -48, -24, -263
"c:\Users\dwh88\Perforce\dengw3_Liyuu_1160\GSAS-2540-01-F24\users\dengw3\dengw3_2DplatformGame\BuddahGo\Assets\Plugins\Feel\MMFeedbacks\MMFeedbacksForThirdParty\UIToolkit\Feedbacks\MMF_UIToolkitBackgroundColor.cs", "C#", 0, -27, 0, 0, 0, 0, 0, -3, -2, -32
"c:\Users\dwh88\Perforce\dengw3_Liyuu_1160\GSAS-2540-01-F24\users\dengw3\dengw3_2DplatformGame\BuddahGo\Assets\Plugins\Feel\MMFeedbacks\MMFeedbacksForThirdParty\UIToolkit\Feedbacks\MMF_UIToolkitBorderColor.cs", "C#", 0, -68, 0, 0, 0, 0, 0, -7, -3, -78
"c:\Users\dwh88\Perforce\dengw3_Liyuu_1160\GSAS-2540-01-F24\users\dengw3\dengw3_2DplatformGame\BuddahGo\Assets\Plugins\Feel\MMFeedbacks\MMFeedbacksForThirdParty\UIToolkit\Feedbacks\MMF_UIToolkitBorderRadius.cs", "C#", 0, -43, 0, 0, 0, 0, 0, -7, -3, -53
"c:\Users\dwh88\Perforce\dengw3_Liyuu_1160\GSAS-2540-01-F24\users\dengw3\dengw3_2DplatformGame\BuddahGo\Assets\Plugins\Feel\MMFeedbacks\MMFeedbacksForThirdParty\UIToolkit\Feedbacks\MMF_UIToolkitBorderWidth.cs", "C#", 0, -44, 0, 0, 0, 0, 0, -7, -3, -54
"c:\Users\dwh88\Perforce\dengw3_Liyuu_1160\GSAS-2540-01-F24\users\dengw3\dengw3_2DplatformGame\BuddahGo\Assets\Plugins\Feel\MMFeedbacks\MMFeedbacksForThirdParty\UIToolkit\Feedbacks\MMF_UIToolkitClass.cs", "C#", 0, -51, 0, 0, 0, 0, 0, -6, -4, -61
"c:\Users\dwh88\Perforce\dengw3_Liyuu_1160\GSAS-2540-01-F24\users\dengw3\dengw3_2DplatformGame\BuddahGo\Assets\Plugins\Feel\MMFeedbacks\MMFeedbacksForThirdParty\UIToolkit\Feedbacks\MMF_UIToolkitFontSize.cs", "C#", 0, -29, 0, 0, 0, 0, 0, -3, -2, -34
"c:\Users\dwh88\Perforce\dengw3_Liyuu_1160\GSAS-2540-01-F24\users\dengw3\dengw3_2DplatformGame\BuddahGo\Assets\Plugins\Feel\MMFeedbacks\MMFeedbacksForThirdParty\UIToolkit\Feedbacks\MMF_UIToolkitImageTint.cs", "C#", 0, -27, 0, 0, 0, 0, 0, -3, -2, -32
"c:\Users\dwh88\Perforce\dengw3_Liyuu_1160\GSAS-2540-01-F24\users\dengw3\dengw3_2DplatformGame\BuddahGo\Assets\Plugins\Feel\MMFeedbacks\MMFeedbacksForThirdParty\UIToolkit\Feedbacks\MMF_UIToolkitOpacity.cs", "C#", 0, -27, 0, 0, 0, 0, 0, -3, -2, -32
"c:\Users\dwh88\Perforce\dengw3_Liyuu_1160\GSAS-2540-01-F24\users\dengw3\dengw3_2DplatformGame\BuddahGo\Assets\Plugins\Feel\MMFeedbacks\MMFeedbacksForThirdParty\UIToolkit\Feedbacks\MMF_UIToolkitRotate.cs", "C#", 0, -29, 0, 0, 0, 0, 0, -3, -3, -35
"c:\Users\dwh88\Perforce\dengw3_Liyuu_1160\GSAS-2540-01-F24\users\dengw3\dengw3_2DplatformGame\BuddahGo\Assets\Plugins\Feel\MMFeedbacks\MMFeedbacksForThirdParty\UIToolkit\Feedbacks\MMF_UIToolkitScale.cs", "C#", 0, -28, 0, 0, 0, 0, 0, -3, -2, -33
"c:\Users\dwh88\Perforce\dengw3_Liyuu_1160\GSAS-2540-01-F24\users\dengw3\dengw3_2DplatformGame\BuddahGo\Assets\Plugins\Feel\MMFeedbacks\MMFeedbacksForThirdParty\UIToolkit\Feedbacks\MMF_UIToolkitSize.cs", "C#", 0, -29, 0, 0, 0, 0, 0, -3, -2, -34
"c:\Users\dwh88\Perforce\dengw3_Liyuu_1160\GSAS-2540-01-F24\users\dengw3\dengw3_2DplatformGame\BuddahGo\Assets\Plugins\Feel\MMFeedbacks\MMFeedbacksForThirdParty\UIToolkit\Feedbacks\MMF_UIToolkitStylesheet.cs", "C#", 0, -27, 0, 0, 0, 0, 0, -4, -2, -33
"c:\Users\dwh88\Perforce\dengw3_Liyuu_1160\GSAS-2540-01-F24\users\dengw3\dengw3_2DplatformGame\BuddahGo\Assets\Plugins\Feel\MMFeedbacks\MMFeedbacksForThirdParty\UIToolkit\Feedbacks\MMF_UIToolkitText.cs", "C#", 0, -53, 0, 0, 0, 0, 0, -7, -7, -67
"c:\Users\dwh88\Perforce\dengw3_Liyuu_1160\GSAS-2540-01-F24\users\dengw3\dengw3_2DplatformGame\BuddahGo\Assets\Plugins\Feel\MMFeedbacks\MMFeedbacksForThirdParty\UIToolkit\Feedbacks\MMF_UIToolkitTextColor.cs", "C#", 0, -27, 0, 0, 0, 0, 0, -3, -2, -32
"c:\Users\dwh88\Perforce\dengw3_Liyuu_1160\GSAS-2540-01-F24\users\dengw3\dengw3_2DplatformGame\BuddahGo\Assets\Plugins\Feel\MMFeedbacks\MMFeedbacksForThirdParty\UIToolkit\Feedbacks\MMF_UIToolkitTransformOrigin.cs", "C#", 0, -33, 0, 0, 0, 0, 0, -5, -3, -41
"c:\Users\dwh88\Perforce\dengw3_Liyuu_1160\GSAS-2540-01-F24\users\dengw3\dengw3_2DplatformGame\BuddahGo\Assets\Plugins\Feel\MMFeedbacks\MMFeedbacksForThirdParty\UIToolkit\Feedbacks\MMF_UIToolkitTranslate.cs", "C#", 0, -33, 0, 0, 0, 0, 0, -5, -3, -41
"c:\Users\dwh88\Perforce\dengw3_Liyuu_1160\GSAS-2540-01-F24\users\dengw3\dengw3_2DplatformGame\BuddahGo\Assets\Plugins\Feel\MMFeedbacks\MMFeedbacksForThirdParty\UIToolkit\Feedbacks\MMF_UIToolkitVisible.cs", "C#", 0, -51, 0, 0, 0, 0, 0, -5, -5, -61
"c:\Users\dwh88\Perforce\dengw3_Liyuu_1160\GSAS-2540-01-F24\users\dengw3\dengw3_2DplatformGame\BuddahGo\Assets\Plugins\Feel\MMFeedbacks\MMFeedbacksForThirdParty\UIToolkit\MoreMountains.Feedbacks.UIToolkit.asmref", "JSON", -3, 0, 0, 0, 0, 0, 0, 0, 0, -3
"c:\Users\dwh88\Perforce\dengw3_Liyuu_1160\GSAS-2540-01-F24\users\dengw3\dengw3_2DplatformGame\BuddahGo\Assets\Plugins\Feel\MMFeedbacks\MMFeedbacksForThirdParty\URP\Feedbacks\MMF_Bloom_URP.cs", "C#", 0, -88, 0, 0, 0, 0, 0, -32, -12, -132
"c:\Users\dwh88\Perforce\dengw3_Liyuu_1160\GSAS-2540-01-F24\users\dengw3\dengw3_2DplatformGame\BuddahGo\Assets\Plugins\Feel\MMFeedbacks\MMFeedbacksForThirdParty\URP\Feedbacks\MMF_ChannelMixer_URP.cs", "C#", 0, -108, 0, 0, 0, 0, 0, -35, -13, -156
"c:\Users\dwh88\Perforce\dengw3_Liyuu_1160\GSAS-2540-01-F24\users\dengw3\dengw3_2DplatformGame\BuddahGo\Assets\Plugins\Feel\MMFeedbacks\MMFeedbacksForThirdParty\URP\Feedbacks\MMF_ChromaticAberration_URP.cs", "C#", 0, -82, 0, 0, 0, 0, 0, -31, -11, -124
"c:\Users\dwh88\Perforce\dengw3_Liyuu_1160\GSAS-2540-01-F24\users\dengw3\dengw3_2DplatformGame\BuddahGo\Assets\Plugins\Feel\MMFeedbacks\MMFeedbacksForThirdParty\URP\Feedbacks\MMF_ColorAdjustments_URP.cs", "C#", 0, -138, 0, 0, 0, 0, 0, -47, -16, -201
"c:\Users\dwh88\Perforce\dengw3_Liyuu_1160\GSAS-2540-01-F24\users\dengw3\dengw3_2DplatformGame\BuddahGo\Assets\Plugins\Feel\MMFeedbacks\MMFeedbacksForThirdParty\URP\Feedbacks\MMF_DepthOfField_URP.cs", "C#", 0, -104, 0, 0, 0, 0, 0, -37, -13, -154
"c:\Users\dwh88\Perforce\dengw3_Liyuu_1160\GSAS-2540-01-F24\users\dengw3\dengw3_2DplatformGame\BuddahGo\Assets\Plugins\Feel\MMFeedbacks\MMFeedbacksForThirdParty\URP\Feedbacks\MMF_FilmGrain_URP.cs", "C#", 0, -80, 0, 0, 0, 0, 0, -31, -12, -123
"c:\Users\dwh88\Perforce\dengw3_Liyuu_1160\GSAS-2540-01-F24\users\dengw3\dengw3_2DplatformGame\BuddahGo\Assets\Plugins\Feel\MMFeedbacks\MMFeedbacksForThirdParty\URP\Feedbacks\MMF_GlobalPPVolumeAutoBlend_URP.cs", "C#", 0, -124, 0, 0, 0, 0, 0, -30, -11, -165
"c:\Users\dwh88\Perforce\dengw3_Liyuu_1160\GSAS-2540-01-F24\users\dengw3\dengw3_2DplatformGame\BuddahGo\Assets\Plugins\Feel\MMFeedbacks\MMFeedbacksForThirdParty\URP\Feedbacks\MMF_LensDistortion_URP.cs", "C#", 0, -89, 0, 0, 0, 0, 0, -31, -11, -131
"c:\Users\dwh88\Perforce\dengw3_Liyuu_1160\GSAS-2540-01-F24\users\dengw3\dengw3_2DplatformGame\BuddahGo\Assets\Plugins\Feel\MMFeedbacks\MMFeedbacksForThirdParty\URP\Feedbacks\MMF_Light2D_URP.cs", "C#", 0, -342, 0, 0, 0, 0, 0, -76, -32, -450
"c:\Users\dwh88\Perforce\dengw3_Liyuu_1160\GSAS-2540-01-F24\users\dengw3\dengw3_2DplatformGame\BuddahGo\Assets\Plugins\Feel\MMFeedbacks\MMFeedbacksForThirdParty\URP\Feedbacks\MMF_MotionBlur_URP.cs", "C#", 0, -80, 0, 0, 0, 0, 0, -31, -11, -122
"c:\Users\dwh88\Perforce\dengw3_Liyuu_1160\GSAS-2540-01-F24\users\dengw3\dengw3_2DplatformGame\BuddahGo\Assets\Plugins\Feel\MMFeedbacks\MMFeedbacksForThirdParty\URP\Feedbacks\MMF_PaniniProjection_URP.cs", "C#", 0, -80, 0, 0, 0, 0, 0, -30, -11, -121
"c:\Users\dwh88\Perforce\dengw3_Liyuu_1160\GSAS-2540-01-F24\users\dengw3\dengw3_2DplatformGame\BuddahGo\Assets\Plugins\Feel\MMFeedbacks\MMFeedbacksForThirdParty\URP\Feedbacks\MMF_Vignette_URP.cs", "C#", 0, -94, 0, 0, 0, 0, 0, -36, -13, -143
"c:\Users\dwh88\Perforce\dengw3_Liyuu_1160\GSAS-2540-01-F24\users\dengw3\dengw3_2DplatformGame\BuddahGo\Assets\Plugins\Feel\MMFeedbacks\MMFeedbacksForThirdParty\URP\Feedbacks\MMF_WhiteBalance_URP.cs", "C#", 0, -92, 0, 0, 0, 0, 0, -33, -14, -139
"c:\Users\dwh88\Perforce\dengw3_Liyuu_1160\GSAS-2540-01-F24\users\dengw3\dengw3_2DplatformGame\BuddahGo\Assets\Plugins\Feel\MMFeedbacks\MMFeedbacksForThirdParty\URP\Helpers\MMGlobalPostProcessingVolumeAutoBlend_URP.cs", "C#", 0, -135, 0, 0, 0, 0, 0, -44, -16, -195
"c:\Users\dwh88\Perforce\dengw3_Liyuu_1160\GSAS-2540-01-F24\users\dengw3\dengw3_2DplatformGame\BuddahGo\Assets\Plugins\Feel\MMFeedbacks\MMFeedbacksForThirdParty\URP\Helpers\MMURPHelpers.cs", "C#", 0, -53, 0, 0, 0, 0, 0, -4, -8, -65
"c:\Users\dwh88\Perforce\dengw3_Liyuu_1160\GSAS-2540-01-F24\users\dengw3\dengw3_2DplatformGame\BuddahGo\Assets\Plugins\Feel\MMFeedbacks\MMFeedbacksForThirdParty\URP\MoreMountains.Feedbacks.URP.asmref", "JSON", -3, 0, 0, 0, 0, 0, 0, 0, 0, -3
"c:\Users\dwh88\Perforce\dengw3_Liyuu_1160\GSAS-2540-01-F24\users\dengw3\dengw3_2DplatformGame\BuddahGo\Assets\Plugins\Feel\MMFeedbacks\MMFeedbacksForThirdParty\URP\Shakers\MMAutoFocus_URP.cs", "C#", 0, -47, 0, 0, 0, 0, 0, -13, -4, -64
"c:\Users\dwh88\Perforce\dengw3_Liyuu_1160\GSAS-2540-01-F24\users\dengw3\dengw3_2DplatformGame\BuddahGo\Assets\Plugins\Feel\MMFeedbacks\MMFeedbacksForThirdParty\URP\Shakers\MMBloomShaker_URP.cs", "C#", 0, -158, 0, 0, 0, 0, 0, -43, -21, -222
"c:\Users\dwh88\Perforce\dengw3_Liyuu_1160\GSAS-2540-01-F24\users\dengw3\dengw3_2DplatformGame\BuddahGo\Assets\Plugins\Feel\MMFeedbacks\MMFeedbacksForThirdParty\URP\Shakers\MMChannelMixerShaker_URP.cs", "C#", 0, -206, 0, 0, 0, 0, 0, -49, -24, -279
"c:\Users\dwh88\Perforce\dengw3_Liyuu_1160\GSAS-2540-01-F24\users\dengw3\dengw3_2DplatformGame\BuddahGo\Assets\Plugins\Feel\MMFeedbacks\MMFeedbacksForThirdParty\URP\Shakers\MMChromaticAberrationShaker_URP.cs", "C#", 0, -134, 0, 0, 0, 0, 0, -40, -19, -193
"c:\Users\dwh88\Perforce\dengw3_Liyuu_1160\GSAS-2540-01-F24\users\dengw3\dengw3_2DplatformGame\BuddahGo\Assets\Plugins\Feel\MMFeedbacks\MMFeedbacksForThirdParty\URP\Shakers\MMColorAdjustmentsShaker_URP.cs", "C#", 0, -277, 0, 0, 0, 0, 0, -56, -28, -361
"c:\Users\dwh88\Perforce\dengw3_Liyuu_1160\GSAS-2540-01-F24\users\dengw3\dengw3_2DplatformGame\BuddahGo\Assets\Plugins\Feel\MMFeedbacks\MMFeedbacksForThirdParty\URP\Shakers\MMDepthOfFieldShaker_URP.cs", "C#", 0, -200, 0, 0, 0, 0, 0, -49, -23, -272
"c:\Users\dwh88\Perforce\dengw3_Liyuu_1160\GSAS-2540-01-F24\users\dengw3\dengw3_2DplatformGame\BuddahGo\Assets\Plugins\Feel\MMFeedbacks\MMFeedbacksForThirdParty\URP\Shakers\MMFilmGrainShaker_URP.cs", "C#", 0, -136, 0, 0, 0, 0, 0, -40, -19, -195
"c:\Users\dwh88\Perforce\dengw3_Liyuu_1160\GSAS-2540-01-F24\users\dengw3\dengw3_2DplatformGame\BuddahGo\Assets\Plugins\Feel\MMFeedbacks\MMFeedbacksForThirdParty\URP\Shakers\MMLensDistortionShaker_URP.cs", "C#", 0, -149, 0, 0, 0, 0, 0, -43, -20, -212
"c:\Users\dwh88\Perforce\dengw3_Liyuu_1160\GSAS-2540-01-F24\users\dengw3\dengw3_2DplatformGame\BuddahGo\Assets\Plugins\Feel\MMFeedbacks\MMFeedbacksForThirdParty\URP\Shakers\MMLight2DShaker_URP.cs", "C#", 0, -208, 0, 0, 0, 0, 0, -42, -23, -273
"c:\Users\dwh88\Perforce\dengw3_Liyuu_1160\GSAS-2540-01-F24\users\dengw3\dengw3_2DplatformGame\BuddahGo\Assets\Plugins\Feel\MMFeedbacks\MMFeedbacksForThirdParty\URP\Shakers\MMMotionBlurShaker_URP.cs", "C#", 0, -136, 0, 0, 0, 0, 0, -40, -19, -195
"c:\Users\dwh88\Perforce\dengw3_Liyuu_1160\GSAS-2540-01-F24\users\dengw3\dengw3_2DplatformGame\BuddahGo\Assets\Plugins\Feel\MMFeedbacks\MMFeedbacksForThirdParty\URP\Shakers\MMPaniniProjectionShaker_URP.cs", "C#", 0, -136, 0, 0, 0, 0, 0, -40, -19, -195
"c:\Users\dwh88\Perforce\dengw3_Liyuu_1160\GSAS-2540-01-F24\users\dengw3\dengw3_2DplatformGame\BuddahGo\Assets\Plugins\Feel\MMFeedbacks\MMFeedbacksForThirdParty\URP\Shakers\MMVignetteShaker_URP.cs", "C#", 0, -179, 0, 0, 0, 0, 0, -45, -21, -245
"c:\Users\dwh88\Perforce\dengw3_Liyuu_1160\GSAS-2540-01-F24\users\dengw3\dengw3_2DplatformGame\BuddahGo\Assets\Plugins\Feel\MMFeedbacks\MMFeedbacksForThirdParty\URP\Shakers\MMWhiteBalanceShaker_URP.cs", "C#", 0, -166, 0, 0, 0, 0, 0, -43, -21, -230
"c:\Users\dwh88\Perforce\dengw3_Liyuu_1160\GSAS-2540-01-F24\users\dengw3\dengw3_2DplatformGame\BuddahGo\Assets\Plugins\Feel\MMFeedbacks\MMFeedbacksForThirdParty\URP\Springs\MMSpringBloomIntensity_URP.cs", "C#", 0, -27, 0, 0, 0, 0, 0, 0, -3, -30
"c:\Users\dwh88\Perforce\dengw3_Liyuu_1160\GSAS-2540-01-F24\users\dengw3\dengw3_2DplatformGame\BuddahGo\Assets\Plugins\Feel\MMFeedbacks\MMFeedbacksForThirdParty\URP\Springs\MMSpringChromaticAberrationIntensity_URP.cs", "C#", 0, -27, 0, 0, 0, 0, 0, 0, -3, -30
"c:\Users\dwh88\Perforce\dengw3_Liyuu_1160\GSAS-2540-01-F24\users\dengw3\dengw3_2DplatformGame\BuddahGo\Assets\Plugins\Feel\MMFeedbacks\MMFeedbacksForThirdParty\URP\Springs\MMSpringColorAdjustmentsContrast_URP.cs", "C#", 0, -27, 0, 0, 0, 0, 0, 0, -3, -30
"c:\Users\dwh88\Perforce\dengw3_Liyuu_1160\GSAS-2540-01-F24\users\dengw3\dengw3_2DplatformGame\BuddahGo\Assets\Plugins\Feel\MMFeedbacks\MMFeedbacksForThirdParty\URP\Springs\MMSpringColorAdjustmentsHueShift_URP.cs", "C#", 0, -27, 0, 0, 0, 0, 0, 0, -3, -30
"c:\Users\dwh88\Perforce\dengw3_Liyuu_1160\GSAS-2540-01-F24\users\dengw3\dengw3_2DplatformGame\BuddahGo\Assets\Plugins\Feel\MMFeedbacks\MMFeedbacksForThirdParty\URP\Springs\MMSpringColorAdjustmentsSaturation_URP.cs", "C#", 0, -27, 0, 0, 0, 0, 0, 0, -3, -30
"c:\Users\dwh88\Perforce\dengw3_Liyuu_1160\GSAS-2540-01-F24\users\dengw3\dengw3_2DplatformGame\BuddahGo\Assets\Plugins\Feel\MMFeedbacks\MMFeedbacksForThirdParty\URP\Springs\MMSpringDepthOfFieldFocalLength_URP.cs", "C#", 0, -27, 0, 0, 0, 0, 0, 0, -3, -30
"c:\Users\dwh88\Perforce\dengw3_Liyuu_1160\GSAS-2540-01-F24\users\dengw3\dengw3_2DplatformGame\BuddahGo\Assets\Plugins\Feel\MMFeedbacks\MMFeedbacksForThirdParty\URP\Springs\MMSpringLensDistortionIntensity_URP.cs", "C#", 0, -27, 0, 0, 0, 0, 0, 0, -3, -30
"c:\Users\dwh88\Perforce\dengw3_Liyuu_1160\GSAS-2540-01-F24\users\dengw3\dengw3_2DplatformGame\BuddahGo\Assets\Plugins\Feel\MMFeedbacks\MMFeedbacksForThirdParty\URP\Springs\MMSpringMotionBlurIntensity_URP.cs", "C#", 0, -27, 0, 0, 0, 0, 0, 0, -3, -30
"c:\Users\dwh88\Perforce\dengw3_Liyuu_1160\GSAS-2540-01-F24\users\dengw3\dengw3_2DplatformGame\BuddahGo\Assets\Plugins\Feel\MMFeedbacks\MMFeedbacksForThirdParty\URP\Springs\MMSpringPaniniProjectionDistance_URP.cs", "C#", 0, -27, 0, 0, 0, 0, 0, 0, -3, -30
"c:\Users\dwh88\Perforce\dengw3_Liyuu_1160\GSAS-2540-01-F24\users\dengw3\dengw3_2DplatformGame\BuddahGo\Assets\Plugins\Feel\MMFeedbacks\MMFeedbacksForThirdParty\URP\Springs\MMSpringVignetteCenter_URP.cs", "C#", 0, -27, 0, 0, 0, 0, 0, 0, -3, -30
"c:\Users\dwh88\Perforce\dengw3_Liyuu_1160\GSAS-2540-01-F24\users\dengw3\dengw3_2DplatformGame\BuddahGo\Assets\Plugins\Feel\MMFeedbacks\MMFeedbacksForThirdParty\URP\Springs\MMSpringVignetteColor_URP.cs", "C#", 0, -27, 0, 0, 0, 0, 0, 0, -3, -30
"c:\Users\dwh88\Perforce\dengw3_Liyuu_1160\GSAS-2540-01-F24\users\dengw3\dengw3_2DplatformGame\BuddahGo\Assets\Plugins\Feel\MMFeedbacks\MMFeedbacksForThirdParty\URP\Springs\MMSpringVignetteIntensity_URP.cs", "C#", 0, -27, 0, 0, 0, 0, 0, 0, -3, -30
"c:\Users\dwh88\Perforce\dengw3_Liyuu_1160\GSAS-2540-01-F24\users\dengw3\dengw3_2DplatformGame\BuddahGo\Assets\Plugins\Feel\MMFeedbacks\MMFeedbacksForThirdParty\URP\Springs\MMSpringWhiteBalanceTemperature_URP.cs", "C#", 0, -27, 0, 0, 0, 0, 0, 0, -3, -30
"c:\Users\dwh88\Perforce\dengw3_Liyuu_1160\GSAS-2540-01-F24\users\dengw3\dengw3_2DplatformGame\BuddahGo\Assets\Plugins\Feel\MMFeedbacks\MMFeedbacksForThirdParty\URP\Springs\MMSpringWhiteBalanceTint_URP.cs", "C#", 0, -27, 0, 0, 0, 0, 0, 0, -3, -30
"c:\Users\dwh88\Perforce\dengw3_Liyuu_1160\GSAS-2540-01-F24\users\dengw3\dengw3_2DplatformGame\BuddahGo\Assets\Plugins\Feel\MMFeedbacks\MMFeedbacksForThirdParty\VisualEffectGraph\Feedbacks\MMF_VisualEffect.cs", "C#", 0, -129, 0, 0, 0, 0, 0, -36, -18, -183
"c:\Users\dwh88\Perforce\dengw3_Liyuu_1160\GSAS-2540-01-F24\users\dengw3\dengw3_2DplatformGame\BuddahGo\Assets\Plugins\Feel\MMFeedbacks\MMFeedbacksForThirdParty\VisualEffectGraph\Feedbacks\MMF_VisualEffectSetProperty.cs", "C#", 0, -218, 0, 0, 0, 0, 0, -36, -17, -271
"c:\Users\dwh88\Perforce\dengw3_Liyuu_1160\GSAS-2540-01-F24\users\dengw3\dengw3_2DplatformGame\BuddahGo\Assets\Plugins\Feel\MMFeedbacks\MMFeedbacksForThirdParty\VisualEffectGraph\MoreMountains.Feedbacks.VisualEffectGraph.asmref", "JSON", -3, 0, 0, 0, 0, 0, 0, 0, 0, -3
"c:\Users\dwh88\Perforce\dengw3_Liyuu_1160\GSAS-2540-01-F24\users\dengw3\dengw3_2DplatformGame\BuddahGo\Assets\Plugins\Feel\MMFeedbacks\MMFeedbacks\Core\Legacy\MMFeedback.cs", "C#", 0, -416, 0, 0, 0, 0, 0, -126, -56, -598
"c:\Users\dwh88\Perforce\dengw3_Liyuu_1160\GSAS-2540-01-F24\users\dengw3\dengw3_2DplatformGame\BuddahGo\Assets\Plugins\Feel\MMFeedbacks\MMFeedbacks\Core\Legacy\MMFeedbacks.cs", "C#", 0, -623, 0, 0, 0, 0, 0, -206, -95, -924
"c:\Users\dwh88\Perforce\dengw3_Liyuu_1160\GSAS-2540-01-F24\users\dengw3\dengw3_2DplatformGame\BuddahGo\Assets\Plugins\Feel\MMFeedbacks\MMFeedbacks\Core\Legacy\MMFeedbacksEnabler.cs", "C#", 0, -18, 0, 0, 0, 0, 0, -8, -2, -28
"c:\Users\dwh88\Perforce\dengw3_Liyuu_1160\GSAS-2540-01-F24\users\dengw3\dengw3_2DplatformGame\BuddahGo\Assets\Plugins\Feel\MMFeedbacks\MMFeedbacks\Core\MMChannels\MMChannel.cs", "C#", 0, -71, 0, 0, 0, 0, 0, -13, -8, -92
"c:\Users\dwh88\Perforce\dengw3_Liyuu_1160\GSAS-2540-01-F24\users\dengw3\dengw3_2DplatformGame\BuddahGo\Assets\Plugins\Feel\MMFeedbacks\MMFeedbacks\Core\MMF_Player\MMF_Feedback.cs", "C#", 0, -757, 0, 0, 0, 0, 0, -280, -183, -1220
"c:\Users\dwh88\Perforce\dengw3_Liyuu_1160\GSAS-2540-01-F24\users\dengw3\dengw3_2DplatformGame\BuddahGo\Assets\Plugins\Feel\MMFeedbacks\MMFeedbacks\Core\MMF_Player\MMF_FeedbackAttributes.cs", "C#", 0, -19, 0, 0, 0, 0, 0, 0, -3, -22
"c:\Users\dwh88\Perforce\dengw3_Liyuu_1160\GSAS-2540-01-F24\users\dengw3\dengw3_2DplatformGame\BuddahGo\Assets\Plugins\Feel\MMFeedbacks\MMFeedbacks\Core\MMF_Player\MMF_Player.cs", "C#", 0, -1214, 0, 0, 0, 0, 0, -288, -180, -1682
"c:\Users\dwh88\Perforce\dengw3_Liyuu_1160\GSAS-2540-01-F24\users\dengw3\dengw3_2DplatformGame\BuddahGo\Assets\Plugins\Feel\MMFeedbacks\MMFeedbacks\Core\MMF_Player\MMF_PlayerDebugInput.cs", "C#", 0, -36, 0, 0, 0, 0, 0, -11, -8, -55
"c:\Users\dwh88\Perforce\dengw3_Liyuu_1160\GSAS-2540-01-F24\users\dengw3\dengw3_2DplatformGame\BuddahGo\Assets\Plugins\Feel\MMFeedbacks\MMFeedbacks\Core\MMF_Player\MMF_PlayerEnabler.cs", "C#", 0, -18, 0, 0, 0, 0, 0, -8, -2, -28
"c:\Users\dwh88\Perforce\dengw3_Liyuu_1160\GSAS-2540-01-F24\users\dengw3\dengw3_2DplatformGame\BuddahGo\Assets\Plugins\Feel\MMFeedbacks\MMFeedbacks\Core\MMFeedbackTargetAcquisition.cs", "C#", 0, -102, 0, 0, 0, 0, 0, -10, -11, -123
"c:\Users\dwh88\Perforce\dengw3_Liyuu_1160\GSAS-2540-01-F24\users\dengw3\dengw3_2DplatformGame\BuddahGo\Assets\Plugins\Feel\MMFeedbacks\MMFeedbacks\Core\MMFeedbackTiming.cs", "C#", 0, -85, 0, 0, 0, 0, 0, -40, -12, -137
"c:\Users\dwh88\Perforce\dengw3_Liyuu_1160\GSAS-2540-01-F24\users\dengw3\dengw3_2DplatformGame\BuddahGo\Assets\Plugins\Feel\MMFeedbacks\MMFeedbacks\Core\MMFeedbacksCoroutine.cs", "C#", 0, -31, 0, 0, 0, 0, 0, -21, -3, -55
"c:\Users\dwh88\Perforce\dengw3_Liyuu_1160\GSAS-2540-01-F24\users\dengw3\dengw3_2DplatformGame\BuddahGo\Assets\Plugins\Feel\MMFeedbacks\MMFeedbacks\Core\MMFeedbacksEvents.cs", "C#", 0, -194, 0, 0, 0, 0, 0, -83, -29, -306
"c:\Users\dwh88\Perforce\dengw3_Liyuu_1160\GSAS-2540-01-F24\users\dengw3\dengw3_2DplatformGame\BuddahGo\Assets\Plugins\Feel\MMFeedbacks\MMFeedbacks\Core\MMFeedbacksHelpers.cs", "C#", 0, -443, 0, 0, 0, 0, 0, -53, -72, -568
"c:\Users\dwh88\Perforce\dengw3_Liyuu_1160\GSAS-2540-01-F24\users\dengw3\dengw3_2DplatformGame\BuddahGo\Assets\Plugins\Feel\MMFeedbacks\MMFeedbacks\Core\MMFeedbacksInspectorColors.cs", "C#", 0, -32, 0, 0, 0, 0, 0, 0, -2, -34
"c:\Users\dwh88\Perforce\dengw3_Liyuu_1160\GSAS-2540-01-F24\users\dengw3\dengw3_2DplatformGame\BuddahGo\Assets\Plugins\Feel\MMFeedbacks\MMFeedbacks\Core\MMShaker.cs", "C#", 0, -237, 0, 0, 0, 0, 0, -82, -46, -365
"c:\Users\dwh88\Perforce\dengw3_Liyuu_1160\GSAS-2540-01-F24\users\dengw3\dengw3_2DplatformGame\BuddahGo\Assets\Plugins\Feel\MMFeedbacks\MMFeedbacks\Core\ObjectPool\MMMiniObjectPooler.cs", "C#", 0, -160, 0, 0, 0, 0, 0, -52, -24, -236
"c:\Users\dwh88\Perforce\dengw3_Liyuu_1160\GSAS-2540-01-F24\users\dengw3\dengw3_2DplatformGame\BuddahGo\Assets\Plugins\Feel\MMFeedbacks\MMFeedbacks\Core\ObjectPool\MMMiniPoolableObject.cs", "C#", 0, -35, 0, 0, 0, 0, 0, -17, -6, -58
"c:\Users\dwh88\Perforce\dengw3_Liyuu_1160\GSAS-2540-01-F24\users\dengw3\dengw3_2DplatformGame\BuddahGo\Assets\Plugins\Feel\MMFeedbacks\MMFeedbacks\Feedbacks\MMF_Animation.cs", "C#", 0, -234, 0, 0, 0, 0, 0, -57, -32, -323
"c:\Users\dwh88\Perforce\dengw3_Liyuu_1160\GSAS-2540-01-F24\users\dengw3\dengw3_2DplatformGame\BuddahGo\Assets\Plugins\Feel\MMFeedbacks\MMFeedbacks\Feedbacks\MMF_AnimationCrossfade.cs", "C#", 0, -92, 0, 0, 0, 0, 0, -32, -19, -143
"c:\Users\dwh88\Perforce\dengw3_Liyuu_1160\GSAS-2540-01-F24\users\dengw3\dengw3_2DplatformGame\BuddahGo\Assets\Plugins\Feel\MMFeedbacks\MMFeedbacks\Feedbacks\MMF_AnimatorSpeed.cs", "C#", 0, -121, 0, 0, 0, 0, 0, -32, -17, -170
"c:\Users\dwh88\Perforce\dengw3_Liyuu_1160\GSAS-2540-01-F24\users\dengw3\dengw3_2DplatformGame\BuddahGo\Assets\Plugins\Feel\MMFeedbacks\MMFeedbacks\Feedbacks\MMF_AudioFilterDistortion.cs", "C#", 0, -74, 0, 0, 0, 0, 0, -26, -9, -109
"c:\Users\dwh88\Perforce\dengw3_Liyuu_1160\GSAS-2540-01-F24\users\dengw3\dengw3_2DplatformGame\BuddahGo\Assets\Plugins\Feel\MMFeedbacks\MMFeedbacks\Feedbacks\MMF_AudioFilterEcho.cs", "C#", 0, -67, 0, 0, 0, 0, 0, -26, -6, -99
"c:\Users\dwh88\Perforce\dengw3_Liyuu_1160\GSAS-2540-01-F24\users\dengw3\dengw3_2DplatformGame\BuddahGo\Assets\Plugins\Feel\MMFeedbacks\MMFeedbacks\Feedbacks\MMF_AudioFilterHighPass.cs", "C#", 0, -67, 0, 0, 0, 0, 0, -26, -5, -98
"c:\Users\dwh88\Perforce\dengw3_Liyuu_1160\GSAS-2540-01-F24\users\dengw3\dengw3_2DplatformGame\BuddahGo\Assets\Plugins\Feel\MMFeedbacks\MMFeedbacks\Feedbacks\MMF_AudioFilterLowPass.cs", "C#", 0, -68, 0, 0, 0, 0, 0, -26, -6, -100
"c:\Users\dwh88\Perforce\dengw3_Liyuu_1160\GSAS-2540-01-F24\users\dengw3\dengw3_2DplatformGame\BuddahGo\Assets\Plugins\Feel\MMFeedbacks\MMFeedbacks\Feedbacks\MMF_AudioFilterReverb.cs", "C#", 0, -68, 0, 0, 0, 0, 0, -26, -6, -100
"c:\Users\dwh88\Perforce\dengw3_Liyuu_1160\GSAS-2540-01-F24\users\dengw3\dengw3_2DplatformGame\BuddahGo\Assets\Plugins\Feel\MMFeedbacks\MMFeedbacks\Feedbacks\MMF_AudioMixerSnapshotTransition.cs", "C#", 0, -55, 0, 0, 0, 0, 0, -12, -5, -72
"c:\Users\dwh88\Perforce\dengw3_Liyuu_1160\GSAS-2540-01-F24\users\dengw3\dengw3_2DplatformGame\BuddahGo\Assets\Plugins\Feel\MMFeedbacks\MMFeedbacks\Feedbacks\MMF_AudioSource.cs", "C#", 0, -105, 0, 0, 0, 0, 0, -30, -19, -154
"c:\Users\dwh88\Perforce\dengw3_Liyuu_1160\GSAS-2540-01-F24\users\dengw3\dengw3_2DplatformGame\BuddahGo\Assets\Plugins\Feel\MMFeedbacks\MMFeedbacks\Feedbacks\MMF_AudioSourcePitch.cs", "C#", 0, -67, 0, 0, 0, 0, 0, -26, -5, -98
"c:\Users\dwh88\Perforce\dengw3_Liyuu_1160\GSAS-2540-01-F24\users\dengw3\dengw3_2DplatformGame\BuddahGo\Assets\Plugins\Feel\MMFeedbacks\MMFeedbacks\Feedbacks\MMF_AudioSourceStereoPan.cs", "C#", 0, -67, 0, 0, 0, 0, 0, -26, -6, -99
"c:\Users\dwh88\Perforce\dengw3_Liyuu_1160\GSAS-2540-01-F24\users\dengw3\dengw3_2DplatformGame\BuddahGo\Assets\Plugins\Feel\MMFeedbacks\MMFeedbacks\Feedbacks\MMF_AudioSourceVolume.cs", "C#", 0, -67, 0, 0, 0, 0, 0, -26, -5, -98
"c:\Users\dwh88\Perforce\dengw3_Liyuu_1160\GSAS-2540-01-F24\users\dengw3\dengw3_2DplatformGame\BuddahGo\Assets\Plugins\Feel\MMFeedbacks\MMFeedbacks\Feedbacks\MMF_CameraClippingPlanes.cs", "C#", 0, -77, 0, 0, 0, 0, 0, -29, -9, -115
"c:\Users\dwh88\Perforce\dengw3_Liyuu_1160\GSAS-2540-01-F24\users\dengw3\dengw3_2DplatformGame\BuddahGo\Assets\Plugins\Feel\MMFeedbacks\MMFeedbacks\Feedbacks\MMF_CameraFieldOfView.cs", "C#", 0, -105, 0, 0, 0, 0, 0, -29, -21, -155
"c:\Users\dwh88\Perforce\dengw3_Liyuu_1160\GSAS-2540-01-F24\users\dengw3\dengw3_2DplatformGame\BuddahGo\Assets\Plugins\Feel\MMFeedbacks\MMFeedbacks\Feedbacks\MMF_CameraOrthographicSize.cs", "C#", 0, -96, 0, 0, 0, 0, 0, -29, -11, -136
"c:\Users\dwh88\Perforce\dengw3_Liyuu_1160\GSAS-2540-01-F24\users\dengw3\dengw3_2DplatformGame\BuddahGo\Assets\Plugins\Feel\MMFeedbacks\MMFeedbacks\Feedbacks\MMF_CameraShake.cs", "C#", 0, -89, 0, 0, 0, 0, 0, -16, -11, -116
"c:\Users\dwh88\Perforce\dengw3_Liyuu_1160\GSAS-2540-01-F24\users\dengw3\dengw3_2DplatformGame\BuddahGo\Assets\Plugins\Feel\MMFeedbacks\MMFeedbacks\Feedbacks\MMF_CameraZoom.cs", "C#", 0, -97, 0, 0, 0, 0, 0, -28, -11, -136
"c:\Users\dwh88\Perforce\dengw3_Liyuu_1160\GSAS-2540-01-F24\users\dengw3\dengw3_2DplatformGame\BuddahGo\Assets\Plugins\Feel\MMFeedbacks\MMFeedbacks\Feedbacks\MMF_CanvasGroupBlocksRaycasts.cs", "C#", 0, -49, 0, 0, 0, 0, 0, -14, -7, -70
"c:\Users\dwh88\Perforce\dengw3_Liyuu_1160\GSAS-2540-01-F24\users\dengw3\dengw3_2DplatformGame\BuddahGo\Assets\Plugins\Feel\MMFeedbacks\MMFeedbacks\Feedbacks\MMF_Collider.cs", "C#", 0, -101, 0, 0, 0, 0, 0, -20, -8, -129
"c:\Users\dwh88\Perforce\dengw3_Liyuu_1160\GSAS-2540-01-F24\users\dengw3\dengw3_2DplatformGame\BuddahGo\Assets\Plugins\Feel\MMFeedbacks\MMFeedbacks\Feedbacks\MMF_Collider2D.cs", "C#", 0, -98, 0, 0, 0, 0, 0, -20, -8, -126
"c:\Users\dwh88\Perforce\dengw3_Liyuu_1160\GSAS-2540-01-F24\users\dengw3\dengw3_2DplatformGame\BuddahGo\Assets\Plugins\Feel\MMFeedbacks\MMFeedbacks\Feedbacks\MMF_DestinationTransform.cs", "C#", 0, -184, 0, 0, 0, 0, 0, -58, -33, -275
"c:\Users\dwh88\Perforce\dengw3_Liyuu_1160\GSAS-2540-01-F24\users\dengw3\dengw3_2DplatformGame\BuddahGo\Assets\Plugins\Feel\MMFeedbacks\MMFeedbacks\Feedbacks\MMF_Destroy.cs", "C#", 0, -71, 0, 0, 0, 0, 0, -21, -9, -101
"c:\Users\dwh88\Perforce\dengw3_Liyuu_1160\GSAS-2540-01-F24\users\dengw3\dengw3_2DplatformGame\BuddahGo\Assets\Plugins\Feel\MMFeedbacks\MMFeedbacks\Feedbacks\MMF_Enable.cs", "C#", 0, -135, 0, 0, 0, 0, 0, -45, -16, -196
"c:\Users\dwh88\Perforce\dengw3_Liyuu_1160\GSAS-2540-01-F24\users\dengw3\dengw3_2DplatformGame\BuddahGo\Assets\Plugins\Feel\MMFeedbacks\MMFeedbacks\Feedbacks\MMF_Events.cs", "C#", 0, -61, 0, 0, 0, 0, 0, -26, -6, -93
"c:\Users\dwh88\Perforce\dengw3_Liyuu_1160\GSAS-2540-01-F24\users\dengw3\dengw3_2DplatformGame\BuddahGo\Assets\Plugins\Feel\MMFeedbacks\MMFeedbacks\Feedbacks\MMF_Feedbacks.cs", "C#", 0, -81, 0, 0, 0, 0, 0, -20, -11, -112
"c:\Users\dwh88\Perforce\dengw3_Liyuu_1160\GSAS-2540-01-F24\users\dengw3\dengw3_2DplatformGame\BuddahGo\Assets\Plugins\Feel\MMFeedbacks\MMFeedbacks\Feedbacks\MMF_Flash.cs", "C#", 0, -93, 0, 0, 0, 0, 0, -27, -11, -131
"c:\Users\dwh88\Perforce\dengw3_Liyuu_1160\GSAS-2540-01-F24\users\dengw3\dengw3_2DplatformGame\BuddahGo\Assets\Plugins\Feel\MMFeedbacks\MMFeedbacks\Feedbacks\MMF_Flicker.cs", "C#", 0, -313, 0, 0, 0, 0, 0, -40, -42, -395
"c:\Users\dwh88\Perforce\dengw3_Liyuu_1160\GSAS-2540-01-F24\users\dengw3\dengw3_2DplatformGame\BuddahGo\Assets\Plugins\Feel\MMFeedbacks\MMFeedbacks\Feedbacks\MMF_FreezeFrame.cs", "C#", 0, -47, 0, 0, 0, 0, 0, -16, -7, -70
"c:\Users\dwh88\Perforce\dengw3_Liyuu_1160\GSAS-2540-01-F24\users\dengw3\dengw3_2DplatformGame\BuddahGo\Assets\Plugins\Feel\MMFeedbacks\MMFeedbacks\Feedbacks\MMF_Graphic.cs", "C#", 0, -151, 0, 0, 0, 0, 0, -45, -20, -216
"c:\Users\dwh88\Perforce\dengw3_Liyuu_1160\GSAS-2540-01-F24\users\dengw3\dengw3_2DplatformGame\BuddahGo\Assets\Plugins\Feel\MMFeedbacks\MMFeedbacks\Feedbacks\MMF_GraphicCrossFade.cs", "C#", 0, -102, 0, 0, 0, 0, 0, -32, -13, -147
"c:\Users\dwh88\Perforce\dengw3_Liyuu_1160\GSAS-2540-01-F24\users\dengw3\dengw3_2DplatformGame\BuddahGo\Assets\Plugins\Feel\MMFeedbacks\MMFeedbacks\Feedbacks\MMF_HoldingPause.cs", "C#", 0, -26, 0, 0, 0, 0, 0, -10, -3, -39
"c:\Users\dwh88\Perforce\dengw3_Liyuu_1160\GSAS-2540-01-F24\users\dengw3\dengw3_2DplatformGame\BuddahGo\Assets\Plugins\Feel\MMFeedbacks\MMFeedbacks\Feedbacks\MMF_Image.cs", "C#", 0, -157, 0, 0, 0, 0, 0, -47, -19, -223
"c:\Users\dwh88\Perforce\dengw3_Liyuu_1160\GSAS-2540-01-F24\users\dengw3\dengw3_2DplatformGame\BuddahGo\Assets\Plugins\Feel\MMFeedbacks\MMFeedbacks\Feedbacks\MMF_ImageMaterial.cs", "C#", 0, -51, 0, 0, 0, 0, 0, -14, -8, -73
"c:\Users\dwh88\Perforce\dengw3_Liyuu_1160\GSAS-2540-01-F24\users\dengw3\dengw3_2DplatformGame\BuddahGo\Assets\Plugins\Feel\MMFeedbacks\MMFeedbacks\Feedbacks\MMF_ImageRaycastTarget.cs", "C#", 0, -51, 0, 0, 0, 0, 0, -14, -7, -72
"c:\Users\dwh88\Perforce\dengw3_Liyuu_1160\GSAS-2540-01-F24\users\dengw3\dengw3_2DplatformGame\BuddahGo\Assets\Plugins\Feel\MMFeedbacks\MMFeedbacks\Feedbacks\MMF_ImageTextureOffset.cs", "C#", 0, -153, 0, 0, 0, 0, 0, -45, -20, -218
"c:\Users\dwh88\Perforce\dengw3_Liyuu_1160\GSAS-2540-01-F24\users\dengw3\dengw3_2DplatformGame\BuddahGo\Assets\Plugins\Feel\MMFeedbacks\MMFeedbacks\Feedbacks\MMF_ImageTextureScale.cs", "C#", 0, -153, 0, 0, 0, 0, 0, -45, -20, -218
"c:\Users\dwh88\Perforce\dengw3_Liyuu_1160\GSAS-2540-01-F24\users\dengw3\dengw3_2DplatformGame\BuddahGo\Assets\Plugins\Feel\MMFeedbacks\MMFeedbacks\Feedbacks\MMF_InstantiateObject.cs", "C#", 0, -194, 0, 0, 0, 0, 0, -49, -19, -262
"c:\Users\dwh88\Perforce\dengw3_Liyuu_1160\GSAS-2540-01-F24\users\dengw3\dengw3_2DplatformGame\BuddahGo\Assets\Plugins\Feel\MMFeedbacks\MMFeedbacks\Feedbacks\MMF_Light.cs", "C#", 0, -300, 0, 0, 0, 0, 0, -70, -31, -401
"c:\Users\dwh88\Perforce\dengw3_Liyuu_1160\GSAS-2540-01-F24\users\dengw3\dengw3_2DplatformGame\BuddahGo\Assets\Plugins\Feel\MMFeedbacks\MMFeedbacks\Feedbacks\MMF_LookAt.cs", "C#", 0, -210, 0, 0, 0, 0, 0, -56, -28, -294
"c:\Users\dwh88\Perforce\dengw3_Liyuu_1160\GSAS-2540-01-F24\users\dengw3\dengw3_2DplatformGame\BuddahGo\Assets\Plugins\Feel\MMFeedbacks\MMFeedbacks\Feedbacks\MMF_Looper.cs", "C#", 0, -82, 0, 0, 0, 0, 0, -36, -12, -130
"c:\Users\dwh88\Perforce\dengw3_Liyuu_1160\GSAS-2540-01-F24\users\dengw3\dengw3_2DplatformGame\BuddahGo\Assets\Plugins\Feel\MMFeedbacks\MMFeedbacks\Feedbacks\MMF_LooperStart.cs", "C#", 0, -31, 0, 0, 0, 0, 0, -13, -5, -49
"c:\Users\dwh88\Perforce\dengw3_Liyuu_1160\GSAS-2540-01-F24\users\dengw3\dengw3_2DplatformGame\BuddahGo\Assets\Plugins\Feel\MMFeedbacks\MMFeedbacks\Feedbacks\MMF_Material.cs", "C#", 0, -198, 0, 0, 0, 0, 0, -53, -25, -276
"c:\Users\dwh88\Perforce\dengw3_Liyuu_1160\GSAS-2540-01-F24\users\dengw3\dengw3_2DplatformGame\BuddahGo\Assets\Plugins\Feel\MMFeedbacks\MMFeedbacks\Feedbacks\MMF_MaterialSetProperty.cs", "C#", 0, -244, 0, 0, 0, 0, 0, -47, -20, -311
"c:\Users\dwh88\Perforce\dengw3_Liyuu_1160\GSAS-2540-01-F24\users\dengw3\dengw3_2DplatformGame\BuddahGo\Assets\Plugins\Feel\MMFeedbacks\MMFeedbacks\Feedbacks\MMF_Particles.cs", "C#", 0, -166, 0, 0, 0, 0, 0, -45, -20, -231
"c:\Users\dwh88\Perforce\dengw3_Liyuu_1160\GSAS-2540-01-F24\users\dengw3\dengw3_2DplatformGame\BuddahGo\Assets\Plugins\Feel\MMFeedbacks\MMFeedbacks\Feedbacks\MMF_ParticlesInstantiation.cs", "C#", 0, -393, 0, 0, 0, 0, 0, -74, -46, -513
"c:\Users\dwh88\Perforce\dengw3_Liyuu_1160\GSAS-2540-01-F24\users\dengw3\dengw3_2DplatformGame\BuddahGo\Assets\Plugins\Feel\MMFeedbacks\MMFeedbacks\Feedbacks\MMF_Pause.cs", "C#", 0, -72, 0, 0, 0, 0, 0, -29, -12, -113
"c:\Users\dwh88\Perforce\dengw3_Liyuu_1160\GSAS-2540-01-F24\users\dengw3\dengw3_2DplatformGame\BuddahGo\Assets\Plugins\Feel\MMFeedbacks\MMFeedbacks\Feedbacks\MMF_PlayerChain.cs", "C#", 0, -132, 0, 0, 0, 0, 0, -31, -17, -180
"c:\Users\dwh88\Perforce\dengw3_Liyuu_1160\GSAS-2540-01-F24\users\dengw3\dengw3_2DplatformGame\BuddahGo\Assets\Plugins\Feel\MMFeedbacks\MMFeedbacks\Feedbacks\MMF_PlayerControl.cs", "C#", 0, -153, 0, 0, 0, 0, 0, -16, -18, -187
"c:\Users\dwh88\Perforce\dengw3_Liyuu_1160\GSAS-2540-01-F24\users\dengw3\dengw3_2DplatformGame\BuddahGo\Assets\Plugins\Feel\MMFeedbacks\MMFeedbacks\Feedbacks\MMF_Position.cs", "C#", 0, -342, 0, 0, 0, 0, 0, -89, -38, -469
"c:\Users\dwh88\Perforce\dengw3_Liyuu_1160\GSAS-2540-01-F24\users\dengw3\dengw3_2DplatformGame\BuddahGo\Assets\Plugins\Feel\MMFeedbacks\MMFeedbacks\Feedbacks\MMF_PositionShake.cs", "C#", 0, -138, 0, 0, 0, 0, 0, -40, -15, -193
"c:\Users\dwh88\Perforce\dengw3_Liyuu_1160\GSAS-2540-01-F24\users\dengw3\dengw3_2DplatformGame\BuddahGo\Assets\Plugins\Feel\MMFeedbacks\MMFeedbacks\Feedbacks\MMF_PositionSpring.cs", "C#", 0, -228, 0, 0, 0, 0, 0, -55, -24, -307
"c:\Users\dwh88\Perforce\dengw3_Liyuu_1160\GSAS-2540-01-F24\users\dengw3\dengw3_2DplatformGame\BuddahGo\Assets\Plugins\Feel\MMFeedbacks\MMFeedbacks\Feedbacks\MMF_ReferenceHolder.cs", "C#", 0, -48, 0, 0, 0, 0, 0, -18, -4, -70
"c:\Users\dwh88\Perforce\dengw3_Liyuu_1160\GSAS-2540-01-F24\users\dengw3\dengw3_2DplatformGame\BuddahGo\Assets\Plugins\Feel\MMFeedbacks\MMFeedbacks\Feedbacks\MMF_Rigidbody.cs", "C#", 0, -87, 0, 0, 0, 0, 0, -22, -10, -119
"c:\Users\dwh88\Perforce\dengw3_Liyuu_1160\GSAS-2540-01-F24\users\dengw3\dengw3_2DplatformGame\BuddahGo\Assets\Plugins\Feel\MMFeedbacks\MMFeedbacks\Feedbacks\MMF_Rigidbody2D.cs", "C#", 0, -88, 0, 0, 0, 0, 0, -24, -8, -120
"c:\Users\dwh88\Perforce\dengw3_Liyuu_1160\GSAS-2540-01-F24\users\dengw3\dengw3_2DplatformGame\BuddahGo\Assets\Plugins\Feel\MMFeedbacks\MMFeedbacks\Feedbacks\MMF_RotatePositionAround.cs", "C#", 0, -179, 0, 0, 0, 0, 0, -63, -30, -272
"c:\Users\dwh88\Perforce\dengw3_Liyuu_1160\GSAS-2540-01-F24\users\dengw3\dengw3_2DplatformGame\BuddahGo\Assets\Plugins\Feel\MMFeedbacks\MMFeedbacks\Feedbacks\MMF_Rotation.cs", "C#", 0, -287, 0, 0, 0, 0, 0, -79, -48, -414
"c:\Users\dwh88\Perforce\dengw3_Liyuu_1160\GSAS-2540-01-F24\users\dengw3\dengw3_2DplatformGame\BuddahGo\Assets\Plugins\Feel\MMFeedbacks\MMFeedbacks\Feedbacks\MMF_RotationShake.cs", "C#", 0, -126, 0, 0, 0, 0, 0, -37, -15, -178
"c:\Users\dwh88\Perforce\dengw3_Liyuu_1160\GSAS-2540-01-F24\users\dengw3\dengw3_2DplatformGame\BuddahGo\Assets\Plugins\Feel\MMFeedbacks\MMFeedbacks\Feedbacks\MMF_RotationSpring.cs", "C#", 0, -208, 0, 0, 0, 0, 0, -55, -21, -284
"c:\Users\dwh88\Perforce\dengw3_Liyuu_1160\GSAS-2540-01-F24\users\dengw3\dengw3_2DplatformGame\BuddahGo\Assets\Plugins\Feel\MMFeedbacks\MMFeedbacks\Feedbacks\MMF_Scale.cs", "C#", 0, -323, 0, 0, 0, 0, 0, -71, -49, -443
"c:\Users\dwh88\Perforce\dengw3_Liyuu_1160\GSAS-2540-01-F24\users\dengw3\dengw3_2DplatformGame\BuddahGo\Assets\Plugins\Feel\MMFeedbacks\MMFeedbacks\Feedbacks\MMF_ScaleShake.cs", "C#", 0, -126, 0, 0, 0, 0, 0, -37, -15, -178
"c:\Users\dwh88\Perforce\dengw3_Liyuu_1160\GSAS-2540-01-F24\users\dengw3\dengw3_2DplatformGame\BuddahGo\Assets\Plugins\Feel\MMFeedbacks\MMFeedbacks\Feedbacks\MMF_ScaleSpring.cs", "C#", 0, -193, 0, 0, 0, 0, 0, -54, -21, -268
"c:\Users\dwh88\Perforce\dengw3_Liyuu_1160\GSAS-2540-01-F24\users\dengw3\dengw3_2DplatformGame\BuddahGo\Assets\Plugins\Feel\MMFeedbacks\MMFeedbacks\Feedbacks\MMF_SetActive.cs", "C#", 0, -195, 0, 0, 0, 0, 0, -57, -28, -280
"c:\Users\dwh88\Perforce\dengw3_Liyuu_1160\GSAS-2540-01-F24\users\dengw3\dengw3_2DplatformGame\BuddahGo\Assets\Plugins\Feel\MMFeedbacks\MMFeedbacks\Feedbacks\MMF_SetParent.cs", "C#", 0, -41, 0, 0, 0, 0, 0, -13, -5, -59
"c:\Users\dwh88\Perforce\dengw3_Liyuu_1160\GSAS-2540-01-F24\users\dengw3\dengw3_2DplatformGame\BuddahGo\Assets\Plugins\Feel\MMFeedbacks\MMFeedbacks\Feedbacks\MMF_ShaderGlobal.cs", "C#", 0, -206, 0, 0, 0, 0, 0, -23, -7, -236
"c:\Users\dwh88\Perforce\dengw3_Liyuu_1160\GSAS-2540-01-F24\users\dengw3\dengw3_2DplatformGame\BuddahGo\Assets\Plugins\Feel\MMFeedbacks\MMFeedbacks\Feedbacks\MMF_Skybox.cs", "C#", 0, -48, 0, 0, 0, 0, 0, -17, -9, -74
"c:\Users\dwh88\Perforce\dengw3_Liyuu_1160\GSAS-2540-01-F24\users\dengw3\dengw3_2DplatformGame\BuddahGo\Assets\Plugins\Feel\MMFeedbacks\MMFeedbacks\Feedbacks\MMF_SpriteRenderer.cs", "C#", 0, -265, 0, 0, 0, 0, 0, -65, -30, -360
"c:\Users\dwh88\Perforce\dengw3_Liyuu_1160\GSAS-2540-01-F24\users\dengw3\dengw3_2DplatformGame\BuddahGo\Assets\Plugins\Feel\MMFeedbacks\MMFeedbacks\Feedbacks\MMF_SquashAndStretch.cs", "C#", 0, -282, 0, 0, 0, 0, 0, -71, -36, -389
"c:\Users\dwh88\Perforce\dengw3_Liyuu_1160\GSAS-2540-01-F24\users\dengw3\dengw3_2DplatformGame\BuddahGo\Assets\Plugins\Feel\MMFeedbacks\MMFeedbacks\Feedbacks\MMF_SquashAndStretchSpring.cs", "C#", 0, -220, 0, 0, 0, 0, 0, -51, -24, -295
"c:\Users\dwh88\Perforce\dengw3_Liyuu_1160\GSAS-2540-01-F24\users\dengw3\dengw3_2DplatformGame\BuddahGo\Assets\Plugins\Feel\MMFeedbacks\MMFeedbacks\Feedbacks\MMF_Text.cs", "C#", 0, -54, 0, 0, 0, 0, 0, -15, -8, -77
"c:\Users\dwh88\Perforce\dengw3_Liyuu_1160\GSAS-2540-01-F24\users\dengw3\dengw3_2DplatformGame\BuddahGo\Assets\Plugins\Feel\MMFeedbacks\MMFeedbacks\Feedbacks\MMF_TextColor.cs", "C#", 0, -139, 0, 0, 0, 0, 0, -42, -19, -200
"c:\Users\dwh88\Perforce\dengw3_Liyuu_1160\GSAS-2540-01-F24\users\dengw3\dengw3_2DplatformGame\BuddahGo\Assets\Plugins\Feel\MMFeedbacks\MMFeedbacks\Feedbacks\MMF_TextureOffset.cs", "C#", 0, -163, 0, 0, 0, 0, 0, -48, -21, -232
"c:\Users\dwh88\Perforce\dengw3_Liyuu_1160\GSAS-2540-01-F24\users\dengw3\dengw3_2DplatformGame\BuddahGo\Assets\Plugins\Feel\MMFeedbacks\MMFeedbacks\Feedbacks\MMF_TextureScale.cs", "C#", 0, -162, 0, 0, 0, 0, 0, -48, -22, -232
"c:\Users\dwh88\Perforce\dengw3_Liyuu_1160\GSAS-2540-01-F24\users\dengw3\dengw3_2DplatformGame\BuddahGo\Assets\Plugins\Feel\MMFeedbacks\MMFeedbacks\Feedbacks\MMF_TimescaleModifier.cs", "C#", 0, -105, 0, 0, 0, 0, 0, -40, -10, -155
"c:\Users\dwh88\Perforce\dengw3_Liyuu_1160\GSAS-2540-01-F24\users\dengw3\dengw3_2DplatformGame\BuddahGo\Assets\Plugins\Feel\MMFeedbacks\MMFeedbacks\Feedbacks\MMF_UnloadScene.cs", "C#", 0, -72, 0, 0, 0, 0, 0, -14, -15, -101
"c:\Users\dwh88\Perforce\dengw3_Liyuu_1160\GSAS-2540-01-F24\users\dengw3\dengw3_2DplatformGame\BuddahGo\Assets\Plugins\Feel\MMFeedbacks\MMFeedbacks\Feedbacks\MMF_VideoPlayer.cs", "C#", 0, -101, 0, 0, 0, 0, 0, -17, -7, -125
"c:\Users\dwh88\Perforce\dengw3_Liyuu_1160\GSAS-2540-01-F24\users\dengw3\dengw3_2DplatformGame\BuddahGo\Assets\Plugins\Feel\MMFeedbacks\MMFeedbacks\Feedbacks\MMF_Wiggle.cs", "C#", 0, -89, 0, 0, 0, 0, 0, -26, -13, -128
"c:\Users\dwh88\Perforce\dengw3_Liyuu_1160\GSAS-2540-01-F24\users\dengw3\dengw3_2DplatformGame\BuddahGo\Assets\Plugins\Feel\MMFeedbacks\MMFeedbacks\MMFloatingText\MMFloatingText.cs", "C#", 0, -230, 0, 0, 0, 0, 0, -98, -30, -358
"c:\Users\dwh88\Perforce\dengw3_Liyuu_1160\GSAS-2540-01-F24\users\dengw3\dengw3_2DplatformGame\BuddahGo\Assets\Plugins\Feel\MMFeedbacks\MMFeedbacks\MMFloatingText\MMFloatingTextSpawner.cs", "C#", 0, -375, 0, 0, 0, 0, 0, -128, -62, -565
"c:\Users\dwh88\Perforce\dengw3_Liyuu_1160\GSAS-2540-01-F24\users\dengw3\dengw3_2DplatformGame\BuddahGo\Assets\Plugins\Feel\MMFeedbacks\MMFeedbacks\MoreMountains.Feedbacks.asmref", "JSON", -3, 0, 0, 0, 0, 0, 0, 0, 0, -3
"c:\Users\dwh88\Perforce\dengw3_Liyuu_1160\GSAS-2540-01-F24\users\dengw3\dengw3_2DplatformGame\BuddahGo\Assets\Plugins\Feel\MMFeedbacks\MMFeedbacks\Sequencing\Scripts\MMAudioSourceSequencer.cs", "C#", 0, -67, 0, 0, 0, 0, 0, -18, -5, -90
"c:\Users\dwh88\Perforce\dengw3_Liyuu_1160\GSAS-2540-01-F24\users\dengw3\dengw3_2DplatformGame\BuddahGo\Assets\Plugins\Feel\MMFeedbacks\MMFeedbacks\Sequencing\Scripts\MMFeedbacksSequencer.cs", "C#", 0, -67, 0, 0, 0, 0, 0, -18, -5, -90
"c:\Users\dwh88\Perforce\dengw3_Liyuu_1160\GSAS-2540-01-F24\users\dengw3\dengw3_2DplatformGame\BuddahGo\Assets\Plugins\Feel\MMFeedbacks\MMFeedbacks\Sequencing\Scripts\MMInputSequenceRecorder.cs", "C#", 0, -120, 0, 0, 0, 0, 0, -39, -16, -175
"c:\Users\dwh88\Perforce\dengw3_Liyuu_1160\GSAS-2540-01-F24\users\dengw3\dengw3_2DplatformGame\BuddahGo\Assets\Plugins\Feel\MMFeedbacks\MMFeedbacks\Sequencing\Scripts\MMSequence.cs", "C#", 0, -215, 0, 0, 0, 0, 0, -56, -27, -298
"c:\Users\dwh88\Perforce\dengw3_Liyuu_1160\GSAS-2540-01-F24\users\dengw3\dengw3_2DplatformGame\BuddahGo\Assets\Plugins\Feel\MMFeedbacks\MMFeedbacks\Sequencing\Scripts\MMSequencer.cs", "C#", 0, -318, 0, 0, 0, 0, 0, -81, -46, -445
"c:\Users\dwh88\Perforce\dengw3_Liyuu_1160\GSAS-2540-01-F24\users\dengw3\dengw3_2DplatformGame\BuddahGo\Assets\Plugins\Feel\MMFeedbacks\MMFeedbacks\Sequencing\Scripts\MMSoundSequencer.cs", "C#", 0, -88, 0, 0, 0, 0, 0, -21, -7, -116
"c:\Users\dwh88\Perforce\dengw3_Liyuu_1160\GSAS-2540-01-F24\users\dengw3\dengw3_2DplatformGame\BuddahGo\Assets\Plugins\Feel\MMFeedbacks\MMFeedbacks\Shakers\MMAudioFilterDistortionShaker.cs", "C#", 0, -129, 0, 0, 0, 0, 0, -44, -20, -193
"c:\Users\dwh88\Perforce\dengw3_Liyuu_1160\GSAS-2540-01-F24\users\dengw3\dengw3_2DplatformGame\BuddahGo\Assets\Plugins\Feel\MMFeedbacks\MMFeedbacks\Shakers\MMAudioFilterEchoShaker.cs", "C#", 0, -129, 0, 0, 0, 0, 0, -44, -20, -193
"c:\Users\dwh88\Perforce\dengw3_Liyuu_1160\GSAS-2540-01-F24\users\dengw3\dengw3_2DplatformGame\BuddahGo\Assets\Plugins\Feel\MMFeedbacks\MMFeedbacks\Shakers\MMAudioFilterHighPassShaker.cs", "C#", 0, -129, 0, 0, 0, 0, 0, -44, -20, -193
"c:\Users\dwh88\Perforce\dengw3_Liyuu_1160\GSAS-2540-01-F24\users\dengw3\dengw3_2DplatformGame\BuddahGo\Assets\Plugins\Feel\MMFeedbacks\MMFeedbacks\Shakers\MMAudioFilterLowPassShaker.cs", "C#", 0, -129, 0, 0, 0, 0, 0, -44, -20, -193
"c:\Users\dwh88\Perforce\dengw3_Liyuu_1160\GSAS-2540-01-F24\users\dengw3\dengw3_2DplatformGame\BuddahGo\Assets\Plugins\Feel\MMFeedbacks\MMFeedbacks\Shakers\MMAudioFilterReverbShaker.cs", "C#", 0, -134, 0, 0, 0, 0, 0, -44, -21, -199
"c:\Users\dwh88\Perforce\dengw3_Liyuu_1160\GSAS-2540-01-F24\users\dengw3\dengw3_2DplatformGame\BuddahGo\Assets\Plugins\Feel\MMFeedbacks\MMFeedbacks\Shakers\MMAudioSourcePitchShaker.cs", "C#", 0, -129, 0, 0, 0, 0, 0, -44, -20, -193
"c:\Users\dwh88\Perforce\dengw3_Liyuu_1160\GSAS-2540-01-F24\users\dengw3\dengw3_2DplatformGame\BuddahGo\Assets\Plugins\Feel\MMFeedbacks\MMFeedbacks\Shakers\MMAudioSourceStereoPanShaker.cs", "C#", 0, -129, 0, 0, 0, 0, 0, -44, -20, -193
"c:\Users\dwh88\Perforce\dengw3_Liyuu_1160\GSAS-2540-01-F24\users\dengw3\dengw3_2DplatformGame\BuddahGo\Assets\Plugins\Feel\MMFeedbacks\MMFeedbacks\Shakers\MMAudioSourceVolumeShaker.cs", "C#", 0, -129, 0, 0, 0, 0, 0, -44, -20, -193
"c:\Users\dwh88\Perforce\dengw3_Liyuu_1160\GSAS-2540-01-F24\users\dengw3\dengw3_2DplatformGame\BuddahGo\Assets\Plugins\Feel\MMFeedbacks\MMFeedbacks\Shakers\MMBlink.cs", "C#", 0, -361, 0, 0, 0, 0, 0, -78, -43, -482
"c:\Users\dwh88\Perforce\dengw3_Liyuu_1160\GSAS-2540-01-F24\users\dengw3\dengw3_2DplatformGame\BuddahGo\Assets\Plugins\Feel\MMFeedbacks\MMFeedbacks\Shakers\MMCameraClippingPlanesShaker.cs", "C#", 0, -156, 0, 0, 0, 0, 0, -46, -26, -228
"c:\Users\dwh88\Perforce\dengw3_Liyuu_1160\GSAS-2540-01-F24\users\dengw3\dengw3_2DplatformGame\BuddahGo\Assets\Plugins\Feel\MMFeedbacks\MMFeedbacks\Shakers\MMCameraFieldOfViewShaker.cs", "C#", 0, -133, 0, 0, 0, 0, 0, -43, -21, -197
"c:\Users\dwh88\Perforce\dengw3_Liyuu_1160\GSAS-2540-01-F24\users\dengw3\dengw3_2DplatformGame\BuddahGo\Assets\Plugins\Feel\MMFeedbacks\MMFeedbacks\Shakers\MMCameraOrthographicSizeShaker.cs", "C#", 0, -131, 0, 0, 0, 0, 0, -43, -21, -195
"c:\Users\dwh88\Perforce\dengw3_Liyuu_1160\GSAS-2540-01-F24\users\dengw3\dengw3_2DplatformGame\BuddahGo\Assets\Plugins\Feel\MMFeedbacks\MMFeedbacks\Shakers\MMCameraShaker.cs", "C#", 0, -129, 0, 0, 0, 0, 0, -31, -23, -183
"c:\Users\dwh88\Perforce\dengw3_Liyuu_1160\GSAS-2540-01-F24\users\dengw3\dengw3_2DplatformGame\BuddahGo\Assets\Plugins\Feel\MMFeedbacks\MMFeedbacks\Shakers\MMCameraShakerRotation.cs", "C#", 0, -32, 0, 0, 0, 0, 0, -9, -3, -44
"c:\Users\dwh88\Perforce\dengw3_Liyuu_1160\GSAS-2540-01-F24\users\dengw3\dengw3_2DplatformGame\BuddahGo\Assets\Plugins\Feel\MMFeedbacks\MMFeedbacks\Shakers\MMCameraZoom.cs", "C#", 0, -165, 0, 0, 0, 0, 0, -40, -23, -228
"c:\Users\dwh88\Perforce\dengw3_Liyuu_1160\GSAS-2540-01-F24\users\dengw3\dengw3_2DplatformGame\BuddahGo\Assets\Plugins\Feel\MMFeedbacks\MMFeedbacks\Shakers\MMFeedbacksShaker.cs", "C#", 0, -54, 0, 0, 0, 0, 0, -12, -10, -76
"c:\Users\dwh88\Perforce\dengw3_Liyuu_1160\GSAS-2540-01-F24\users\dengw3\dengw3_2DplatformGame\BuddahGo\Assets\Plugins\Feel\MMFeedbacks\MMFeedbacks\Shakers\MMFlash.cs", "C#", 0, -173, 0, 0, 0, 0, 0, -38, -25, -236
"c:\Users\dwh88\Perforce\dengw3_Liyuu_1160\GSAS-2540-01-F24\users\dengw3\dengw3_2DplatformGame\BuddahGo\Assets\Plugins\Feel\MMFeedbacks\MMFeedbacks\Shakers\MMLightShaker.cs", "C#", 0, -203, 0, 0, 0, 0, 0, -42, -23, -268
"c:\Users\dwh88\Perforce\dengw3_Liyuu_1160\GSAS-2540-01-F24\users\dengw3\dengw3_2DplatformGame\BuddahGo\Assets\Plugins\Feel\MMFeedbacks\MMFeedbacks\Shakers\MMLookAtShaker.cs", "C#", 0, -198, 0, 0, 0, 0, 0, -48, -27, -273
"c:\Users\dwh88\Perforce\dengw3_Liyuu_1160\GSAS-2540-01-F24\users\dengw3\dengw3_2DplatformGame\BuddahGo\Assets\Plugins\Feel\MMFeedbacks\MMFeedbacks\Shakers\MMPositionShaker.cs", "C#", 0, -327, 0, 0, 0, 0, 0, -42, -44, -413
"c:\Users\dwh88\Perforce\dengw3_Liyuu_1160\GSAS-2540-01-F24\users\dengw3\dengw3_2DplatformGame\BuddahGo\Assets\Plugins\Feel\MMFeedbacks\MMFeedbacks\Shakers\MMRotationShaker.cs", "C#", 0, -297, 0, 0, 0, 0, 0, -38, -41, -376
"c:\Users\dwh88\Perforce\dengw3_Liyuu_1160\GSAS-2540-01-F24\users\dengw3\dengw3_2DplatformGame\BuddahGo\Assets\Plugins\Feel\MMFeedbacks\MMFeedbacks\Shakers\MMScaleShaker.cs", "C#", 0, -297, 0, 0, 0, 0, 0, -38, -41, -376
"c:\Users\dwh88\Perforce\dengw3_Liyuu_1160\GSAS-2540-01-F24\users\dengw3\dengw3_2DplatformGame\BuddahGo\Assets\Plugins\Feel\MMFeedbacks\MMFeedbacks\Shakers\MMSpriteRendererShaker.cs", "C#", 0, -139, 0, 0, 0, 0, 0, -36, -21, -196
"c:\Users\dwh88\Perforce\dengw3_Liyuu_1160\GSAS-2540-01-F24\users\dengw3\dengw3_2DplatformGame\BuddahGo\Assets\Plugins\Feel\MMFeedbacks\MMFeedbacks\Shakers\MMWiggle.cs", "C#", 0, -495, 0, 0, 0, 0, 0, -155, -79, -729
"c:\Users\dwh88\Perforce\dengw3_Liyuu_1160\GSAS-2540-01-F24\users\dengw3\dengw3_2DplatformGame\BuddahGo\Assets\Plugins\Feel\MMFeedbacks\MMFeedbacks\Springs\Core\Components\MMSpringColorComponent.cs", "C#", 0, -317, 0, 0, 0, 0, 0, -31, -56, -404
"c:\Users\dwh88\Perforce\dengw3_Liyuu_1160\GSAS-2540-01-F24\users\dengw3\dengw3_2DplatformGame\BuddahGo\Assets\Plugins\Feel\MMFeedbacks\MMFeedbacks\Springs\Core\Components\MMSpringFloatComponent.cs", "C#", 0, -279, 0, 0, 0, 0, 0, -30, -51, -360
"c:\Users\dwh88\Perforce\dengw3_Liyuu_1160\GSAS-2540-01-F24\users\dengw3\dengw3_2DplatformGame\BuddahGo\Assets\Plugins\Feel\MMFeedbacks\MMFeedbacks\Springs\Core\Components\MMSpringVector2Component.cs", "C#", 0, -290, 0, 0, 0, 0, 0, -18, -50, -358
"c:\Users\dwh88\Perforce\dengw3_Liyuu_1160\GSAS-2540-01-F24\users\dengw3\dengw3_2DplatformGame\BuddahGo\Assets\Plugins\Feel\MMFeedbacks\MMFeedbacks\Springs\Core\Components\MMSpringVector3Component.cs", "C#", 0, -288, 0, 0, 0, 0, 0, -18, -50, -356
"c:\Users\dwh88\Perforce\dengw3_Liyuu_1160\GSAS-2540-01-F24\users\dengw3\dengw3_2DplatformGame\BuddahGo\Assets\Plugins\Feel\MMFeedbacks\MMFeedbacks\Springs\Core\Components\MMSpringVector4Component.cs", "C#", 0, -288, 0, 0, 0, 0, 0, -18, -50, -356
"c:\Users\dwh88\Perforce\dengw3_Liyuu_1160\GSAS-2540-01-F24\users\dengw3\dengw3_2DplatformGame\BuddahGo\Assets\Plugins\Feel\MMFeedbacks\MMFeedbacks\Springs\Core\MMSpringClampSettings.cs", "C#", 0, -50, 0, 0, 0, 0, 0, -8, -6, -64
"c:\Users\dwh88\Perforce\dengw3_Liyuu_1160\GSAS-2540-01-F24\users\dengw3\dengw3_2DplatformGame\BuddahGo\Assets\Plugins\Feel\MMFeedbacks\MMFeedbacks\Springs\Core\MMSpringColor.cs", "C#", 0, -198, 0, 0, 0, 0, 0, 0, -23, -221
"c:\Users\dwh88\Perforce\dengw3_Liyuu_1160\GSAS-2540-01-F24\users\dengw3\dengw3_2DplatformGame\BuddahGo\Assets\Plugins\Feel\MMFeedbacks\MMFeedbacks\Springs\Core\MMSpringComponentBase.cs", "C#", 0, -62, 0, 0, 0, 0, 0, -42, -21, -125
"c:\Users\dwh88\Perforce\dengw3_Liyuu_1160\GSAS-2540-01-F24\users\dengw3\dengw3_2DplatformGame\BuddahGo\Assets\Plugins\Feel\MMFeedbacks\MMFeedbacks\Springs\Core\MMSpringDebug.cs", "C#", 0, -15, 0, 0, 0, 0, 0, -6, -4, -25
"c:\Users\dwh88\Perforce\dengw3_Liyuu_1160\GSAS-2540-01-F24\users\dengw3\dengw3_2DplatformGame\BuddahGo\Assets\Plugins\Feel\MMFeedbacks\MMFeedbacks\Springs\Core\MMSpringDefinition.cs", "C#", 0, -25, 0, 0, 0, 0, 0, 0, -18, -43
"c:\Users\dwh88\Perforce\dengw3_Liyuu_1160\GSAS-2540-01-F24\users\dengw3\dengw3_2DplatformGame\BuddahGo\Assets\Plugins\Feel\MMFeedbacks\MMFeedbacks\Springs\Core\MMSpringFloat.cs", "C#", 0, -175, 0, 0, 0, 0, 0, -5, -27, -207
"c:\Users\dwh88\Perforce\dengw3_Liyuu_1160\GSAS-2540-01-F24\users\dengw3\dengw3_2DplatformGame\BuddahGo\Assets\Plugins\Feel\MMFeedbacks\MMFeedbacks\Springs\Core\MMSpringVector2.cs", "C#", 0, -150, 0, 0, 0, 0, 0, 0, -21, -171
"c:\Users\dwh88\Perforce\dengw3_Liyuu_1160\GSAS-2540-01-F24\users\dengw3\dengw3_2DplatformGame\BuddahGo\Assets\Plugins\Feel\MMFeedbacks\MMFeedbacks\Springs\Core\MMSpringVector3.cs", "C#", 0, -175, 0, 0, 0, 0, 0, 0, -21, -196
"c:\Users\dwh88\Perforce\dengw3_Liyuu_1160\GSAS-2540-01-F24\users\dengw3\dengw3_2DplatformGame\BuddahGo\Assets\Plugins\Feel\MMFeedbacks\MMFeedbacks\Springs\Core\MMSpringVector4.cs", "C#", 0, -200, 0, 0, 0, 0, 0, 0, -21, -221
"c:\Users\dwh88\Perforce\dengw3_Liyuu_1160\GSAS-2540-01-F24\users\dengw3\dengw3_2DplatformGame\BuddahGo\Assets\Plugins\Feel\MMFeedbacks\MMFeedbacks\Springs\Feedbacks\MMF_SpringColor.cs", "C#", 0, -90, 0, 0, 0, 0, 0, -32, -13, -135
"c:\Users\dwh88\Perforce\dengw3_Liyuu_1160\GSAS-2540-01-F24\users\dengw3\dengw3_2DplatformGame\BuddahGo\Assets\Plugins\Feel\MMFeedbacks\MMFeedbacks\Springs\Feedbacks\MMF_SpringFloat.cs", "C#", 0, -82, 0, 0, 0, 0, 0, -30, -11, -123
"c:\Users\dwh88\Perforce\dengw3_Liyuu_1160\GSAS-2540-01-F24\users\dengw3\dengw3_2DplatformGame\BuddahGo\Assets\Plugins\Feel\MMFeedbacks\MMFeedbacks\Springs\Feedbacks\MMF_SpringVector2.cs", "C#", 0, -91, 0, 0, 0, 0, 0, -32, -13, -136
"c:\Users\dwh88\Perforce\dengw3_Liyuu_1160\GSAS-2540-01-F24\users\dengw3\dengw3_2DplatformGame\BuddahGo\Assets\Plugins\Feel\MMFeedbacks\MMFeedbacks\Springs\Feedbacks\MMF_SpringVector3.cs", "C#", 0, -91, 0, 0, 0, 0, 0, -32, -13, -136
"c:\Users\dwh88\Perforce\dengw3_Liyuu_1160\GSAS-2540-01-F24\users\dengw3\dengw3_2DplatformGame\BuddahGo\Assets\Plugins\Feel\MMFeedbacks\MMFeedbacks\Springs\Feedbacks\MMF_SpringVector4.cs", "C#", 0, -91, 0, 0, 0, 0, 0, -32, -13, -136
"c:\Users\dwh88\Perforce\dengw3_Liyuu_1160\GSAS-2540-01-F24\users\dengw3\dengw3_2DplatformGame\BuddahGo\Assets\Plugins\Feel\MMFeedbacks\MMFeedbacks\Springs\Springs\MMSpringAnimatorSpeed.cs", "C#", 0, -14, 0, 0, 0, 0, 0, 0, -2, -16
"c:\Users\dwh88\Perforce\dengw3_Liyuu_1160\GSAS-2540-01-F24\users\dengw3\dengw3_2DplatformGame\BuddahGo\Assets\Plugins\Feel\MMFeedbacks\MMFeedbacks\Springs\Springs\MMSpringAudioSourcePitch.cs", "C#", 0, -14, 0, 0, 0, 0, 0, 0, -2, -16
"c:\Users\dwh88\Perforce\dengw3_Liyuu_1160\GSAS-2540-01-F24\users\dengw3\dengw3_2DplatformGame\BuddahGo\Assets\Plugins\Feel\MMFeedbacks\MMFeedbacks\Springs\Springs\MMSpringAudioSourceVolume.cs", "C#", 0, -14, 0, 0, 0, 0, 0, 0, -2, -16
"c:\Users\dwh88\Perforce\dengw3_Liyuu_1160\GSAS-2540-01-F24\users\dengw3\dengw3_2DplatformGame\BuddahGo\Assets\Plugins\Feel\MMFeedbacks\MMFeedbacks\Springs\Springs\MMSpringCameraFieldOfView.cs", "C#", 0, -14, 0, 0, 0, 0, 0, 0, -2, -16
"c:\Users\dwh88\Perforce\dengw3_Liyuu_1160\GSAS-2540-01-F24\users\dengw3\dengw3_2DplatformGame\BuddahGo\Assets\Plugins\Feel\MMFeedbacks\MMFeedbacks\Springs\Springs\MMSpringCameraOrthographicSize.cs", "C#", 0, -14, 0, 0, 0, 0, 0, 0, -2, -16
"c:\Users\dwh88\Perforce\dengw3_Liyuu_1160\GSAS-2540-01-F24\users\dengw3\dengw3_2DplatformGame\BuddahGo\Assets\Plugins\Feel\MMFeedbacks\MMFeedbacks\Springs\Springs\MMSpringImageAlpha.cs", "C#", 0, -23, 0, 0, 0, 0, 0, 0, -2, -25
"c:\Users\dwh88\Perforce\dengw3_Liyuu_1160\GSAS-2540-01-F24\users\dengw3\dengw3_2DplatformGame\BuddahGo\Assets\Plugins\Feel\MMFeedbacks\MMFeedbacks\Springs\Springs\MMSpringImageColor.cs", "C#", 0, -17, 0, 0, 0, 0, 0, 0, -1, -18
"c:\Users\dwh88\Perforce\dengw3_Liyuu_1160\GSAS-2540-01-F24\users\dengw3\dengw3_2DplatformGame\BuddahGo\Assets\Plugins\Feel\MMFeedbacks\MMFeedbacks\Springs\Springs\MMSpringImageFillAmount.cs", "C#", 0, -17, 0, 0, 0, 0, 0, 0, -1, -18
"c:\Users\dwh88\Perforce\dengw3_Liyuu_1160\GSAS-2540-01-F24\users\dengw3\dengw3_2DplatformGame\BuddahGo\Assets\Plugins\Feel\MMFeedbacks\MMFeedbacks\Springs\Springs\MMSpringLightColor.cs", "C#", 0, -14, 0, 0, 0, 0, 0, 0, -2, -16
"c:\Users\dwh88\Perforce\dengw3_Liyuu_1160\GSAS-2540-01-F24\users\dengw3\dengw3_2DplatformGame\BuddahGo\Assets\Plugins\Feel\MMFeedbacks\MMFeedbacks\Springs\Springs\MMSpringLightIntensity.cs", "C#", 0, -14, 0, 0, 0, 0, 0, 0, -2, -16
"c:\Users\dwh88\Perforce\dengw3_Liyuu_1160\GSAS-2540-01-F24\users\dengw3\dengw3_2DplatformGame\BuddahGo\Assets\Plugins\Feel\MMFeedbacks\MMFeedbacks\Springs\Springs\MMSpringLightRange.cs", "C#", 0, -14, 0, 0, 0, 0, 0, 0, -2, -16
"c:\Users\dwh88\Perforce\dengw3_Liyuu_1160\GSAS-2540-01-F24\users\dengw3\dengw3_2DplatformGame\BuddahGo\Assets\Plugins\Feel\MMFeedbacks\MMFeedbacks\Springs\Springs\MMSpringMMTimeScale.cs", "C#", 0, -20, 0, 0, 0, 0, 0, 0, -3, -23
"c:\Users\dwh88\Perforce\dengw3_Liyuu_1160\GSAS-2540-01-F24\users\dengw3\dengw3_2DplatformGame\BuddahGo\Assets\Plugins\Feel\MMFeedbacks\MMFeedbacks\Springs\Springs\MMSpringPosition.cs", "C#", 0, -27, 0, 0, 0, 0, 0, 0, -4, -31
"c:\Users\dwh88\Perforce\dengw3_Liyuu_1160\GSAS-2540-01-F24\users\dengw3\dengw3_2DplatformGame\BuddahGo\Assets\Plugins\Feel\MMFeedbacks\MMFeedbacks\Springs\Springs\MMSpringRectTransformPosition.cs", "C#", 0, -13, 0, 0, 0, 0, 0, 0, -2, -15
"c:\Users\dwh88\Perforce\dengw3_Liyuu_1160\GSAS-2540-01-F24\users\dengw3\dengw3_2DplatformGame\BuddahGo\Assets\Plugins\Feel\MMFeedbacks\MMFeedbacks\Springs\Springs\MMSpringRectTransformSizeDelta.cs", "C#", 0, -13, 0, 0, 0, 0, 0, 0, -2, -15
"c:\Users\dwh88\Perforce\dengw3_Liyuu_1160\GSAS-2540-01-F24\users\dengw3\dengw3_2DplatformGame\BuddahGo\Assets\Plugins\Feel\MMFeedbacks\MMFeedbacks\Springs\Springs\MMSpringRotation.cs", "C#", 0, -27, 0, 0, 0, 0, 0, 0, -4, -31
"c:\Users\dwh88\Perforce\dengw3_Liyuu_1160\GSAS-2540-01-F24\users\dengw3\dengw3_2DplatformGame\BuddahGo\Assets\Plugins\Feel\MMFeedbacks\MMFeedbacks\Springs\Springs\MMSpringRotationAround.cs", "C#", 0, -40, 0, 0, 0, 0, 0, 0, -6, -46
"c:\Users\dwh88\Perforce\dengw3_Liyuu_1160\GSAS-2540-01-F24\users\dengw3\dengw3_2DplatformGame\BuddahGo\Assets\Plugins\Feel\MMFeedbacks\MMFeedbacks\Springs\Springs\MMSpringScale.cs", "C#", 0, -27, 0, 0, 0, 0, 0, 0, -6, -33
"c:\Users\dwh88\Perforce\dengw3_Liyuu_1160\GSAS-2540-01-F24\users\dengw3\dengw3_2DplatformGame\BuddahGo\Assets\Plugins\Feel\MMFeedbacks\MMFeedbacks\Springs\Springs\MMSpringShaderController.cs", "C#", 0, -16, 0, 0, 0, 0, 0, 0, -1, -17
"c:\Users\dwh88\Perforce\dengw3_Liyuu_1160\GSAS-2540-01-F24\users\dengw3\dengw3_2DplatformGame\BuddahGo\Assets\Plugins\Feel\MMFeedbacks\MMFeedbacks\Springs\Springs\MMSpringSpriteColor.cs", "C#", 0, -14, 0, 0, 0, 0, 0, 0, -2, -16
"c:\Users\dwh88\Perforce\dengw3_Liyuu_1160\GSAS-2540-01-F24\users\dengw3\dengw3_2DplatformGame\BuddahGo\Assets\Plugins\Feel\MMFeedbacks\MMFeedbacks\Springs\Springs\MMSpringSquashAndStretch.cs", "C#", 0, -79, 0, 0, 0, 0, 0, 0, -7, -86
"c:\Users\dwh88\Perforce\dengw3_Liyuu_1160\GSAS-2540-01-F24\users\dengw3\dengw3_2DplatformGame\BuddahGo\Assets\Plugins\Feel\MMFeedbacks\MMFeedbacks\Springs\Springs\MMSpringTMPAlpha.cs", "C#", 0, -16, 0, 0, 0, 0, 0, 0, -2, -18
"c:\Users\dwh88\Perforce\dengw3_Liyuu_1160\GSAS-2540-01-F24\users\dengw3\dengw3_2DplatformGame\BuddahGo\Assets\Plugins\Feel\MMFeedbacks\MMFeedbacks\Springs\Springs\MMSpringTMPCharacterSpacing.cs", "C#", 0, -16, 0, 0, 0, 0, 0, 0, -2, -18
"c:\Users\dwh88\Perforce\dengw3_Liyuu_1160\GSAS-2540-01-F24\users\dengw3\dengw3_2DplatformGame\BuddahGo\Assets\Plugins\Feel\MMFeedbacks\MMFeedbacks\Springs\Springs\MMSpringTMPDilate.cs", "C#", 0, -20, 0, 0, 0, 0, 0, 0, -3, -23
"c:\Users\dwh88\Perforce\dengw3_Liyuu_1160\GSAS-2540-01-F24\users\dengw3\dengw3_2DplatformGame\BuddahGo\Assets\Plugins\Feel\MMFeedbacks\MMFeedbacks\Springs\Springs\MMSpringTMPFontSize.cs", "C#", 0, -16, 0, 0, 0, 0, 0, 0, -2, -18
"c:\Users\dwh88\Perforce\dengw3_Liyuu_1160\GSAS-2540-01-F24\users\dengw3\dengw3_2DplatformGame\BuddahGo\Assets\Plugins\Feel\MMFeedbacks\MMFeedbacks\Springs\Springs\MMSpringTMPLineSpacing.cs", "C#", 0, -16, 0, 0, 0, 0, 0, 0, -2, -18
"c:\Users\dwh88\Perforce\dengw3_Liyuu_1160\GSAS-2540-01-F24\users\dengw3\dengw3_2DplatformGame\BuddahGo\Assets\Plugins\Feel\MMFeedbacks\MMFeedbacks\Springs\Springs\MMSpringTMPSoftness.cs", "C#", 0, -20, 0, 0, 0, 0, 0, 0, -3, -23
"c:\Users\dwh88\Perforce\dengw3_Liyuu_1160\GSAS-2540-01-F24\users\dengw3\dengw3_2DplatformGame\BuddahGo\Assets\Plugins\Feel\MMFeedbacks\MMFeedbacks\Springs\Springs\MMSpringTMPTextColor.cs", "C#", 0, -16, 0, 0, 0, 0, 0, 0, -2, -18
"c:\Users\dwh88\Perforce\dengw3_Liyuu_1160\GSAS-2540-01-F24\users\dengw3\dengw3_2DplatformGame\BuddahGo\Assets\Plugins\Feel\MMFeedbacks\MMFeedbacks\Springs\Springs\MMSpringTMPWordSpacing.cs", "C#", 0, -16, 0, 0, 0, 0, 0, 0, -2, -18
"c:\Users\dwh88\Perforce\dengw3_Liyuu_1160\GSAS-2540-01-F24\users\dengw3\dengw3_2DplatformGame\BuddahGo\Assets\Plugins\Feel\MMFeedbacks\MMFeedbacks\Springs\Springs\MMSpringTextureOffset.cs", "C#", 0, -13, 0, 0, 0, 0, 0, 0, -2, -15
"c:\Users\dwh88\Perforce\dengw3_Liyuu_1160\GSAS-2540-01-F24\users\dengw3\dengw3_2DplatformGame\BuddahGo\Assets\Plugins\Feel\MMFeedbacks\MMFeedbacks\Springs\Springs\MMSpringTextureScale.cs", "C#", 0, -13, 0, 0, 0, 0, 0, 0, -2, -15
"c:\Users\dwh88\Perforce\dengw3_Liyuu_1160\GSAS-2540-01-F24\users\dengw3\dengw3_2DplatformGame\BuddahGo\Assets\Plugins\Feel\MMTools\Accessories\Editor\MMActivation\MMTriggerAndCollisionEditor.cs", "C#", 0, -89, 0, 0, 0, 0, 0, 0, -19, -108
"c:\Users\dwh88\Perforce\dengw3_Liyuu_1160\GSAS-2540-01-F24\users\dengw3\dengw3_2DplatformGame\BuddahGo\Assets\Plugins\Feel\MMTools\Accessories\Editor\MMCamera\MMAspectRatioSafeZonesEditor.cs", "C#", 0, -103, 0, 0, 0, 0, 0, -36, -28, -167
"c:\Users\dwh88\Perforce\dengw3_Liyuu_1160\GSAS-2540-01-F24\users\dengw3\dengw3_2DplatformGame\BuddahGo\Assets\Plugins\Feel\MMTools\Accessories\Editor\MMCollisions\MMMeshToPolygonCollider2D.cs", "C#", 0, -87, 0, 0, 0, 0, 0, -32, -15, -134
"c:\Users\dwh88\Perforce\dengw3_Liyuu_1160\GSAS-2540-01-F24\users\dengw3\dengw3_2DplatformGame\BuddahGo\Assets\Plugins\Feel\MMTools\Accessories\Editor\MMCurves\MMPlotterEditor.cs", "C#", 0, -36, 0, 0, 0, 0, 0, -5, -9, -50
"c:\Users\dwh88\Perforce\dengw3_Liyuu_1160\GSAS-2540-01-F24\users\dengw3\dengw3_2DplatformGame\BuddahGo\Assets\Plugins\Feel\MMTools\Accessories\Editor\MMGUI\MMHealthBarEditor.cs", "C#", 0, -35, 0, 0, 0, 0, 0, -3, -5, -43
"c:\Users\dwh88\Perforce\dengw3_Liyuu_1160\GSAS-2540-01-F24\users\dengw3\dengw3_2DplatformGame\BuddahGo\Assets\Plugins\Feel\MMTools\Accessories\Editor\MMGizmos\MMGizmoEditor.cs", "C#", 0, -300, 0, 0, 0, 0, 0, -55, -29, -384
"c:\Users\dwh88\Perforce\dengw3_Liyuu_1160\GSAS-2540-01-F24\users\dengw3\dengw3_2DplatformGame\BuddahGo\Assets\Plugins\Feel\MMTools\Accessories\Editor\MMMaintenance\MMCleanEmptyFolders.cs", "C#", 0, -46, 0, 0, 0, 0, 0, -12, -8, -66
"c:\Users\dwh88\Perforce\dengw3_Liyuu_1160\GSAS-2540-01-F24\users\dengw3\dengw3_2DplatformGame\BuddahGo\Assets\Plugins\Feel\MMTools\Accessories\Editor\MMMaintenance\MMCleanupMissingScripts.cs", "C#", 0, -32, 0, 0, 0, 0, 0, -6, -1, -39
"c:\Users\dwh88\Perforce\dengw3_Liyuu_1160\GSAS-2540-01-F24\users\dengw3\dengw3_2DplatformGame\BuddahGo\Assets\Plugins\Feel\MMTools\Accessories\Editor\MMMaintenance\MMFindMissingScriptsRecursively.cs", "C#", 0, -62, 0, 0, 0, 0, 0, -3, -7, -72
"c:\Users\dwh88\Perforce\dengw3_Liyuu_1160\GSAS-2540-01-F24\users\dengw3\dengw3_2DplatformGame\BuddahGo\Assets\Plugins\Feel\MMTools\Accessories\Editor\MMMaintenance\MMFindPrefabsByMono.cs", "C#", 0, -227, 0, 0, 0, 0, 0, -37, -19, -283
"c:\Users\dwh88\Perforce\dengw3_Liyuu_1160\GSAS-2540-01-F24\users\dengw3\dengw3_2DplatformGame\BuddahGo\Assets\Plugins\Feel\MMTools\Accessories\Editor\MMMaintenance\MMGroupSelection.cs", "C#", 0, -27, 0, 0, 0, 0, 0, -6, -5, -38
"c:\Users\dwh88\Perforce\dengw3_Liyuu_1160\GSAS-2540-01-F24\users\dengw3\dengw3_2DplatformGame\BuddahGo\Assets\Plugins\Feel\MMTools\Accessories\Editor\MMMaintenance\MMLockInspector.cs", "C#", 0, -19, 0, 0, 0, 0, 0, -4, -3, -26
"c:\Users\dwh88\Perforce\dengw3_Liyuu_1160\GSAS-2540-01-F24\users\dengw3\dengw3_2DplatformGame\BuddahGo\Assets\Plugins\Feel\MMTools\Accessories\Editor\MMMovement\MMAutoRotateEditor.cs", "C#", 0, -47, 0, 0, 0, 0, 0, -13, -7, -67
"c:\Users\dwh88\Perforce\dengw3_Liyuu_1160\GSAS-2540-01-F24\users\dengw3\dengw3_2DplatformGame\BuddahGo\Assets\Plugins\Feel\MMTools\Accessories\Editor\MMMovement\MMPathMovement\MMPathEditor.cs", "C#", 0, -61, 0, 0, 0, 0, 0, -15, -12, -88
"c:\Users\dwh88\Perforce\dengw3_Liyuu_1160\GSAS-2540-01-F24\users\dengw3\dengw3_2DplatformGame\BuddahGo\Assets\Plugins\Feel\MMTools\Accessories\Editor\MMMovement\MMPathMovement\MMPathMovementEditor.cs", "C#", 0, -56, 0, 0, 0, 0, 0, -9, -13, -78
"c:\Users\dwh88\Perforce\dengw3_Liyuu_1160\GSAS-2540-01-F24\users\dengw3\dengw3_2DplatformGame\BuddahGo\Assets\Plugins\Feel\MMTools\Accessories\Editor\MMParticles\MMRendererSortingLayerEditor.cs", "C#", 0, -52, 0, 0, 0, 0, 0, 0, -10, -62
"c:\Users\dwh88\Perforce\dengw3_Liyuu_1160\GSAS-2540-01-F24\users\dengw3\dengw3_2DplatformGame\BuddahGo\Assets\Plugins\Feel\MMTools\Accessories\Editor\MMParticles\MMTrailRendererSortingLayerEditor.cs", "C#", 0, -52, 0, 0, 0, 0, 0, 0, -10, -62
"c:\Users\dwh88\Perforce\dengw3_Liyuu_1160\GSAS-2540-01-F24\users\dengw3\dengw3_2DplatformGame\BuddahGo\Assets\Plugins\Feel\MMTools\Accessories\Editor\MMProcedural\MMTilemapGeneratorEditor.cs", "C#", 0, -31, 0, 0, 0, 0, 0, -3, -6, -40
"c:\Users\dwh88\Perforce\dengw3_Liyuu_1160\GSAS-2540-01-F24\users\dengw3\dengw3_2DplatformGame\BuddahGo\Assets\Plugins\Feel\MMTools\Accessories\Editor\MMUtilities\MMDebugEditor.cs", "C#", 0, -50, 0, 0, 0, 0, 0, -27, -9, -86
"c:\Users\dwh88\Perforce\dengw3_Liyuu_1160\GSAS-2540-01-F24\users\dengw3\dengw3_2DplatformGame\BuddahGo\Assets\Plugins\Feel\MMTools\Accessories\Editor\MMUtilities\MMLayerPropertyDrawer.cs", "C#", 0, -22, 0, 0, 0, 0, 0, 0, -1, -23
"c:\Users\dwh88\Perforce\dengw3_Liyuu_1160\GSAS-2540-01-F24\users\dengw3\dengw3_2DplatformGame\BuddahGo\Assets\Plugins\Feel\MMTools\Accessories\Editor\MMUtilities\MMScreenshotEditor.cs", "C#", 0, -41, 0, 0, 0, 0, 0, 0, -5, -46
"c:\Users\dwh88\Perforce\dengw3_Liyuu_1160\GSAS-2540-01-F24\users\dengw3\dengw3_2DplatformGame\BuddahGo\Assets\Plugins\Feel\MMTools\Accessories\Editor\MMUtilities\MMTransformRandomizerEditor.cs", "C#", 0, -27, 0, 0, 0, 0, 0, -6, -3, -36
"c:\Users\dwh88\Perforce\dengw3_Liyuu_1160\GSAS-2540-01-F24\users\dengw3\dengw3_2DplatformGame\BuddahGo\Assets\Plugins\Feel\MMTools\Accessories\Editor\MMUtilities\ManagerIconEditor.cs", "C#", 0, -18, 0, 0, 0, 0, 0, -4, -4, -26
"c:\Users\dwh88\Perforce\dengw3_Liyuu_1160\GSAS-2540-01-F24\users\dengw3\dengw3_2DplatformGame\BuddahGo\Assets\Plugins\Feel\MMTools\Accessories\Editor\MMVision\MMConeOfVision2DInspector.cs", "C#", 0, -28, 0, 0, 0, 0, 0, -2, -6, -36
"c:\Users\dwh88\Perforce\dengw3_Liyuu_1160\GSAS-2540-01-F24\users\dengw3\dengw3_2DplatformGame\BuddahGo\Assets\Plugins\Feel\MMTools\Accessories\Editor\MMVision\MMConeOfVisionInspector.cs", "C#", 0, -28, 0, 0, 0, 0, 0, -2, -6, -36
"c:\Users\dwh88\Perforce\dengw3_Liyuu_1160\GSAS-2540-01-F24\users\dengw3\dengw3_2DplatformGame\BuddahGo\Assets\Plugins\Feel\MMTools\Accessories\Editor\MoreMountains.Tools.Accessories.Editor.asmref", "JSON", -3, 0, 0, 0, 0, 0, 0, 0, 0, -3
"c:\Users\dwh88\Perforce\dengw3_Liyuu_1160\GSAS-2540-01-F24\users\dengw3\dengw3_2DplatformGame\BuddahGo\Assets\Plugins\Feel\MMTools\Accessories\MMActivation\MMActivationOnStart.cs", "C#", 0, -37, 0, 0, 0, 0, 0, -16, -5, -58
"c:\Users\dwh88\Perforce\dengw3_Liyuu_1160\GSAS-2540-01-F24\users\dengw3\dengw3_2DplatformGame\BuddahGo\Assets\Plugins\Feel\MMTools\Accessories\MMActivation\MMApplicationPlatformActivation.cs", "C#", 0, -69, 0, 0, 0, 0, 0, -26, -11, -106
"c:\Users\dwh88\Perforce\dengw3_Liyuu_1160\GSAS-2540-01-F24\users\dengw3\dengw3_2DplatformGame\BuddahGo\Assets\Plugins\Feel\MMTools\Accessories\MMActivation\MMAutoExecution.cs", "C#", 0, -71, 0, 0, 0, 0, 0, -28, -7, -106
"c:\Users\dwh88\Perforce\dengw3_Liyuu_1160\GSAS-2540-01-F24\users\dengw3\dengw3_2DplatformGame\BuddahGo\Assets\Plugins\Feel\MMTools\Accessories\MMActivation\MMConditionalActivation.cs", "C#", 0, -34, 0, 0, 0, 0, 0, -8, -4, -46
"c:\Users\dwh88\Perforce\dengw3_Liyuu_1160\GSAS-2540-01-F24\users\dengw3\dengw3_2DplatformGame\BuddahGo\Assets\Plugins\Feel\MMTools\Accessories\MMActivation\MMDontDestroyOnLoad.cs", "C#", 0, -11, 0, 0, 0, 0, 0, -6, -1, -18
"c:\Users\dwh88\Perforce\dengw3_Liyuu_1160\GSAS-2540-01-F24\users\dengw3\dengw3_2DplatformGame\BuddahGo\Assets\Plugins\Feel\MMTools\Accessories\MMActivation\MMInputExecution.cs", "C#", 0, -78, 0, 0, 0, 0, 0, -20, -8, -106
"c:\Users\dwh88\Perforce\dengw3_Liyuu_1160\GSAS-2540-01-F24\users\dengw3\dengw3_2DplatformGame\BuddahGo\Assets\Plugins\Feel\MMTools\Accessories\MMActivation\MMOnMouse.cs", "C#", 0, -52, 0, 0, 0, 0, 0, -10, -9, -71
"c:\Users\dwh88\Perforce\dengw3_Liyuu_1160\GSAS-2540-01-F24\users\dengw3\dengw3_2DplatformGame\BuddahGo\Assets\Plugins\Feel\MMTools\Accessories\MMActivation\MMParentingOnStart.cs", "C#", 0, -30, 0, 0, 0, 0, 0, -15, -4, -49
"c:\Users\dwh88\Perforce\dengw3_Liyuu_1160\GSAS-2540-01-F24\users\dengw3\dengw3_2DplatformGame\BuddahGo\Assets\Plugins\Feel\MMTools\Accessories\MMActivation\MMPeriodicExecution.cs", "C#", 0, -32, 0, 0, 0, 0, 0, -14, -5, -51
"c:\Users\dwh88\Perforce\dengw3_Liyuu_1160\GSAS-2540-01-F24\users\dengw3\dengw3_2DplatformGame\BuddahGo\Assets\Plugins\Feel\MMTools\Accessories\MMActivation\MMPlatformActivation.cs", "C#", 0, -142, 0, 0, 0, 0, 0, -50, -38, -230
"c:\Users\dwh88\Perforce\dengw3_Liyuu_1160\GSAS-2540-01-F24\users\dengw3\dengw3_2DplatformGame\BuddahGo\Assets\Plugins\Feel\MMTools\Accessories\MMActivation\MMTimedActivation.cs", "C#", 0, -165, 0, 0, 0, 0, 0, -63, -25, -253
"c:\Users\dwh88\Perforce\dengw3_Liyuu_1160\GSAS-2540-01-F24\users\dengw3\dengw3_2DplatformGame\BuddahGo\Assets\Plugins\Feel\MMTools\Accessories\MMActivation\MMTimedDestruction.cs", "C#", 0, -28, 0, 0, 0, 0, 0, -12, -5, -45
"c:\Users\dwh88\Perforce\dengw3_Liyuu_1160\GSAS-2540-01-F24\users\dengw3\dengw3_2DplatformGame\BuddahGo\Assets\Plugins\Feel\MMTools\Accessories\MMActivation\MMToggleActive.cs", "C#", 0, -24, 0, 0, 0, 0, 0, -11, -4, -39
"c:\Users\dwh88\Perforce\dengw3_Liyuu_1160\GSAS-2540-01-F24\users\dengw3\dengw3_2DplatformGame\BuddahGo\Assets\Plugins\Feel\MMTools\Accessories\MMActivation\MMTriggerAndCollision.cs", "C#", 0, -114, 0, 0, 0, 0, 0, -4, -21, -139
"c:\Users\dwh88\Perforce\dengw3_Liyuu_1160\GSAS-2540-01-F24\users\dengw3\dengw3_2DplatformGame\BuddahGo\Assets\Plugins\Feel\MMTools\Accessories\MMActivation\MMTriggerAndCollisionFilter.cs", "C#", 0, -131, 0, 0, 0, 0, 0, -5, -21, -157
"c:\Users\dwh88\Perforce\dengw3_Liyuu_1160\GSAS-2540-01-F24\users\dengw3\dengw3_2DplatformGame\BuddahGo\Assets\Plugins\Feel\MMTools\Accessories\MMActivation\MMTriggerFilter.cs", "C#", 0, -63, 0, 0, 0, 0, 0, -3, -12, -78
"c:\Users\dwh88\Perforce\dengw3_Liyuu_1160\GSAS-2540-01-F24\users\dengw3\dengw3_2DplatformGame\BuddahGo\Assets\Plugins\Feel\MMTools\Accessories\MMCamera\MMAspectRatioSafeZones.cs", "C#", 0, -42, 0, 0, 0, 0, 0, -16, -6, -64
"c:\Users\dwh88\Perforce\dengw3_Liyuu_1160\GSAS-2540-01-F24\users\dengw3\dengw3_2DplatformGame\BuddahGo\Assets\Plugins\Feel\MMTools\Accessories\MMCamera\MMBillboard.cs", "C#", 0, -59, 0, 0, 0, 0, 0, -20, -8, -87
"c:\Users\dwh88\Perforce\dengw3_Liyuu_1160\GSAS-2540-01-F24\users\dengw3\dengw3_2DplatformGame\BuddahGo\Assets\Plugins\Feel\MMTools\Accessories\MMCamera\MMCameraAspectRatio.cs", "C#", 0, -67, 0, 0, 0, 0, 0, -17, -11, -95
"c:\Users\dwh88\Perforce\dengw3_Liyuu_1160\GSAS-2540-01-F24\users\dengw3\dengw3_2DplatformGame\BuddahGo\Assets\Plugins\Feel\MMTools\Accessories\MMCamera\MMCameraFog.cs", "C#", 0, -43, 0, 0, 0, 0, 0, -13, -7, -63
"c:\Users\dwh88\Perforce\dengw3_Liyuu_1160\GSAS-2540-01-F24\users\dengw3\dengw3_2DplatformGame\BuddahGo\Assets\Plugins\Feel\MMTools\Accessories\MMCamera\MMOrbitalCamera.cs", "C#", 0, -167, 0, 0, 0, 0, 0, -43, -32, -242
"c:\Users\dwh88\Perforce\dengw3_Liyuu_1160\GSAS-2540-01-F24\users\dengw3\dengw3_2DplatformGame\BuddahGo\Assets\Plugins\Feel\MMTools\Accessories\MMCamera\MMViewportEdgeTeleporter.cs", "C#", 0, -85, 0, 0, 0, 0, 0, -26, -13, -124
"c:\Users\dwh88\Perforce\dengw3_Liyuu_1160\GSAS-2540-01-F24\users\dengw3\dengw3_2DplatformGame\BuddahGo\Assets\Plugins\Feel\MMTools\Accessories\MMCinemachine\MMCinemachineZone\MMCinemachineZone.cs", "C#", 0, -210, 0, 0, 0, 0, 0, -61, -35, -306
"c:\Users\dwh88\Perforce\dengw3_Liyuu_1160\GSAS-2540-01-F24\users\dengw3\dengw3_2DplatformGame\BuddahGo\Assets\Plugins\Feel\MMTools\Accessories\MMCinemachine\MMCinemachineZone\MMCinemachineZone2D.cs", "C#", 0, -134, 0, 0, 0, 0, 0, -28, -17, -179
"c:\Users\dwh88\Perforce\dengw3_Liyuu_1160\GSAS-2540-01-F24\users\dengw3\dengw3_2DplatformGame\BuddahGo\Assets\Plugins\Feel\MMTools\Accessories\MMCinemachine\MMCinemachineZone\MMCinemachineZone3D.cs", "C#", 0, -120, 0, 0, 0, 0, 0, -26, -15, -161
"c:\Users\dwh88\Perforce\dengw3_Liyuu_1160\GSAS-2540-01-F24\users\dengw3\dengw3_2DplatformGame\BuddahGo\Assets\Plugins\Feel\MMTools\Accessories\MMCinemachine\MMGyroParallax\MMGyroParallax.cs", "C#", 0, -112, 0, 0, 0, 0, 0, -28, -16, -156
"c:\Users\dwh88\Perforce\dengw3_Liyuu_1160\GSAS-2540-01-F24\users\dengw3\dengw3_2DplatformGame\BuddahGo\Assets\Plugins\Feel\MMTools\Accessories\MMCurves\Plotter\MMPlotter.cs", "C#", 0, -203, 0, 0, 0, 0, 0, -24, -41, -268
"c:\Users\dwh88\Perforce\dengw3_Liyuu_1160\GSAS-2540-01-F24\users\dengw3\dengw3_2DplatformGame\BuddahGo\Assets\Plugins\Feel\MMTools\Accessories\MMCurves\Plotter\MMPlotterAxis.cs", "C#", 0, -30, 0, 0, 0, 0, 0, 0, -3, -33
"c:\Users\dwh88\Perforce\dengw3_Liyuu_1160\GSAS-2540-01-F24\users\dengw3\dengw3_2DplatformGame\BuddahGo\Assets\Plugins\Feel\MMTools\Accessories\MMCurves\Plotter\MMPlotterGenerator.cs", "C#", 0, -84, 0, 0, 0, 0, 0, 0, -19, -103
"c:\Users\dwh88\Perforce\dengw3_Liyuu_1160\GSAS-2540-01-F24\users\dengw3\dengw3_2DplatformGame\BuddahGo\Assets\Plugins\Feel\MMTools\Accessories\MMDebugMenu\Scripts\Commands\MMDebugMenuCommands.cs", "C#", 0, -111, 0, 0, 0, 0, 0, -48, -14, -173
"c:\Users\dwh88\Perforce\dengw3_Liyuu_1160\GSAS-2540-01-F24\users\dengw3\dengw3_2DplatformGame\BuddahGo\Assets\Plugins\Feel\MMTools\Accessories\MMDebugMenu\Scripts\Events\MMDebugMenuButtonEvent.cs", "C#", 0, -17, 0, 0, 0, 0, 0, -3, -3, -23
"c:\Users\dwh88\Perforce\dengw3_Liyuu_1160\GSAS-2540-01-F24\users\dengw3\dengw3_2DplatformGame\BuddahGo\Assets\Plugins\Feel\MMTools\Accessories\MMDebugMenu\Scripts\Events\MMDebugMenuButtonEventListener.cs", "C#", 0, -44, 0, 0, 0, 0, 0, -21, -7, -72
"c:\Users\dwh88\Perforce\dengw3_Liyuu_1160\GSAS-2540-01-F24\users\dengw3\dengw3_2DplatformGame\BuddahGo\Assets\Plugins\Feel\MMTools\Accessories\MMDebugMenu\Scripts\Events\MMDebugMenuCheckboxEvent.cs", "C#", 0, -17, 0, 0, 0, 0, 0, -3, -2, -22
"c:\Users\dwh88\Perforce\dengw3_Liyuu_1160\GSAS-2540-01-F24\users\dengw3\dengw3_2DplatformGame\BuddahGo\Assets\Plugins\Feel\MMTools\Accessories\MMDebugMenu\Scripts\Events\MMDebugMenuCheckboxEventListener.cs", "C#", 0, -62, 0, 0, 0, 0, 0, -21, -8, -91
"c:\Users\dwh88\Perforce\dengw3_Liyuu_1160\GSAS-2540-01-F24\users\dengw3\dengw3_2DplatformGame\BuddahGo\Assets\Plugins\Feel\MMTools\Accessories\MMDebugMenu\Scripts\Events\MMDebugMenuSliderEvent.cs", "C#", 0, -17, 0, 0, 0, 0, 0, -3, -2, -22
"c:\Users\dwh88\Perforce\dengw3_Liyuu_1160\GSAS-2540-01-F24\users\dengw3\dengw3_2DplatformGame\BuddahGo\Assets\Plugins\Feel\MMTools\Accessories\MMDebugMenu\Scripts\Events\MMDebugMenuSliderEventListener.cs", "C#", 0, -44, 0, 0, 0, 0, 0, -19, -7, -70
"c:\Users\dwh88\Perforce\dengw3_Liyuu_1160\GSAS-2540-01-F24\users\dengw3\dengw3_2DplatformGame\BuddahGo\Assets\Plugins\Feel\MMTools\Accessories\MMDebugMenu\Scripts\MMDebugMenu.cs", "C#", 0, -398, 0, 0, 0, 0, 0, -63, -62, -523
"c:\Users\dwh88\Perforce\dengw3_Liyuu_1160\GSAS-2540-01-F24\users\dengw3\dengw3_2DplatformGame\BuddahGo\Assets\Plugins\Feel\MMTools\Accessories\MMDebugMenu\Scripts\MMDebugMenuData.cs", "C#", 0, -140, 0, 0, 0, 0, 0, -18, -21, -179
"c:\Users\dwh88\Perforce\dengw3_Liyuu_1160\GSAS-2540-01-F24\users\dengw3\dengw3_2DplatformGame\BuddahGo\Assets\Plugins\Feel\MMTools\Accessories\MMDebugMenu\Scripts\MMDebugMenuItems\MMDebugMenuItemButton.cs", "C#", 0, -45, 0, 0, 0, 0, 0, -16, -6, -67
"c:\Users\dwh88\Perforce\dengw3_Liyuu_1160\GSAS-2540-01-F24\users\dengw3\dengw3_2DplatformGame\BuddahGo\Assets\Plugins\Feel\MMTools\Accessories\MMDebugMenu\Scripts\MMDebugMenuItems\MMDebugMenuItemCheckbox.cs", "C#", 0, -75, 0, 0, 0, 0, 0, -21, -8, -104
"c:\Users\dwh88\Perforce\dengw3_Liyuu_1160\GSAS-2540-01-F24\users\dengw3\dengw3_2DplatformGame\BuddahGo\Assets\Plugins\Feel\MMTools\Accessories\MMDebugMenu\Scripts\MMDebugMenuItems\MMDebugMenuItemChoices.cs", "C#", 0, -47, 0, 0, 0, 0, 0, -27, -5, -79
"c:\Users\dwh88\Perforce\dengw3_Liyuu_1160\GSAS-2540-01-F24\users\dengw3\dengw3_2DplatformGame\BuddahGo\Assets\Plugins\Feel\MMTools\Accessories\MMDebugMenu\Scripts\MMDebugMenuItems\MMDebugMenuItemSlider.cs", "C#", 0, -89, 0, 0, 0, 0, 0, -36, -16, -141
"c:\Users\dwh88\Perforce\dengw3_Liyuu_1160\GSAS-2540-01-F24\users\dengw3\dengw3_2DplatformGame\BuddahGo\Assets\Plugins\Feel\MMTools\Accessories\MMDebugMenu\Scripts\MMDebugMenuItems\MMDebugMenuItemText.cs", "C#", 0, -15, 0, 0, 0, 0, 0, -4, -1, -20
"c:\Users\dwh88\Perforce\dengw3_Liyuu_1160\GSAS-2540-01-F24\users\dengw3\dengw3_2DplatformGame\BuddahGo\Assets\Plugins\Feel\MMTools\Accessories\MMDebugMenu\Scripts\MMDebugMenuItems\MMDebugMenuItemTitle.cs", "C#", 0, -15, 0, 0, 0, 0, 0, -5, -1, -21
"c:\Users\dwh88\Perforce\dengw3_Liyuu_1160\GSAS-2540-01-F24\users\dengw3\dengw3_2DplatformGame\BuddahGo\Assets\Plugins\Feel\MMTools\Accessories\MMDebugMenu\Scripts\MMDebugMenuItems\MMDebugMenuItemValue.cs", "C#", 0, -18, 0, 0, 0, 0, 0, -7, -2, -27
"c:\Users\dwh88\Perforce\dengw3_Liyuu_1160\GSAS-2540-01-F24\users\dengw3\dengw3_2DplatformGame\BuddahGo\Assets\Plugins\Feel\MMTools\Accessories\MMDebugMenu\Scripts\MMDebugTouchDisplay.cs", "C#", 0, -56, 0, 0, 0, 0, 0, -26, -11, -93
"c:\Users\dwh88\Perforce\dengw3_Liyuu_1160\GSAS-2540-01-F24\users\dengw3\dengw3_2DplatformGame\BuddahGo\Assets\Plugins\Feel\MMTools\Accessories\MMDebugMenu\Scripts\Tabs\MMDebugMenuDebugTab.cs", "C#", 0, -77, 0, 0, 0, 0, 0, -31, -10, -118
"c:\Users\dwh88\Perforce\dengw3_Liyuu_1160\GSAS-2540-01-F24\users\dengw3\dengw3_2DplatformGame\BuddahGo\Assets\Plugins\Feel\MMTools\Accessories\MMDebugMenu\Scripts\Tabs\MMDebugMenuTab.cs", "C#", 0, -41, 0, 0, 0, 0, 0, -24, -5, -70
"c:\Users\dwh88\Perforce\dengw3_Liyuu_1160\GSAS-2540-01-F24\users\dengw3\dengw3_2DplatformGame\BuddahGo\Assets\Plugins\Feel\MMTools\Accessories\MMDebugMenu\Scripts\Tabs\MMDebugMenuTabContents.cs", "C#", 0, -24, 0, 0, 0, 0, 0, -12, -3, -39
"c:\Users\dwh88\Perforce\dengw3_Liyuu_1160\GSAS-2540-01-F24\users\dengw3\dengw3_2DplatformGame\BuddahGo\Assets\Plugins\Feel\MMTools\Accessories\MMDebugMenu\Scripts\Tabs\MMDebugMenuTabManager.cs", "C#", 0, -34, 0, 0, 0, 0, 0, -9, -2, -45
"c:\Users\dwh88\Perforce\dengw3_Liyuu_1160\GSAS-2540-01-F24\users\dengw3\dengw3_2DplatformGame\BuddahGo\Assets\Plugins\Feel\MMTools\Accessories\MMDebugMenu\Scripts\UIClasses\MMDebugMenuRadioButton.cs", "C#", 0, -40, 0, 0, 0, 0, 0, -14, -6, -60
"c:\Users\dwh88\Perforce\dengw3_Liyuu_1160\GSAS-2540-01-F24\users\dengw3\dengw3_2DplatformGame\BuddahGo\Assets\Plugins\Feel\MMTools\Accessories\MMDebugMenu\Scripts\UIClasses\MMDebugMenuSpriteReplace.cs", "C#", 0, -72, 0, 0, 0, 0, 0, -29, -13, -114
"c:\Users\dwh88\Perforce\dengw3_Liyuu_1160\GSAS-2540-01-F24\users\dengw3\dengw3_2DplatformGame\BuddahGo\Assets\Plugins\Feel\MMTools\Accessories\MMDebugMenu\Scripts\UIClasses\MMDebugMenuSwitch.cs", "C#", 0, -80, 0, 0, 0, 0, 0, -23, -8, -111
"c:\Users\dwh88\Perforce\dengw3_Liyuu_1160\GSAS-2540-01-F24\users\dengw3\dengw3_2DplatformGame\BuddahGo\Assets\Plugins\Feel\MMTools\Accessories\MMGUI\MMCountdown.cs", "C#", 0, -253, 0, 0, 0, 0, 0, -71, -38, -362
"c:\Users\dwh88\Perforce\dengw3_Liyuu_1160\GSAS-2540-01-F24\users\dengw3\dengw3_2DplatformGame\BuddahGo\Assets\Plugins\Feel\MMTools\Accessories\MMGUI\MMCursorVisible.cs", "C#", 0, -21, 0, 0, 0, 0, 0, -8, -2, -31
"c:\Users\dwh88\Perforce\dengw3_Liyuu_1160\GSAS-2540-01-F24\users\dengw3\dengw3_2DplatformGame\BuddahGo\Assets\Plugins\Feel\MMTools\Accessories\MMGUI\MMGetFocusOnEnable.cs", "C#", 0, -18, 0, 0, 0, 0, 0, -3, -1, -22
"c:\Users\dwh88\Perforce\dengw3_Liyuu_1160\GSAS-2540-01-F24\users\dengw3\dengw3_2DplatformGame\BuddahGo\Assets\Plugins\Feel\MMTools\Accessories\MMGUI\MMHealthBar.cs", "C#", 0, -384, 0, 0, 0, 0, 0, -84, -55, -523
"c:\Users\dwh88\Perforce\dengw3_Liyuu_1160\GSAS-2540-01-F24\users\dengw3\dengw3_2DplatformGame\BuddahGo\Assets\Plugins\Feel\MMTools\Accessories\MMGUI\MMOnPointer.cs", "C#", 0, -43, 0, 0, 0, 0, 0, -29, -7, -79
"c:\Users\dwh88\Perforce\dengw3_Liyuu_1160\GSAS-2540-01-F24\users\dengw3\dengw3_2DplatformGame\BuddahGo\Assets\Plugins\Feel\MMTools\Accessories\MMGUI\MMPSBToUIConverter.cs", "C#", 0, -104, 0, 0, 0, 0, 0, -9, -16, -129
"c:\Users\dwh88\Perforce\dengw3_Liyuu_1160\GSAS-2540-01-F24\users\dengw3\dengw3_2DplatformGame\BuddahGo\Assets\Plugins\Feel\MMTools\Accessories\MMGUI\MMParallaxUI.cs", "C#", 0, -76, 0, 0, 0, 0, 0, -33, -10, -119
"c:\Users\dwh88\Perforce\dengw3_Liyuu_1160\GSAS-2540-01-F24\users\dengw3\dengw3_2DplatformGame\BuddahGo\Assets\Plugins\Feel\MMTools\Accessories\MMGUI\MMProgressBarDemoAuto.cs", "C#", 0, -61, 0, 0, 0, 0, 0, 0, -8, -69
"c:\Users\dwh88\Perforce\dengw3_Liyuu_1160\GSAS-2540-01-F24\users\dengw3\dengw3_2DplatformGame\BuddahGo\Assets\Plugins\Feel\MMTools\Accessories\MMGUI\MMRadialProgressBar.cs", "C#", 0, -36, 0, 0, 0, 0, 0, -19, -5, -60
"c:\Users\dwh88\Perforce\dengw3_Liyuu_1160\GSAS-2540-01-F24\users\dengw3\dengw3_2DplatformGame\BuddahGo\Assets\Plugins\Feel\MMTools\Accessories\MMGUI\MMRaycastTarget.cs", "C#", 0, -20, 0, 0, 0, 0, 0, -3, -2, -25
"c:\Users\dwh88\Perforce\dengw3_Liyuu_1160\GSAS-2540-01-F24\users\dengw3\dengw3_2DplatformGame\BuddahGo\Assets\Plugins\Feel\MMTools\Accessories\MMGUI\MMSceneName.cs", "C#", 0, -27, 0, 0, 0, 0, 0, -12, -4, -43
"c:\Users\dwh88\Perforce\dengw3_Liyuu_1160\GSAS-2540-01-F24\users\dengw3\dengw3_2DplatformGame\BuddahGo\Assets\Plugins\Feel\MMTools\Accessories\MMGUI\MMSelectionBase.cs", "C#", 0, -11, 0, 0, 0, 0, 0, -3, -3, -17
"c:\Users\dwh88\Perforce\dengw3_Liyuu_1160\GSAS-2540-01-F24\users\dengw3\dengw3_2DplatformGame\BuddahGo\Assets\Plugins\Feel\MMTools\Accessories\MMGUI\MMSliderStep.cs", "C#", 0, -37, 0, 0, 0, 0, 0, -15, -5, -57
"c:\Users\dwh88\Perforce\dengw3_Liyuu_1160\GSAS-2540-01-F24\users\dengw3\dengw3_2DplatformGame\BuddahGo\Assets\Plugins\Feel\MMTools\Accessories\MMGUI\MMTwoSidedUI.cs", "C#", 0, -91, 0, 0, 0, 0, 0, -28, -17, -136
"c:\Users\dwh88\Perforce\dengw3_Liyuu_1160\GSAS-2540-01-F24\users\dengw3\dengw3_2DplatformGame\BuddahGo\Assets\Plugins\Feel\MMTools\Accessories\MMGUI\MMUIFollowMouse.cs", "C#", 0, -23, 0, 0, 0, 0, 0, -3, -2, -28
"c:\Users\dwh88\Perforce\dengw3_Liyuu_1160\GSAS-2540-01-F24\users\dengw3\dengw3_2DplatformGame\BuddahGo\Assets\Plugins\Feel\MMTools\Accessories\MMGUI\SelectionBase.cs", "C#", 0, -11, 0, 0, 0, 0, 0, -3, -3, -17
"c:\Users\dwh88\Perforce\dengw3_Liyuu_1160\GSAS-2540-01-F24\users\dengw3\dengw3_2DplatformGame\BuddahGo\Assets\Plugins\Feel\MMTools\Accessories\MMGizmos\MMGizmo.cs", "C#", 0, -122, 0, 0, 0, 0, 0, -52, -17, -191
"c:\Users\dwh88\Perforce\dengw3_Liyuu_1160\GSAS-2540-01-F24\users\dengw3\dengw3_2DplatformGame\BuddahGo\Assets\Plugins\Feel\MMTools\Accessories\MMGyroscope\MMGyroscope.cs", "C#", 0, -237, 0, 0, 0, 0, 0, -7, -35, -279
"c:\Users\dwh88\Perforce\dengw3_Liyuu_1160\GSAS-2540-01-F24\users\dengw3\dengw3_2DplatformGame\BuddahGo\Assets\Plugins\Feel\MMTools\Accessories\MMInput\MMAutoInputModule.cs", "C#", 0, -41, 0, 0, 0, 0, 0, -11, -6, -58
"c:\Users\dwh88\Perforce\dengw3_Liyuu_1160\GSAS-2540-01-F24\users\dengw3\dengw3_2DplatformGame\BuddahGo\Assets\Plugins\Feel\MMTools\Accessories\MMInstantiation\MMRandomBoundsInstantiator.cs", "C#", 0, -102, 0, 0, 0, 0, 0, -36, -19, -157
"c:\Users\dwh88\Perforce\dengw3_Liyuu_1160\GSAS-2540-01-F24\users\dengw3\dengw3_2DplatformGame\BuddahGo\Assets\Plugins\Feel\MMTools\Accessories\MMInstantiation\MMRandomInstantiator.cs", "C#", 0, -57, 0, 0, 0, 0, 0, -24, -9, -90
"c:\Users\dwh88\Perforce\dengw3_Liyuu_1160\GSAS-2540-01-F24\users\dengw3\dengw3_2DplatformGame\BuddahGo\Assets\Plugins\Feel\MMTools\Accessories\MMInstantiation\MMSpawnAround.cs", "C#", 0, -156, 0, 0, 0, 0, 0, -57, -20, -233
"c:\Users\dwh88\Perforce\dengw3_Liyuu_1160\GSAS-2540-01-F24\users\dengw3\dengw3_2DplatformGame\BuddahGo\Assets\Plugins\Feel\MMTools\Accessories\MMInstantiation\MMSpawnAroundTester.cs", "C#", 0, -42, 0, 0, 0, 0, 0, -19, -8, -69
"c:\Users\dwh88\Perforce\dengw3_Liyuu_1160\GSAS-2540-01-F24\users\dengw3\dengw3_2DplatformGame\BuddahGo\Assets\Plugins\Feel\MMTools\Accessories\MMMovement\MMAim.cs", "C#", 0, -110, 0, 0, 0, 0, 0, -23, -21, -154
"c:\Users\dwh88\Perforce\dengw3_Liyuu_1160\GSAS-2540-01-F24\users\dengw3\dengw3_2DplatformGame\BuddahGo\Assets\Plugins\Feel\MMTools\Accessories\MMMovement\MMAutoRotate.cs", "C#", 0, -111, 0, 0, 0, 0, 0, -41, -14, -166
"c:\Users\dwh88\Perforce\dengw3_Liyuu_1160\GSAS-2540-01-F24\users\dengw3\dengw3_2DplatformGame\BuddahGo\Assets\Plugins\Feel\MMTools\Accessories\MMMovement\MMFaceDirection.cs", "C#", 0, -97, 0, 0, 0, 0, 0, -34, -16, -147
"c:\Users\dwh88\Perforce\dengw3_Liyuu_1160\GSAS-2540-01-F24\users\dengw3\dengw3_2DplatformGame\BuddahGo\Assets\Plugins\Feel\MMTools\Accessories\MMMovement\MMPathMovement\MMPath.cs", "C#", 0, -322, 0, 0, 0, 0, 0, -88, -56, -466
"c:\Users\dwh88\Perforce\dengw3_Liyuu_1160\GSAS-2540-01-F24\users\dengw3\dengw3_2DplatformGame\BuddahGo\Assets\Plugins\Feel\MMTools\Accessories\MMMovement\MMPathMovement\MMPathMovement.cs", "C#", 0, -363, 0, 0, 0, 0, 0, -93, -58, -514
"c:\Users\dwh88\Perforce\dengw3_Liyuu_1160\GSAS-2540-01-F24\users\dengw3\dengw3_2DplatformGame\BuddahGo\Assets\Plugins\Feel\MMTools\Accessories\MMMovement\MMPositionRecorder.cs", "C#", 0, -63, 0, 0, 0, 0, 0, -23, -12, -98
"c:\Users\dwh88\Perforce\dengw3_Liyuu_1160\GSAS-2540-01-F24\users\dengw3\dengw3_2DplatformGame\BuddahGo\Assets\Plugins\Feel\MMTools\Accessories\MMMovement\MMPreventPassingThrough.cs", "C#", 0, -63, 0, 0, 0, 0, 0, -19, -12, -94
"c:\Users\dwh88\Perforce\dengw3_Liyuu_1160\GSAS-2540-01-F24\users\dengw3\dengw3_2DplatformGame\BuddahGo\Assets\Plugins\Feel\MMTools\Accessories\MMMovement\MMPreventPassingThrough2D.cs", "C#", 0, -97, 0, 0, 0, 0, 0, -22, -13, -132
"c:\Users\dwh88\Perforce\dengw3_Liyuu_1160\GSAS-2540-01-F24\users\dengw3\dengw3_2DplatformGame\BuddahGo\Assets\Plugins\Feel\MMTools\Accessories\MMMovement\MMPreventPassingThrough3D.cs", "C#", 0, -101, 0, 0, 0, 0, 0, -26, -16, -143
"c:\Users\dwh88\Perforce\dengw3_Liyuu_1160\GSAS-2540-01-F24\users\dengw3\dengw3_2DplatformGame\BuddahGo\Assets\Plugins\Feel\MMTools\Accessories\MMMovement\MMSquashAndStretch.cs", "C#", 0, -220, 0, 0, 0, 0, 0, -63, -32, -315
"c:\Users\dwh88\Perforce\dengw3_Liyuu_1160\GSAS-2540-01-F24\users\dengw3\dengw3_2DplatformGame\BuddahGo\Assets\Plugins\Feel\MMTools\Accessories\MMMovement\MMStayInPlace.cs", "C#", 0, -102, 0, 0, 0, 0, 0, -3, -15, -120
"c:\Users\dwh88\Perforce\dengw3_Liyuu_1160\GSAS-2540-01-F24\users\dengw3\dengw3_2DplatformGame\BuddahGo\Assets\Plugins\Feel\MMTools\Accessories\MMParticles\MMAutoDestroyParticleSystem.cs", "C#", 0, -51, 0, 0, 0, 0, 0, -15, -8, -74
"c:\Users\dwh88\Perforce\dengw3_Liyuu_1160\GSAS-2540-01-F24\users\dengw3\dengw3_2DplatformGame\BuddahGo\Assets\Plugins\Feel\MMTools\Accessories\MMParticles\MMChangeFogColor.cs", "C#", 0, -25, 0, 0, 0, 0, 0, -14, -4, -43
"c:\Users\dwh88\Perforce\dengw3_Liyuu_1160\GSAS-2540-01-F24\users\dengw3\dengw3_2DplatformGame\BuddahGo\Assets\Plugins\Feel\MMTools\Accessories\MMParticles\MMDelayParticles.cs", "C#", 0, -39, 0, 0, 0, 0, 0, -6, -7, -52
"c:\Users\dwh88\Perforce\dengw3_Liyuu_1160\GSAS-2540-01-F24\users\dengw3\dengw3_2DplatformGame\BuddahGo\Assets\Plugins\Feel\MMTools\Accessories\MMParticles\MMRendererSortingLayer.cs", "C#", 0, -9, 0, 0, 0, 0, 0, 0, -1, -10
"c:\Users\dwh88\Perforce\dengw3_Liyuu_1160\GSAS-2540-01-F24\users\dengw3\dengw3_2DplatformGame\BuddahGo\Assets\Plugins\Feel\MMTools\Accessories\MMParticles\MMRuntimeParticleControl.cs", "C#", 0, -60, 0, 0, 0, 0, 0, -36, -11, -107
"c:\Users\dwh88\Perforce\dengw3_Liyuu_1160\GSAS-2540-01-F24\users\dengw3\dengw3_2DplatformGame\BuddahGo\Assets\Plugins\Feel\MMTools\Accessories\MMParticles\MMTrailRendererSortingLayer.cs", "C#", 0, -9, 0, 0, 0, 0, 0, 0, -1, -10
"c:\Users\dwh88\Perforce\dengw3_Liyuu_1160\GSAS-2540-01-F24\users\dengw3\dengw3_2DplatformGame\BuddahGo\Assets\Plugins\Feel\MMTools\Accessories\MMParticles\MMVisibleParticle.cs", "C#", 0, -12, 0, 0, 0, 0, 0, -6, -2, -20
"c:\Users\dwh88\Perforce\dengw3_Liyuu_1160\GSAS-2540-01-F24\users\dengw3\dengw3_2DplatformGame\BuddahGo\Assets\Plugins\Feel\MMTools\Accessories\MMPerformance\MMFPSCounter.cs", "C#", 0, -96, 0, 0, 0, 0, 0, -12, -9, -117
"c:\Users\dwh88\Perforce\dengw3_Liyuu_1160\GSAS-2540-01-F24\users\dengw3\dengw3_2DplatformGame\BuddahGo\Assets\Plugins\Feel\MMTools\Accessories\MMPerformance\MMFPSUnlock.cs", "C#", 0, -107, 0, 0, 0, 0, 0, -22, -20, -149
"c:\Users\dwh88\Perforce\dengw3_Liyuu_1160\GSAS-2540-01-F24\users\dengw3\dengw3_2DplatformGame\BuddahGo\Assets\Plugins\Feel\MMTools\Accessories\MMPerformance\MMSpeedTest.cs", "C#", 0, -41, 0, 0, 0, 0, 0, -21, -7, -69
"c:\Users\dwh88\Perforce\dengw3_Liyuu_1160\GSAS-2540-01-F24\users\dengw3\dengw3_2DplatformGame\BuddahGo\Assets\Plugins\Feel\MMTools\Accessories\MMPhysics\MMRigidbodyCenterOfMass.cs", "C#", 0, -62, 0, 0, 0, 0, 0, -24, -13, -99
"c:\Users\dwh88\Perforce\dengw3_Liyuu_1160\GSAS-2540-01-F24\users\dengw3\dengw3_2DplatformGame\BuddahGo\Assets\Plugins\Feel\MMTools\Accessories\MMPhysics\MMRigidbodyInterface.cs", "C#", 0, -227, 0, 0, 0, 0, 0, -67, -22, -316
"c:\Users\dwh88\Perforce\dengw3_Liyuu_1160\GSAS-2540-01-F24\users\dengw3\dengw3_2DplatformGame\BuddahGo\Assets\Plugins\Feel\MMTools\Accessories\MMProcedural\MMGridGenerators\MMGridGenerator.cs", "C#", 0, -195, 0, 0, 0, 0, 0, -67, -24, -286
"c:\Users\dwh88\Perforce\dengw3_Liyuu_1160\GSAS-2540-01-F24\users\dengw3\dengw3_2DplatformGame\BuddahGo\Assets\Plugins\Feel\MMTools\Accessories\MMProcedural\MMGridGenerators\MMGridGeneratorFull.cs", "C#", 0, -21, 0, 0, 0, 0, 0, -10, -2, -33
"c:\Users\dwh88\Perforce\dengw3_Liyuu_1160\GSAS-2540-01-F24\users\dengw3\dengw3_2DplatformGame\BuddahGo\Assets\Plugins\Feel\MMTools\Accessories\MMProcedural\MMGridGenerators\MMGridGeneratorPath.cs", "C#", 0, -125, 0, 0, 0, 0, 0, -36, -9, -170
"c:\Users\dwh88\Perforce\dengw3_Liyuu_1160\GSAS-2540-01-F24\users\dengw3\dengw3_2DplatformGame\BuddahGo\Assets\Plugins\Feel\MMTools\Accessories\MMProcedural\MMGridGenerators\MMGridGeneratorPerlinNoise.cs", "C#", 0, -23, 0, 0, 0, 0, 0, -10, -2, -35
"c:\Users\dwh88\Perforce\dengw3_Liyuu_1160\GSAS-2540-01-F24\users\dengw3\dengw3_2DplatformGame\BuddahGo\Assets\Plugins\Feel\MMTools\Accessories\MMProcedural\MMGridGenerators\MMGridGeneratorPerlinNoiseGround.cs", "C#", 0, -23, 0, 0, 0, 0, 0, -10, -2, -35
"c:\Users\dwh88\Perforce\dengw3_Liyuu_1160\GSAS-2540-01-F24\users\dengw3\dengw3_2DplatformGame\BuddahGo\Assets\Plugins\Feel\MMTools\Accessories\MMProcedural\MMGridGenerators\MMGridGeneratorRandom.cs", "C#", 0, -25, 0, 0, 0, 0, 0, -11, -5, -41
"c:\Users\dwh88\Perforce\dengw3_Liyuu_1160\GSAS-2540-01-F24\users\dengw3\dengw3_2DplatformGame\BuddahGo\Assets\Plugins\Feel\MMTools\Accessories\MMProcedural\MMGridGenerators\MMGridGeneratorRandomWalk.cs", "C#", 0, -68, 0, 0, 0, 0, 0, -20, -7, -95
"c:\Users\dwh88\Perforce\dengw3_Liyuu_1160\GSAS-2540-01-F24\users\dengw3\dengw3_2DplatformGame\BuddahGo\Assets\Plugins\Feel\MMTools\Accessories\MMProcedural\MMGridGenerators\MMGridGeneratorRandomWalkAvoider.cs", "C#", 0, -72, 0, 0, 0, 0, 0, -26, -8, -106
"c:\Users\dwh88\Perforce\dengw3_Liyuu_1160\GSAS-2540-01-F24\users\dengw3\dengw3_2DplatformGame\BuddahGo\Assets\Plugins\Feel\MMTools\Accessories\MMProcedural\MMGridGenerators\MMGridGeneratorRandomWalkGround.cs", "C#", 0, -47, 0, 0, 0, 0, 0, -14, -9, -70
"c:\Users\dwh88\Perforce\dengw3_Liyuu_1160\GSAS-2540-01-F24\users\dengw3\dengw3_2DplatformGame\BuddahGo\Assets\Plugins\Feel\MMTools\Accessories\MMProcedural\MMTilemapGenerator\MMTilemapGenerator.cs", "C#", 0, -165, 0, 0, 0, 0, 0, -36, -26, -227
"c:\Users\dwh88\Perforce\dengw3_Liyuu_1160\GSAS-2540-01-F24\users\dengw3\dengw3_2DplatformGame\BuddahGo\Assets\Plugins\Feel\MMTools\Accessories\MMProcedural\MMTilemapGenerator\MMTilemapGeneratorLayer.cs", "C#", 0, -199, 0, 0, 0, 0, 0, -71, -21, -291
"c:\Users\dwh88\Perforce\dengw3_Liyuu_1160\GSAS-2540-01-F24\users\dengw3\dengw3_2DplatformGame\BuddahGo\Assets\Plugins\Feel\MMTools\Accessories\MMShaders\MM2DReflection.shader", "UnityShader", 0, 0, 0, -206, 0, 0, 0, -62, -14, -282
"c:\Users\dwh88\Perforce\dengw3_Liyuu_1160\GSAS-2540-01-F24\users\dengw3\dengw3_2DplatformGame\BuddahGo\Assets\Plugins\Feel\MMTools\Accessories\MMShaders\MMAdvancedToon.shader", "UnityShader", 0, 0, 0, -452, 0, 0, 0, -477, -16, -945
"c:\Users\dwh88\Perforce\dengw3_Liyuu_1160\GSAS-2540-01-F24\users\dengw3\dengw3_2DplatformGame\BuddahGo\Assets\Plugins\Feel\MMTools\Accessories\MMShaders\MMBoilingLine.shader", "UnityShader", 0, 0, 0, -103, 0, 0, 0, -1, -25, -129
"c:\Users\dwh88\Perforce\dengw3_Liyuu_1160\GSAS-2540-01-F24\users\dengw3\dengw3_2DplatformGame\BuddahGo\Assets\Plugins\Feel\MMTools\Accessories\MMShaders\MMControlledEmission.shader", "UnityShader", 0, 0, 0, -164, 0, 0, 0, 0, -6, -170
"c:\Users\dwh88\Perforce\dengw3_Liyuu_1160\GSAS-2540-01-F24\users\dengw3\dengw3_2DplatformGame\BuddahGo\Assets\Plugins\Feel\MMTools\Accessories\MMShaders\MMMatcap.shader", "UnityShader", 0, 0, 0, -105, 0, 0, 0, 0, -6, -111
"c:\Users\dwh88\Perforce\dengw3_Liyuu_1160\GSAS-2540-01-F24\users\dengw3\dengw3_2DplatformGame\BuddahGo\Assets\Plugins\Feel\MMTools\Accessories\MMShaders\MMRipple.shader", "UnityShader", 0, 0, 0, -78, 0, 0, 0, 0, -13, -91
"c:\Users\dwh88\Perforce\dengw3_Liyuu_1160\GSAS-2540-01-F24\users\dengw3\dengw3_2DplatformGame\BuddahGo\Assets\Plugins\Feel\MMTools\Accessories\MMShaders\MMSkybox.shader", "UnityShader", 0, 0, 0, -116, 0, 0, 0, 0, -13, -129
"c:\Users\dwh88\Perforce\dengw3_Liyuu_1160\GSAS-2540-01-F24\users\dengw3\dengw3_2DplatformGame\BuddahGo\Assets\Plugins\Feel\MMTools\Accessories\MMShaders\MMStandardEmission.shader", "UnityShader", 0, 0, 0, -112, 0, 0, 0, 0, -3, -115
"c:\Users\dwh88\Perforce\dengw3_Liyuu_1160\GSAS-2540-01-F24\users\dengw3\dengw3_2DplatformGame\BuddahGo\Assets\Plugins\Feel\MMTools\Accessories\MMShaders\MMStochastic.shader", "UnityShader", 0, 0, 0, -84, 0, 0, 0, 0, -16, -100
"c:\Users\dwh88\Perforce\dengw3_Liyuu_1160\GSAS-2540-01-F24\users\dengw3\dengw3_2DplatformGame\BuddahGo\Assets\Plugins\Feel\MMTools\Accessories\MMShaders\MMToon.shader", "UnityShader", 0, 0, 0, -219, 0, 0, 0, 0, -11, -230
"c:\Users\dwh88\Perforce\dengw3_Liyuu_1160\GSAS-2540-01-F24\users\dengw3\dengw3_2DplatformGame\BuddahGo\Assets\Plugins\Feel\MMTools\Accessories\MMShaders\MMUINoAlpha.shader", "UnityShader", 0, 0, 0, -79, 0, 0, 0, 0, -12, -91
"c:\Users\dwh88\Perforce\dengw3_Liyuu_1160\GSAS-2540-01-F24\users\dengw3\dengw3_2DplatformGame\BuddahGo\Assets\Plugins\Feel\MMTools\Accessories\MMShaders\MMVFX.shader", "UnityShader", 0, 0, 0, -248, 0, 0, 0, -278, -13, -539
"c:\Users\dwh88\Perforce\dengw3_Liyuu_1160\GSAS-2540-01-F24\users\dengw3\dengw3_2DplatformGame\BuddahGo\Assets\Plugins\Feel\MMTools\Accessories\MMShaders\MMWorldspace.shader", "UnityShader", 0, 0, 0, -50, 0, 0, 0, 0, -8, -58
"c:\Users\dwh88\Perforce\dengw3_Liyuu_1160\GSAS-2540-01-F24\users\dengw3\dengw3_2DplatformGame\BuddahGo\Assets\Plugins\Feel\MMTools\Accessories\MMShaders\MMZTestAlways.shader", "UnityShader", 0, 0, 0, -76, 0, 0, 0, 0, -12, -88
"c:\Users\dwh88\Perforce\dengw3_Liyuu_1160\GSAS-2540-01-F24\users\dengw3\dengw3_2DplatformGame\BuddahGo\Assets\Plugins\Feel\MMTools\Accessories\MMShaders\MMZTestAlwaysAdditive.shader", "UnityShader", 0, 0, 0, -74, 0, 0, 0, 0, -12, -86
"c:\Users\dwh88\Perforce\dengw3_Liyuu_1160\GSAS-2540-01-F24\users\dengw3\dengw3_2DplatformGame\BuddahGo\Assets\Plugins\Feel\MMTools\Accessories\MMSprites\BezierLineRenderer\MMBezierLineRenderer.cs", "C#", 0, -71, 0, 0, 0, 0, 0, -28, -12, -111
"c:\Users\dwh88\Perforce\dengw3_Liyuu_1160\GSAS-2540-01-F24\users\dengw3\dengw3_2DplatformGame\BuddahGo\Assets\Plugins\Feel\MMTools\Accessories\MMSprites\MMAutoOrderInLayer.cs", "C#", 0, -77, 0, 0, 0, 0, 0, -27, -13, -117
"c:\Users\dwh88\Perforce\dengw3_Liyuu_1160\GSAS-2540-01-F24\users\dengw3\dengw3_2DplatformGame\BuddahGo\Assets\Plugins\Feel\MMTools\Accessories\MMSprites\MMLineRendererCircle.cs", "C#", 0, -116, 0, 0, 0, 0, 0, -37, -22, -175
"c:\Users\dwh88\Perforce\dengw3_Liyuu_1160\GSAS-2540-01-F24\users\dengw3\dengw3_2DplatformGame\BuddahGo\Assets\Plugins\Feel\MMTools\Accessories\MMSprites\MMLineRendererDriver.cs", "C#", 0, -58, 0, 0, 0, 0, 0, -25, -12, -95
"c:\Users\dwh88\Perforce\dengw3_Liyuu_1160\GSAS-2540-01-F24\users\dengw3\dengw3_2DplatformGame\BuddahGo\Assets\Plugins\Feel\MMTools\Accessories\MMTilemaps\MMTilemap.cs", "C#", 0, -54, 0, 0, 0, 0, 0, -26, -12, -92
"c:\Users\dwh88\Perforce\dengw3_Liyuu_1160\GSAS-2540-01-F24\users\dengw3\dengw3_2DplatformGame\BuddahGo\Assets\Plugins\Feel\MMTools\Accessories\MMTilemaps\MMTilemapBoolean.cs", "C#", 0, -33, 0, 0, 0, 0, 0, -5, -6, -44
"c:\Users\dwh88\Perforce\dengw3_Liyuu_1160\GSAS-2540-01-F24\users\dengw3\dengw3_2DplatformGame\BuddahGo\Assets\Plugins\Feel\MMTools\Accessories\MMTilemaps\MMTilemapCleaner.cs", "C#", 0, -32, 0, 0, 0, 0, 0, -10, -6, -48
"c:\Users\dwh88\Perforce\dengw3_Liyuu_1160\GSAS-2540-01-F24\users\dengw3\dengw3_2DplatformGame\BuddahGo\Assets\Plugins\Feel\MMTools\Accessories\MMTilemaps\MMTilemapGridRenderer.cs", "C#", 0, -127, 0, 0, 0, 0, 0, -44, -17, -188
"c:\Users\dwh88\Perforce\dengw3_Liyuu_1160\GSAS-2540-01-F24\users\dengw3\dengw3_2DplatformGame\BuddahGo\Assets\Plugins\Feel\MMTools\Accessories\MMTilemaps\MMTilemapShadow.cs", "C#", 0, -54, 0, 0, 0, 0, 0, -18, -13, -85
"c:\Users\dwh88\Perforce\dengw3_Liyuu_1160\GSAS-2540-01-F24\users\dengw3\dengw3_2DplatformGame\BuddahGo\Assets\Plugins\Feel\MMTools\Accessories\MMUtilities\MMApplicationQuit.cs", "C#", 0, -20, 0, 0, 0, 0, 0, -6, -2, -28
"c:\Users\dwh88\Perforce\dengw3_Liyuu_1160\GSAS-2540-01-F24\users\dengw3\dengw3_2DplatformGame\BuddahGo\Assets\Plugins\Feel\MMTools\Accessories\MMUtilities\MMDebugController.cs", "C#", 0, -17, 0, 0, 0, 0, 0, -8, -2, -27
"c:\Users\dwh88\Perforce\dengw3_Liyuu_1160\GSAS-2540-01-F24\users\dengw3\dengw3_2DplatformGame\BuddahGo\Assets\Plugins\Feel\MMTools\Accessories\MMUtilities\MMLayer.cs", "C#", 0, -25, 0, 0, 0, 0, 0, 0, -4, -29
"c:\Users\dwh88\Perforce\dengw3_Liyuu_1160\GSAS-2540-01-F24\users\dengw3\dengw3_2DplatformGame\BuddahGo\Assets\Plugins\Feel\MMTools\Accessories\MMUtilities\MMOpenURL.cs", "C#", 0, -13, 0, 0, 0, 0, 0, -7, -2, -22
"c:\Users\dwh88\Perforce\dengw3_Liyuu_1160\GSAS-2540-01-F24\users\dengw3\dengw3_2DplatformGame\BuddahGo\Assets\Plugins\Feel\MMTools\Accessories\MMUtilities\MMSceneRestarter.cs", "C#", 0, -57, 0, 0, 0, 0, 0, -18, -9, -84
"c:\Users\dwh88\Perforce\dengw3_Liyuu_1160\GSAS-2540-01-F24\users\dengw3\dengw3_2DplatformGame\BuddahGo\Assets\Plugins\Feel\MMTools\Accessories\MMUtilities\MMSceneViewIcon.cs", "C#", 0, -8, 0, 0, 0, 0, 0, -3, -3, -14
"c:\Users\dwh88\Perforce\dengw3_Liyuu_1160\GSAS-2540-01-F24\users\dengw3\dengw3_2DplatformGame\BuddahGo\Assets\Plugins\Feel\MMTools\Accessories\MMUtilities\MMScreenshot.cs", "C#", 0, -91, 0, 0, 0, 0, 0, -31, -17, -139
"c:\Users\dwh88\Perforce\dengw3_Liyuu_1160\GSAS-2540-01-F24\users\dengw3\dengw3_2DplatformGame\BuddahGo\Assets\Plugins\Feel\MMTools\Accessories\MMUtilities\MMTransformRandomizer.cs", "C#", 0, -118, 0, 0, 0, 0, 0, -43, -14, -175
"c:\Users\dwh88\Perforce\dengw3_Liyuu_1160\GSAS-2540-01-F24\users\dengw3\dengw3_2DplatformGame\BuddahGo\Assets\Plugins\Feel\MMTools\Accessories\MMVFX\Scripts\MMPanningTexture.cs", "C#", 0, -80, 0, 0, 0, 0, 0, -16, -12, -108
"c:\Users\dwh88\Perforce\dengw3_Liyuu_1160\GSAS-2540-01-F24\users\dengw3\dengw3_2DplatformGame\BuddahGo\Assets\Plugins\Feel\MMTools\Accessories\MMVision\MMConeOfLight.shader", "UnityShader", 0, 0, 0, -62, 0, 0, 0, 0, -8, -70
"c:\Users\dwh88\Perforce\dengw3_Liyuu_1160\GSAS-2540-01-F24\users\dengw3\dengw3_2DplatformGame\BuddahGo\Assets\Plugins\Feel\MMTools\Accessories\MMVision\MMConeOfVision.cs", "C#", 0, -221, 0, 0, 0, 0, 0, -7, -37, -265
"c:\Users\dwh88\Perforce\dengw3_Liyuu_1160\GSAS-2540-01-F24\users\dengw3\dengw3_2DplatformGame\BuddahGo\Assets\Plugins\Feel\MMTools\Accessories\MMVision\MMConeOfVision2D.cs", "C#", 0, -220, 0, 0, 0, 0, 0, 0, -37, -257
"c:\Users\dwh88\Perforce\dengw3_Liyuu_1160\GSAS-2540-01-F24\users\dengw3\dengw3_2DplatformGame\BuddahGo\Assets\Plugins\Feel\MMTools\Accessories\MoreMountains.Tools.Accessories.asmref", "JSON", -3, 0, 0, 0, 0, 0, 0, 0, 0, -3
"c:\Users\dwh88\Perforce\dengw3_Liyuu_1160\GSAS-2540-01-F24\users\dengw3\dengw3_2DplatformGame\BuddahGo\Assets\Plugins\Feel\MMTools\Core\Editor\MMAttributes\MMBackgroundColorAttributeDrawer.cs", "C#", 0, -60, 0, 0, 0, 0, 0, 0, -8, -68
"c:\Users\dwh88\Perforce\dengw3_Liyuu_1160\GSAS-2540-01-F24\users\dengw3\dengw3_2DplatformGame\BuddahGo\Assets\Plugins\Feel\MMTools\Core\Editor\MMAttributes\MMColorAttributeDrawer.cs", "C#", 0, -21, 0, 0, 0, 0, 0, 0, -2, -23
"c:\Users\dwh88\Perforce\dengw3_Liyuu_1160\GSAS-2540-01-F24\users\dengw3\dengw3_2DplatformGame\BuddahGo\Assets\Plugins\Feel\MMTools\Core\Editor\MMAttributes\MMConditionAttributeDrawer.cs", "C#", 0, -65, 0, 0, 0, 0, 0, -1, -6, -72
"c:\Users\dwh88\Perforce\dengw3_Liyuu_1160\GSAS-2540-01-F24\users\dengw3\dengw3_2DplatformGame\BuddahGo\Assets\Plugins\Feel\MMTools\Core\Editor\MMAttributes\MMDropdownAttributeDrawer.cs", "C#", 0, -84, 0, 0, 0, 0, 0, 0, -7, -91
"c:\Users\dwh88\Perforce\dengw3_Liyuu_1160\GSAS-2540-01-F24\users\dengw3\dengw3_2DplatformGame\BuddahGo\Assets\Plugins\Feel\MMTools\Core\Editor\MMAttributes\MMEnumConditionAttributeDrawer.cs", "C#", 0, -63, 0, 0, 0, 0, 0, -1, -10, -74
"c:\Users\dwh88\Perforce\dengw3_Liyuu_1160\GSAS-2540-01-F24\users\dengw3\dengw3_2DplatformGame\BuddahGo\Assets\Plugins\Feel\MMTools\Core\Editor\MMAttributes\MMHiddenAttributeDrawer.cs", "C#", 0, -18, 0, 0, 0, 0, 0, 0, -5, -23
"c:\Users\dwh88\Perforce\dengw3_Liyuu_1160\GSAS-2540-01-F24\users\dengw3\dengw3_2DplatformGame\BuddahGo\Assets\Plugins\Feel\MMTools\Core\Editor\MMAttributes\MMInformationDrawer.cs", "C#", 0, -76, 0, 0, 0, 0, 0, -28, -14, -118
"c:\Users\dwh88\Perforce\dengw3_Liyuu_1160\GSAS-2540-01-F24\users\dengw3\dengw3_2DplatformGame\BuddahGo\Assets\Plugins\Feel\MMTools\Core\Editor\MMAttributes\MMMenuHelp.cs", "C#", 0, -47, 0, 0, 0, 0, 0, -23, -7, -77
"c:\Users\dwh88\Perforce\dengw3_Liyuu_1160\GSAS-2540-01-F24\users\dengw3\dengw3_2DplatformGame\BuddahGo\Assets\Plugins\Feel\MMTools\Core\Editor\MMAttributes\MMMonoBehaviourFieldInfo.cs", "C#", 0, -38, 0, 0, 0, 0, 0, 0, -6, -44
"c:\Users\dwh88\Perforce\dengw3_Liyuu_1160\GSAS-2540-01-F24\users\dengw3\dengw3_2DplatformGame\BuddahGo\Assets\Plugins\Feel\MMTools\Core\Editor\MMAttributes\MMMonoBehaviourUITKEditor.cs", "C#", 0, -202, 0, 0, 0, 0, 0, -1, -34, -237
"c:\Users\dwh88\Perforce\dengw3_Liyuu_1160\GSAS-2540-01-F24\users\dengw3\dengw3_2DplatformGame\BuddahGo\Assets\Plugins\Feel\MMTools\Core\Editor\MMAttributes\MMMonoBehaviourUITKEditorStylesheet.uss", "UnityUSS", 0, 0, 0, 0, 0, 0, -93, -6, -14, -113
"c:\Users\dwh88\Perforce\dengw3_Liyuu_1160\GSAS-2540-01-F24\users\dengw3\dengw3_2DplatformGame\BuddahGo\Assets\Plugins\Feel\MMTools\Core\Editor\MMAttributes\MMNavMeshAreaMaskAttributeDrawer.cs", "C#", 0, -27, 0, 0, 0, 0, 0, 0, -5, -32
"c:\Users\dwh88\Perforce\dengw3_Liyuu_1160\GSAS-2540-01-F24\users\dengw3\dengw3_2DplatformGame\BuddahGo\Assets\Plugins\Feel\MMTools\Core\Editor\MMAttributes\MMReadOnlyAttributeDrawer.cs", "C#", 0, -21, 0, 0, 0, 0, 0, -2, -4, -27
"c:\Users\dwh88\Perforce\dengw3_Liyuu_1160\GSAS-2540-01-F24\users\dengw3\dengw3_2DplatformGame\BuddahGo\Assets\Plugins\Feel\MMTools\Core\Editor\MMAttributes\MMVectorAttributeDrawer.cs", "C#", 0, -91, 0, 0, 0, 0, 0, 0, -11, -102
"c:\Users\dwh88\Perforce\dengw3_Liyuu_1160\GSAS-2540-01-F24\users\dengw3\dengw3_2DplatformGame\BuddahGo\Assets\Plugins\Feel\MMTools\Core\Editor\MMAudio\AudioAnalyzer\MMAudioAnalyzerEditor.cs", "C#", 0, -540, 0, 0, 0, 0, 0, -36, -101, -677
"c:\Users\dwh88\Perforce\dengw3_Liyuu_1160\GSAS-2540-01-F24\users\dengw3\dengw3_2DplatformGame\BuddahGo\Assets\Plugins\Feel\MMTools\Core\Editor\MMAudio\MMSoundManager\MMSoundManagerEditor.cs", "C#", 0, -184, 0, 0, 0, 0, 0, -41, -35, -260
"c:\Users\dwh88\Perforce\dengw3_Liyuu_1160\GSAS-2540-01-F24\users\dengw3\dengw3_2DplatformGame\BuddahGo\Assets\Plugins\Feel\MMTools\Core\Editor\MMObjectPool\ObjectBoundsEditor.cs", "C#", 0, -29, 0, 0, 0, 0, 0, 0, -7, -36
"c:\Users\dwh88\Perforce\dengw3_Liyuu_1160\GSAS-2540-01-F24\users\dengw3\dengw3_2DplatformGame\BuddahGo\Assets\Plugins\Feel\MMTools\Core\Editor\MMPropertyControllers\FloatControllerEditor.cs", "C#", 0, -267, 0, 0, 0, 0, 0, -12, -44, -323
"c:\Users\dwh88\Perforce\dengw3_Liyuu_1160\GSAS-2540-01-F24\users\dengw3\dengw3_2DplatformGame\BuddahGo\Assets\Plugins\Feel\MMTools\Core\Editor\MMPropertyControllers\ShaderControllerEditor.cs", "C#", 0, -253, 0, 0, 0, 0, 0, -9, -18, -280
"c:\Users\dwh88\Perforce\dengw3_Liyuu_1160\GSAS-2540-01-F24\users\dengw3\dengw3_2DplatformGame\BuddahGo\Assets\Plugins\Feel\MMTools\Core\Editor\MMRadio\MMPropertyEmitterDrawer.cs", "C#", 0, -149, 0, 0, 0, 0, 0, -14, -17, -180
"c:\Users\dwh88\Perforce\dengw3_Liyuu_1160\GSAS-2540-01-F24\users\dengw3\dengw3_2DplatformGame\BuddahGo\Assets\Plugins\Feel\MMTools\Core\Editor\MMRadio\MMPropertyPickerDrawer.cs", "C#", 0, -413, 0, 0, 0, 0, 0, -56, -88, -557
"c:\Users\dwh88\Perforce\dengw3_Liyuu_1160\GSAS-2540-01-F24\users\dengw3\dengw3_2DplatformGame\BuddahGo\Assets\Plugins\Feel\MMTools\Core\Editor\MMRadio\MMPropertyReceiverDrawer.cs", "C#", 0, -173, 0, 0, 0, 0, 0, -14, -22, -209
"c:\Users\dwh88\Perforce\dengw3_Liyuu_1160\GSAS-2540-01-F24\users\dengw3\dengw3_2DplatformGame\BuddahGo\Assets\Plugins\Feel\MMTools\Core\Editor\MMRadio\MMRadioSignalEditor.cs", "C#", 0, -37, 0, 0, 0, 0, 0, 0, -11, -48
"c:\Users\dwh88\Perforce\dengw3_Liyuu_1160\GSAS-2540-01-F24\users\dengw3\dengw3_2DplatformGame\BuddahGo\Assets\Plugins\Feel\MMTools\Core\Editor\MMRadio\MMRadioSignalGeneratorEditor.cs", "C#", 0, -207, 0, 0, 0, 0, 0, -8, -34, -249
"c:\Users\dwh88\Perforce\dengw3_Liyuu_1160\GSAS-2540-01-F24\users\dengw3\dengw3_2DplatformGame\BuddahGo\Assets\Plugins\Feel\MMTools\Core\Editor\MMReorderableList\MMReorderableList.cs", "C#", 0, -1167, 0, 0, 0, 0, 0, -111, -654, -1932
"c:\Users\dwh88\Perforce\dengw3_Liyuu_1160\GSAS-2540-01-F24\users\dengw3\dengw3_2DplatformGame\BuddahGo\Assets\Plugins\Feel\MMTools\Core\Editor\MMReorderableList\ReorderableDrawer.cs", "C#", 0, -66, 0, 0, 0, 0, 0, 0, -35, -101
"c:\Users\dwh88\Perforce\dengw3_Liyuu_1160\GSAS-2540-01-F24\users\dengw3\dengw3_2DplatformGame\BuddahGo\Assets\Plugins\Feel\MMTools\Core\Editor\MMSaveLoad\MMSaveLoadMenu.cs", "C#", 0, -16, 0, 0, 0, 0, 0, -6, -1, -23
"c:\Users\dwh88\Perforce\dengw3_Liyuu_1160\GSAS-2540-01-F24\users\dengw3\dengw3_2DplatformGame\BuddahGo\Assets\Plugins\Feel\MMTools\Core\Editor\MMTween\MMTweenTypeDrawer.cs", "C#", 0, -40, 0, 0, 0, 0, 0, 0, -8, -48
"c:\Users\dwh88\Perforce\dengw3_Liyuu_1160\GSAS-2540-01-F24\users\dengw3\dengw3_2DplatformGame\BuddahGo\Assets\Plugins\Feel\MMTools\Core\Editor\MoreMountains.Tools.Editor.asmdef", "JSON", -16, 0, 0, 0, 0, 0, 0, 0, 0, -16
"c:\Users\dwh88\Perforce\dengw3_Liyuu_1160\GSAS-2540-01-F24\users\dengw3\dengw3_2DplatformGame\BuddahGo\Assets\Plugins\Feel\MMTools\Core\MMAttributes\MMBackgroundColorAttribute.cs", "C#", 0, -23, 0, 0, 0, 0, 0, 0, -3, -26
"c:\Users\dwh88\Perforce\dengw3_Liyuu_1160\GSAS-2540-01-F24\users\dengw3\dengw3_2DplatformGame\BuddahGo\Assets\Plugins\Feel\MMTools\Core\MMAttributes\MMColorAttribute.cs", "C#", 0, -12, 0, 0, 0, 0, 0, 0, -2, -14
"c:\Users\dwh88\Perforce\dengw3_Liyuu_1160\GSAS-2540-01-F24\users\dengw3\dengw3_2DplatformGame\BuddahGo\Assets\Plugins\Feel\MMTools\Core\MMAttributes\MMConditionAttribute.cs", "C#", 0, -32, 0, 0, 0, 0, 0, 0, -5, -37
"c:\Users\dwh88\Perforce\dengw3_Liyuu_1160\GSAS-2540-01-F24\users\dengw3\dengw3_2DplatformGame\BuddahGo\Assets\Plugins\Feel\MMTools\Core\MMAttributes\MMDebugLogCommandArgumentCountAttribute.cs", "C#", 0, -16, 0, 0, 0, 0, 0, -3, -2, -21
"c:\Users\dwh88\Perforce\dengw3_Liyuu_1160\GSAS-2540-01-F24\users\dengw3\dengw3_2DplatformGame\BuddahGo\Assets\Plugins\Feel\MMTools\Core\MMAttributes\MMDebugLogCommandAttribute.cs", "C#", 0, -9, 0, 0, 0, 0, 0, -3, -1, -13
"c:\Users\dwh88\Perforce\dengw3_Liyuu_1160\GSAS-2540-01-F24\users\dengw3\dengw3_2DplatformGame\BuddahGo\Assets\Plugins\Feel\MMTools\Core\MMAttributes\MMDropdownAttribute.cs", "C#", 0, -14, 0, 0, 0, 0, 0, 0, -2, -16
"c:\Users\dwh88\Perforce\dengw3_Liyuu_1160\GSAS-2540-01-F24\users\dengw3\dengw3_2DplatformGame\BuddahGo\Assets\Plugins\Feel\MMTools\Core\MMAttributes\MMEnumConditionAttribute.cs", "C#", 0, -29, 0, 0, 0, 0, 0, -4, -4, -37
"c:\Users\dwh88\Perforce\dengw3_Liyuu_1160\GSAS-2540-01-F24\users\dengw3\dengw3_2DplatformGame\BuddahGo\Assets\Plugins\Feel\MMTools\Core\MMAttributes\MMExecutionOrderAttribute.cs", "C#", 0, -110, 0, 0, 0, 0, 0, -30, -17, -157
"c:\Users\dwh88\Perforce\dengw3_Liyuu_1160\GSAS-2540-01-F24\users\dengw3\dengw3_2DplatformGame\BuddahGo\Assets\Plugins\Feel\MMTools\Core\MMAttributes\MMHiddenAttribute.cs", "C#", 0, -8, 0, 0, 0, 0, 0, 0, -1, -9
"c:\Users\dwh88\Perforce\dengw3_Liyuu_1160\GSAS-2540-01-F24\users\dengw3\dengw3_2DplatformGame\BuddahGo\Assets\Plugins\Feel\MMTools\Core\MMAttributes\MMHiddenPropertiesAttribute.cs", "C#", 0, -16, 0, 0, 0, 0, 0, 0, -2, -18
"c:\Users\dwh88\Perforce\dengw3_Liyuu_1160\GSAS-2540-01-F24\users\dengw3\dengw3_2DplatformGame\BuddahGo\Assets\Plugins\Feel\MMTools\Core\MMAttributes\MMInformationAttribute.cs", "C#", 0, -29, 0, 0, 0, 0, 0, 0, -5, -34
"c:\Users\dwh88\Perforce\dengw3_Liyuu_1160\GSAS-2540-01-F24\users\dengw3\dengw3_2DplatformGame\BuddahGo\Assets\Plugins\Feel\MMTools\Core\MMAttributes\MMInspectorButtonAttribute.cs", "C#", 0, -48, 0, 0, 0, 0, 0, 0, -8, -56
"c:\Users\dwh88\Perforce\dengw3_Liyuu_1160\GSAS-2540-01-F24\users\dengw3\dengw3_2DplatformGame\BuddahGo\Assets\Plugins\Feel\MMTools\Core\MMAttributes\MMInspectorButtonBarAttribute.cs", "C#", 0, -74, 0, 0, 0, 0, 0, -24, -14, -112
"c:\Users\dwh88\Perforce\dengw3_Liyuu_1160\GSAS-2540-01-F24\users\dengw3\dengw3_2DplatformGame\BuddahGo\Assets\Plugins\Feel\MMTools\Core\MMAttributes\MMInspectorGroupAttribute.cs", "C#", 0, -21, 0, 0, 0, 0, 0, -4, -3, -28
"c:\Users\dwh88\Perforce\dengw3_Liyuu_1160\GSAS-2540-01-F24\users\dengw3\dengw3_2DplatformGame\BuddahGo\Assets\Plugins\Feel\MMTools\Core\MMAttributes\MMMonoBehaviour.cs", "C#", 0, -9, 0, 0, 0, 0, 0, 0, -2, -11
"c:\Users\dwh88\Perforce\dengw3_Liyuu_1160\GSAS-2540-01-F24\users\dengw3\dengw3_2DplatformGame\BuddahGo\Assets\Plugins\Feel\MMTools\Core\MMAttributes\MMNavMeshAreaMaskAttribute.cs", "C#", 0, -5, 0, 0, 0, 0, 0, 0, -2, -7
"c:\Users\dwh88\Perforce\dengw3_Liyuu_1160\GSAS-2540-01-F24\users\dengw3\dengw3_2DplatformGame\BuddahGo\Assets\Plugins\Feel\MMTools\Core\MMAttributes\MMReadOnlyAttribute.cs", "C#", 0, -8, 0, 0, 0, 0, 0, 0, -1, -9
"c:\Users\dwh88\Perforce\dengw3_Liyuu_1160\GSAS-2540-01-F24\users\dengw3\dengw3_2DplatformGame\BuddahGo\Assets\Plugins\Feel\MMTools\Core\MMAttributes\MMReadOnlyWhenPlayingAttribute.cs", "C#", 0, -24, 0, 0, 0, 0, 0, 0, -4, -28
"c:\Users\dwh88\Perforce\dengw3_Liyuu_1160\GSAS-2540-01-F24\users\dengw3\dengw3_2DplatformGame\BuddahGo\Assets\Plugins\Feel\MMTools\Core\MMAttributes\MMRequiresConstantRepaintAttribute.cs", "C#", 0, -8, 0, 0, 0, 0, 0, 0, -2, -10
"c:\Users\dwh88\Perforce\dengw3_Liyuu_1160\GSAS-2540-01-F24\users\dengw3\dengw3_2DplatformGame\BuddahGo\Assets\Plugins\Feel\MMTools\Core\MMAttributes\MMRequiresConstantRepaintOnlyWhenPlayingAttribute.cs", "C#", 0, -8, 0, 0, 0, 0, 0, 0, -2, -10
"c:\Users\dwh88\Perforce\dengw3_Liyuu_1160\GSAS-2540-01-F24\users\dengw3\dengw3_2DplatformGame\BuddahGo\Assets\Plugins\Feel\MMTools\Core\MMAttributes\MMVectorAttribute.cs", "C#", 0, -15, 0, 0, 0, 0, 0, 0, -2, -17
"c:\Users\dwh88\Perforce\dengw3_Liyuu_1160\GSAS-2540-01-F24\users\dengw3\dengw3_2DplatformGame\BuddahGo\Assets\Plugins\Feel\MMTools\Core\MMAudio\AudioAnalyzer\MMAudioAnalyzer.cs", "C#", 0, -402, 0, 0, 0, 0, 0, -26, -46, -474
"c:\Users\dwh88\Perforce\dengw3_Liyuu_1160\GSAS-2540-01-F24\users\dengw3\dengw3_2DplatformGame\BuddahGo\Assets\Plugins\Feel\MMTools\Core\MMAudio\MMAudioEvents\MMAudioEvents.cs", "C#", 0, -22, 0, 0, 0, 0, 0, -3, -4, -29
"c:\Users\dwh88\Perforce\dengw3_Liyuu_1160\GSAS-2540-01-F24\users\dengw3\dengw3_2DplatformGame\BuddahGo\Assets\Plugins\Feel\MMTools\Core\MMAudio\MMAudioListener\MMAudioListener.cs", "C#", 0, -25, 0, 0, 0, 0, 0, -7, -3, -35
"c:\Users\dwh88\Perforce\dengw3_Liyuu_1160\GSAS-2540-01-F24\users\dengw3\dengw3_2DplatformGame\BuddahGo\Assets\Plugins\Feel\MMTools\Core\MMAudio\MMPlaylist\MMPlaylist.cs", "C#", 0, -665, 0, 0, 0, 0, 0, -124, -102, -891
"c:\Users\dwh88\Perforce\dengw3_Liyuu_1160\GSAS-2540-01-F24\users\dengw3\dengw3_2DplatformGame\BuddahGo\Assets\Plugins\Feel\MMTools\Core\MMAudio\MMPlaylist\MMPlaylistRemote.cs", "C#", 0, -79, 0, 0, 0, 0, 0, -44, -13, -136
"c:\Users\dwh88\Perforce\dengw3_Liyuu_1160\GSAS-2540-01-F24\users\dengw3\dengw3_2DplatformGame\BuddahGo\Assets\Plugins\Feel\MMTools\Core\MMAudio\MMSMPlaylist\MMSMPlaylist.cs", "C#", 0, -160, 0, 0, 0, 0, 0, -37, -26, -223
"c:\Users\dwh88\Perforce\dengw3_Liyuu_1160\GSAS-2540-01-F24\users\dengw3\dengw3_2DplatformGame\BuddahGo\Assets\Plugins\Feel\MMTools\Core\MMAudio\MMSMPlaylist\MMSMPlaylistManager.cs", "C#", 0, -591, 0, 0, 0, 0, 0, -185, -104, -880
"c:\Users\dwh88\Perforce\dengw3_Liyuu_1160\GSAS-2540-01-F24\users\dengw3\dengw3_2DplatformGame\BuddahGo\Assets\Plugins\Feel\MMTools\Core\MMAudio\MMSoundManager\Events\MMSoundManagerAllSoundsControlEvent.cs", "C#", 0, -24, 0, 0, 0, 0, 0, -6, -4, -34
"c:\Users\dwh88\Perforce\dengw3_Liyuu_1160\GSAS-2540-01-F24\users\dengw3\dengw3_2DplatformGame\BuddahGo\Assets\Plugins\Feel\MMTools\Core\MMAudio\MMSoundManager\Events\MMSoundManagerEvent.cs", "C#", 0, -27, 0, 0, 0, 0, 0, -6, -4, -37
"c:\Users\dwh88\Perforce\dengw3_Liyuu_1160\GSAS-2540-01-F24\users\dengw3\dengw3_2DplatformGame\BuddahGo\Assets\Plugins\Feel\MMTools\Core\MMAudio\MMSoundManager\Events\MMSoundManagerSoundControlEvent.cs", "C#", 0, -33, 0, 0, 0, 0, 0, -10, -4, -47
"c:\Users\dwh88\Perforce\dengw3_Liyuu_1160\GSAS-2540-01-F24\users\dengw3\dengw3_2DplatformGame\BuddahGo\Assets\Plugins\Feel\MMTools\Core\MMAudio\MMSoundManager\Events\MMSoundManagerSoundFadeEvent.cs", "C#", 0, -33, 0, 0, 0, 0, 0, -11, -6, -50
"c:\Users\dwh88\Perforce\dengw3_Liyuu_1160\GSAS-2540-01-F24\users\dengw3\dengw3_2DplatformGame\BuddahGo\Assets\Plugins\Feel\MMTools\Core\MMAudio\MMSoundManager\Events\MMSoundManagerSoundPlayEvent.cs", "C#", 0, -66, 0, 0, 0, 0, 0, -6, -7, -79
"c:\Users\dwh88\Perforce\dengw3_Liyuu_1160\GSAS-2540-01-F24\users\dengw3\dengw3_2DplatformGame\BuddahGo\Assets\Plugins\Feel\MMTools\Core\MMAudio\MMSoundManager\Events\MMSoundManagerTrackEvent.cs", "C#", 0, -36, 0, 0, 0, 0, 0, -9, -4, -49
"c:\Users\dwh88\Perforce\dengw3_Liyuu_1160\GSAS-2540-01-F24\users\dengw3\dengw3_2DplatformGame\BuddahGo\Assets\Plugins\Feel\MMTools\Core\MMAudio\MMSoundManager\Events\MMSoundManagerTrackFadeEvent.cs", "C#", 0, -33, 0, 0, 0, 0, 0, -11, -4, -48
"c:\Users\dwh88\Perforce\dengw3_Liyuu_1160\GSAS-2540-01-F24\users\dengw3\dengw3_2DplatformGame\BuddahGo\Assets\Plugins\Feel\MMTools\Core\MMAudio\MMSoundManager\MMSoundManager.cs", "C#", 0, -852, 0, 0, 0, 0, 0, -320, -123, -1295
"c:\Users\dwh88\Perforce\dengw3_Liyuu_1160\GSAS-2540-01-F24\users\dengw3\dengw3_2DplatformGame\BuddahGo\Assets\Plugins\Feel\MMTools\Core\MMAudio\MMSoundManager\MMSoundManagerAudioPool.cs", "C#", 0, -98, 0, 0, 0, 0, 0, -25, -10, -133
"c:\Users\dwh88\Perforce\dengw3_Liyuu_1160\GSAS-2540-01-F24\users\dengw3\dengw3_2DplatformGame\BuddahGo\Assets\Plugins\Feel\MMTools\Core\MMAudio\MMSoundManager\MMSoundManagerPlayOptions.cs", "C#", 0, -114, 0, 0, 0, 0, 0, -59, -13, -186
"c:\Users\dwh88\Perforce\dengw3_Liyuu_1160\GSAS-2540-01-F24\users\dengw3\dengw3_2DplatformGame\BuddahGo\Assets\Plugins\Feel\MMTools\Core\MMAudio\MMSoundManager\MMSoundManagerSettings.cs", "C#", 0, -76, 0, 0, 0, 0, 0, -22, -8, -106
"c:\Users\dwh88\Perforce\dengw3_Liyuu_1160\GSAS-2540-01-F24\users\dengw3\dengw3_2DplatformGame\BuddahGo\Assets\Plugins\Feel\MMTools\Core\MMAudio\MMSoundManager\MMSoundManagerSettingsSO.cs", "C#", 0, -142, 0, 0, 0, 0, 0, -45, -23, -210
"c:\Users\dwh88\Perforce\dengw3_Liyuu_1160\GSAS-2540-01-F24\users\dengw3\dengw3_2DplatformGame\BuddahGo\Assets\Plugins\Feel\MMTools\Core\MMAudio\MMSoundManager\MMSoundManagerSound.cs", "C#", 0, -17, 0, 0, 0, 0, 0, -7, -2, -26
"c:\Users\dwh88\Perforce\dengw3_Liyuu_1160\GSAS-2540-01-F24\users\dengw3\dengw3_2DplatformGame\BuddahGo\Assets\Plugins\Feel\MMTools\Core\MMAudio\MMSoundManager\MMSoundManagerTrackVolumeSlider.cs", "C#", 0, -132, 0, 0, 0, 0, 0, -58, -17, -207
"c:\Users\dwh88\Perforce\dengw3_Liyuu_1160\GSAS-2540-01-F24\users\dengw3\dengw3_2DplatformGame\BuddahGo\Assets\Plugins\Feel\MMTools\Core\MMEvents\MMEventManager.cs", "C#", 0, -174, 0, 0, 0, 0, 0, -72, -35, -281
"c:\Users\dwh88\Perforce\dengw3_Liyuu_1160\GSAS-2540-01-F24\users\dengw3\dengw3_2DplatformGame\BuddahGo\Assets\Plugins\Feel\MMTools\Core\MMEvents\MMGameEventListener.cs", "C#", 0, -28, 0, 0, 0, 0, 0, -15, -4, -47
"c:\Users\dwh88\Perforce\dengw3_Liyuu_1160\GSAS-2540-01-F24\users\dengw3\dengw3_2DplatformGame\BuddahGo\Assets\Plugins\Feel\MMTools\Core\MMExtensions\MMAnimatorExtensions.cs", "C#", 0, -172, 0, 0, 0, 0, 0, -135, -34, -341
"c:\Users\dwh88\Perforce\dengw3_Liyuu_1160\GSAS-2540-01-F24\users\dengw3\dengw3_2DplatformGame\BuddahGo\Assets\Plugins\Feel\MMTools\Core\MMExtensions\MMArrayExtensions.cs", "C#", 0, -25, 0, 0, 0, 0, 0, -16, -2, -43
"c:\Users\dwh88\Perforce\dengw3_Liyuu_1160\GSAS-2540-01-F24\users\dengw3\dengw3_2DplatformGame\BuddahGo\Assets\Plugins\Feel\MMTools\Core\MMExtensions\MMBoundsExtensions.cs", "C#", 0, -76, 0, 0, 0, 0, 0, -24, -11, -111
"c:\Users\dwh88\Perforce\dengw3_Liyuu_1160\GSAS-2540-01-F24\users\dengw3\dengw3_2DplatformGame\BuddahGo\Assets\Plugins\Feel\MMTools\Core\MMExtensions\MMCameraExtensions.cs", "C#", 0, -31, 0, 0, 0, 0, 0, -15, -2, -48
"c:\Users\dwh88\Perforce\dengw3_Liyuu_1160\GSAS-2540-01-F24\users\dengw3\dengw3_2DplatformGame\BuddahGo\Assets\Plugins\Feel\MMTools\Core\MMExtensions\MMColorExtensions.cs", "C#", 0, -19, 0, 0, 0, 0, 0, -18, -3, -40
"c:\Users\dwh88\Perforce\dengw3_Liyuu_1160\GSAS-2540-01-F24\users\dengw3\dengw3_2DplatformGame\BuddahGo\Assets\Plugins\Feel\MMTools\Core\MMExtensions\MMDictionaryExtensions.cs", "C#", 0, -22, 0, 0, 0, 0, 0, -11, -1, -34
"c:\Users\dwh88\Perforce\dengw3_Liyuu_1160\GSAS-2540-01-F24\users\dengw3\dengw3_2DplatformGame\BuddahGo\Assets\Plugins\Feel\MMTools\Core\MMExtensions\MMFloatExtensions.cs", "C#", 0, -20, 0, 0, 0, 0, 0, -14, -2, -36
"c:\Users\dwh88\Perforce\dengw3_Liyuu_1160\GSAS-2540-01-F24\users\dengw3\dengw3_2DplatformGame\BuddahGo\Assets\Plugins\Feel\MMTools\Core\MMExtensions\MMGameObjectExtensions.cs", "C#", 0, -59, 0, 0, 0, 0, 0, -33, -6, -98
"c:\Users\dwh88\Perforce\dengw3_Liyuu_1160\GSAS-2540-01-F24\users\dengw3\dengw3_2DplatformGame\BuddahGo\Assets\Plugins\Feel\MMTools\Core\MMExtensions\MMLayermaskExtensions.cs", "C#", 0, -15, 0, 0, 0, 0, 0, -15, -2, -32
"c:\Users\dwh88\Perforce\dengw3_Liyuu_1160\GSAS-2540-01-F24\users\dengw3\dengw3_2DplatformGame\BuddahGo\Assets\Plugins\Feel\MMTools\Core\MMExtensions\MMListExtensions.cs", "C#", 0, -21, 0, 0, 0, 0, 0, -15, -2, -38
"c:\Users\dwh88\Perforce\dengw3_Liyuu_1160\GSAS-2540-01-F24\users\dengw3\dengw3_2DplatformGame\BuddahGo\Assets\Plugins\Feel\MMTools\Core\MMExtensions\MMRectExtensions.cs", "C#", 0, -11, 0, 0, 0, 0, 0, -9, -1, -21
"c:\Users\dwh88\Perforce\dengw3_Liyuu_1160\GSAS-2540-01-F24\users\dengw3\dengw3_2DplatformGame\BuddahGo\Assets\Plugins\Feel\MMTools\Core\MMExtensions\MMRectTransformExtensions.cs", "C#", 0, -23, 0, 0, 0, 0, 0, -23, -4, -50
"c:\Users\dwh88\Perforce\dengw3_Liyuu_1160\GSAS-2540-01-F24\users\dengw3\dengw3_2DplatformGame\BuddahGo\Assets\Plugins\Feel\MMTools\Core\MMExtensions\MMRendererExtensions.cs", "C#", 0, -12, 0, 0, 0, 0, 0, -9, -1, -22
"c:\Users\dwh88\Perforce\dengw3_Liyuu_1160\GSAS-2540-01-F24\users\dengw3\dengw3_2DplatformGame\BuddahGo\Assets\Plugins\Feel\MMTools\Core\MMExtensions\MMScrollRectExtensions.cs", "C#", 0, -18, 0, 0, 0, 0, 0, -10, -2, -30
"c:\Users\dwh88\Perforce\dengw3_Liyuu_1160\GSAS-2540-01-F24\users\dengw3\dengw3_2DplatformGame\BuddahGo\Assets\Plugins\Feel\MMTools\Core\MMExtensions\MMSerializedPropertyExtensions.cs", "C#", 0, -80, 0, 0, 0, 0, 0, -8, -6, -94
"c:\Users\dwh88\Perforce\dengw3_Liyuu_1160\GSAS-2540-01-F24\users\dengw3\dengw3_2DplatformGame\BuddahGo\Assets\Plugins\Feel\MMTools\Core\MMExtensions\MMTransformExtensions.cs", "C#", 0, -84, 0, 0, 0, 0, 0, -35, -8, -127
"c:\Users\dwh88\Perforce\dengw3_Liyuu_1160\GSAS-2540-01-F24\users\dengw3\dengw3_2DplatformGame\BuddahGo\Assets\Plugins\Feel\MMTools\Core\MMExtensions\MMVector2Extensions.cs", "C#", 0, -27, 0, 0, 0, 0, 0, -21, -3, -51
"c:\Users\dwh88\Perforce\dengw3_Liyuu_1160\GSAS-2540-01-F24\users\dengw3\dengw3_2DplatformGame\BuddahGo\Assets\Plugins\Feel\MMTools\Core\MMExtensions\MMVector3Extensions.cs", "C#", 0, -47, 0, 0, 0, 0, 0, -43, -7, -97
"c:\Users\dwh88\Perforce\dengw3_Liyuu_1160\GSAS-2540-01-F24\users\dengw3\dengw3_2DplatformGame\BuddahGo\Assets\Plugins\Feel\MMTools\Core\MMExtensions\MMVector4Extensions.cs", "C#", 0, -58, 0, 0, 0, 0, 0, -54, -9, -121
"c:\Users\dwh88\Perforce\dengw3_Liyuu_1160\GSAS-2540-01-F24\users\dengw3\dengw3_2DplatformGame\BuddahGo\Assets\Plugins\Feel\MMTools\Core\MMHelpers\MMArray.cs", "C#", 0, -71, 0, 0, 0, 0, 0, -15, -11, -97
"c:\Users\dwh88\Perforce\dengw3_Liyuu_1160\GSAS-2540-01-F24\users\dengw3\dengw3_2DplatformGame\BuddahGo\Assets\Plugins\Feel\MMTools\Core\MMHelpers\MMCircularList.cs", "C#", 0, -35, 0, 0, 0, 0, 0, -27, -10, -72
"c:\Users\dwh88\Perforce\dengw3_Liyuu_1160\GSAS-2540-01-F24\users\dengw3\dengw3_2DplatformGame\BuddahGo\Assets\Plugins\Feel\MMTools\Core\MMHelpers\MMColors.cs", "C#", 0, -391, 0, 0, 0, 0, 0, -34, -14, -439
"c:\Users\dwh88\Perforce\dengw3_Liyuu_1160\GSAS-2540-01-F24\users\dengw3\dengw3_2DplatformGame\BuddahGo\Assets\Plugins\Feel\MMTools\Core\MMHelpers\MMConsole.cs", "C#", 0, -60, 0, 0, 0, 0, 0, -33, -13, -106
"c:\Users\dwh88\Perforce\dengw3_Liyuu_1160\GSAS-2540-01-F24\users\dengw3\dengw3_2DplatformGame\BuddahGo\Assets\Plugins\Feel\MMTools\Core\MMHelpers\MMCoroutine.cs", "C#", 0, -31, 0, 0, 0, 0, 0, -18, -3, -52
"c:\Users\dwh88\Perforce\dengw3_Liyuu_1160\GSAS-2540-01-F24\users\dengw3\dengw3_2DplatformGame\BuddahGo\Assets\Plugins\Feel\MMTools\Core\MMHelpers\MMDebug.cs", "C#", 0, -730, 0, 0, 0, 0, 0, -244, -148, -1122
"c:\Users\dwh88\Perforce\dengw3_Liyuu_1160\GSAS-2540-01-F24\users\dengw3\dengw3_2DplatformGame\BuddahGo\Assets\Plugins\Feel\MMTools\Core\MMHelpers\MMDebugOnScreenConsole.cs", "C#", 0, -122, 0, 0, 0, 0, 0, -25, -22, -169
"c:\Users\dwh88\Perforce\dengw3_Liyuu_1160\GSAS-2540-01-F24\users\dengw3\dengw3_2DplatformGame\BuddahGo\Assets\Plugins\Feel\MMTools\Core\MMHelpers\MMFade.cs", "C#", 0, -87, 0, 0, 0, 0, 0, -21, -22, -130
"c:\Users\dwh88\Perforce\dengw3_Liyuu_1160\GSAS-2540-01-F24\users\dengw3\dengw3_2DplatformGame\BuddahGo\Assets\Plugins\Feel\MMTools\Core\MMHelpers\MMGUI.cs", "C#", 0, -49, 0, 0, 0, 0, 0, -16, -8, -73
"c:\Users\dwh88\Perforce\dengw3_Liyuu_1160\GSAS-2540-01-F24\users\dengw3\dengw3_2DplatformGame\BuddahGo\Assets\Plugins\Feel\MMTools\Core\MMHelpers\MMGeometry.cs", "C#", 0, -79, 0, 0, 0, 0, 0, -7, -3, -89
"c:\Users\dwh88\Perforce\dengw3_Liyuu_1160\GSAS-2540-01-F24\users\dengw3\dengw3_2DplatformGame\BuddahGo\Assets\Plugins\Feel\MMTools\Core\MMHelpers\MMHelpers.cs", "C#", 0, -30, 0, 0, 0, 0, 0, -3, -3, -36
"c:\Users\dwh88\Perforce\dengw3_Liyuu_1160\GSAS-2540-01-F24\users\dengw3\dengw3_2DplatformGame\BuddahGo\Assets\Plugins\Feel\MMTools\Core\MMHelpers\MMImage.cs", "C#", 0, -32, 0, 0, 0, 0, 0, -6, -7, -45
"c:\Users\dwh88\Perforce\dengw3_Liyuu_1160\GSAS-2540-01-F24\users\dengw3\dengw3_2DplatformGame\BuddahGo\Assets\Plugins\Feel\MMTools\Core\MMHelpers\MMInput.cs", "C#", 0, -104, 0, 0, 0, 0, 0, -51, -21, -176
"c:\Users\dwh88\Perforce\dengw3_Liyuu_1160\GSAS-2540-01-F24\users\dengw3\dengw3_2DplatformGame\BuddahGo\Assets\Plugins\Feel\MMTools\Core\MMHelpers\MMInterval.cs", "C#", 0, -41, 0, 0, 0, 0, 0, -16, -9, -66
"c:\Users\dwh88\Perforce\dengw3_Liyuu_1160\GSAS-2540-01-F24\users\dengw3\dengw3_2DplatformGame\BuddahGo\Assets\Plugins\Feel\MMTools\Core\MMHelpers\MMLayers.cs", "C#", 0, -19, 0, 0, 0, 0, 0, 0, -2, -21
"c:\Users\dwh88\Perforce\dengw3_Liyuu_1160\GSAS-2540-01-F24\users\dengw3\dengw3_2DplatformGame\BuddahGo\Assets\Plugins\Feel\MMTools\Core\MMHelpers\MMMaths.cs", "C#", 0, -348, 0, 0, 0, 0, 0, -280, -58, -686
"c:\Users\dwh88\Perforce\dengw3_Liyuu_1160\GSAS-2540-01-F24\users\dengw3\dengw3_2DplatformGame\BuddahGo\Assets\Plugins\Feel\MMTools\Core\MMHelpers\MMMovement.cs", "C#", 0, -82, 0, 0, 0, 0, 0, -10, -22, -114
"c:\Users\dwh88\Perforce\dengw3_Liyuu_1160\GSAS-2540-01-F24\users\dengw3\dengw3_2DplatformGame\BuddahGo\Assets\Plugins\Feel\MMTools\Core\MMHelpers\MMScene.cs", "C#", 0, -44, 0, 0, 0, 0, 0, -17, -8, -69
"c:\Users\dwh88\Perforce\dengw3_Liyuu_1160\GSAS-2540-01-F24\users\dengw3\dengw3_2DplatformGame\BuddahGo\Assets\Plugins\Feel\MMTools\Core\MMHelpers\MMSerializableDictionary.cs", "C#", 0, -40, 0, 0, 0, 0, 0, -25, -11, -76
"c:\Users\dwh88\Perforce\dengw3_Liyuu_1160\GSAS-2540-01-F24\users\dengw3\dengw3_2DplatformGame\BuddahGo\Assets\Plugins\Feel\MMTools\Core\MMHelpers\MMShufflebag.cs", "C#", 0, -39, 0, 0, 0, 0, 0, -29, -8, -76
"c:\Users\dwh88\Perforce\dengw3_Liyuu_1160\GSAS-2540-01-F24\users\dengw3\dengw3_2DplatformGame\BuddahGo\Assets\Plugins\Feel\MMTools\Core\MMHelpers\MMString.cs", "C#", 0, -50, 0, 0, 0, 0, 0, -23, -7, -80
"c:\Users\dwh88\Perforce\dengw3_Liyuu_1160\GSAS-2540-01-F24\users\dengw3\dengw3_2DplatformGame\BuddahGo\Assets\Plugins\Feel\MMTools\Core\MMHelpers\MMTime.cs", "C#", 0, -69, 0, 0, 0, 0, 0, -17, -8, -94
"c:\Users\dwh88\Perforce\dengw3_Liyuu_1160\GSAS-2540-01-F24\users\dengw3\dengw3_2DplatformGame\BuddahGo\Assets\Plugins\Feel\MMTools\Core\MMObjectPool\MMMultipleObjectPooler.cs", "C#", 0, -460, 0, 0, 0, 0, 0, -124, -58, -642
"c:\Users\dwh88\Perforce\dengw3_Liyuu_1160\GSAS-2540-01-F24\users\dengw3\dengw3_2DplatformGame\BuddahGo\Assets\Plugins\Feel\MMTools\Core\MMObjectPool\MMObjectBounds.cs", "C#", 0, -61, 0, 0, 0, 0, 0, -11, -13, -85
"c:\Users\dwh88\Perforce\dengw3_Liyuu_1160\GSAS-2540-01-F24\users\dengw3\dengw3_2DplatformGame\BuddahGo\Assets\Plugins\Feel\MMTools\Core\MMObjectPool\MMObjectPool.cs", "C#", 0, -11, 0, 0, 0, 0, 0, 0, -1, -12
"c:\Users\dwh88\Perforce\dengw3_Liyuu_1160\GSAS-2540-01-F24\users\dengw3\dengw3_2DplatformGame\BuddahGo\Assets\Plugins\Feel\MMTools\Core\MMObjectPool\MMObjectPooler.cs", "C#", 0, -158, 0, 0, 0, 0, 0, -58, -19, -235
"c:\Users\dwh88\Perforce\dengw3_Liyuu_1160\GSAS-2540-01-F24\users\dengw3\dengw3_2DplatformGame\BuddahGo\Assets\Plugins\Feel\MMTools\Core\MMObjectPool\MMPoolableObject.cs", "C#", 0, -41, 0, 0, 0, 0, 0, -20, -9, -70
"c:\Users\dwh88\Perforce\dengw3_Liyuu_1160\GSAS-2540-01-F24\users\dengw3\dengw3_2DplatformGame\BuddahGo\Assets\Plugins\Feel\MMTools\Core\MMObjectPool\MMSimpleObjectPooler.cs", "C#", 0, -76, 0, 0, 0, 0, 0, -27, -14, -117
"c:\Users\dwh88\Perforce\dengw3_Liyuu_1160\GSAS-2540-01-F24\users\dengw3\dengw3_2DplatformGame\BuddahGo\Assets\Plugins\Feel\MMTools\Core\MMObservable\MMObservable.cs", "C#", 0, -29, 0, 0, 0, 0, 0, -31, -3, -63
"c:\Users\dwh88\Perforce\dengw3_Liyuu_1160\GSAS-2540-01-F24\users\dengw3\dengw3_2DplatformGame\BuddahGo\Assets\Plugins\Feel\MMTools\Core\MMPropertyControllers\FloatController.cs", "C#", 0, -450, 0, 0, 0, 0, 0, -109, -62, -621
"c:\Users\dwh88\Perforce\dengw3_Liyuu_1160\GSAS-2540-01-F24\users\dengw3\dengw3_2DplatformGame\BuddahGo\Assets\Plugins\Feel\MMTools\Core\MMPropertyControllers\LightController.cs", "C#", 0, -73, 0, 0, 0, 0, 0, -21, -10, -104
"c:\Users\dwh88\Perforce\dengw3_Liyuu_1160\GSAS-2540-01-F24\users\dengw3\dengw3_2DplatformGame\BuddahGo\Assets\Plugins\Feel\MMTools\Core\MMPropertyControllers\ShaderController.cs", "C#", 0, -756, 0, 0, 0, 0, 0, -167, -72, -995
"c:\Users\dwh88\Perforce\dengw3_Liyuu_1160\GSAS-2540-01-F24\users\dengw3\dengw3_2DplatformGame\BuddahGo\Assets\Plugins\Feel\MMTools\Core\MMPropertyControllers\TransformController.cs", "C#", 0, -88, 0, 0, 0, 0, 0, -6, -12, -106
"c:\Users\dwh88\Perforce\dengw3_Liyuu_1160\GSAS-2540-01-F24\users\dengw3\dengw3_2DplatformGame\BuddahGo\Assets\Plugins\Feel\MMTools\Core\MMRadio\MMEmitterReceiver\MMEmmiterReceiver.cs", "C#", 0, -47, 0, 0, 0, 0, 0, -19, -12, -78
"c:\Users\dwh88\Perforce\dengw3_Liyuu_1160\GSAS-2540-01-F24\users\dengw3\dengw3_2DplatformGame\BuddahGo\Assets\Plugins\Feel\MMTools\Core\MMRadio\MMProperty\MMProperty.cs", "C#", 0, -87, 0, 0, 0, 0, 0, 0, -7, -94
"c:\Users\dwh88\Perforce\dengw3_Liyuu_1160\GSAS-2540-01-F24\users\dengw3\dengw3_2DplatformGame\BuddahGo\Assets\Plugins\Feel\MMTools\Core\MMRadio\MMProperty\MMPropertyLink\MMPropertyLink.cs", "C#", 0, -56, 0, 0, 0, 0, 0, -43, -13, -112
"c:\Users\dwh88\Perforce\dengw3_Liyuu_1160\GSAS-2540-01-F24\users\dengw3\dengw3_2DplatformGame\BuddahGo\Assets\Plugins\Feel\MMTools\Core\MMRadio\MMProperty\MMPropertyLink\MMPropertyLinkBool.cs", "C#", 0, -74, 0, 0, 0, 0, 0, -46, -11, -131
"c:\Users\dwh88\Perforce\dengw3_Liyuu_1160\GSAS-2540-01-F24\users\dengw3\dengw3_2DplatformGame\BuddahGo\Assets\Plugins\Feel\MMTools\Core\MMRadio\MMProperty\MMPropertyLink\MMPropertyLinkColor.cs", "C#", 0, -77, 0, 0, 0, 0, 0, -46, -15, -138
"c:\Users\dwh88\Perforce\dengw3_Liyuu_1160\GSAS-2540-01-F24\users\dengw3\dengw3_2DplatformGame\BuddahGo\Assets\Plugins\Feel\MMTools\Core\MMRadio\MMProperty\MMPropertyLink\MMPropertyLinkFloat.cs", "C#", 0, -79, 0, 0, 0, 0, 0, -46, -16, -141
"c:\Users\dwh88\Perforce\dengw3_Liyuu_1160\GSAS-2540-01-F24\users\dengw3\dengw3_2DplatformGame\BuddahGo\Assets\Plugins\Feel\MMTools\Core\MMRadio\MMProperty\MMPropertyLink\MMPropertyLinkInt.cs", "C#", 0, -79, 0, 0, 0, 0, 0, -46, -17, -142
"c:\Users\dwh88\Perforce\dengw3_Liyuu_1160\GSAS-2540-01-F24\users\dengw3\dengw3_2DplatformGame\BuddahGo\Assets\Plugins\Feel\MMTools\Core\MMRadio\MMProperty\MMPropertyLink\MMPropertyLinkQuaternion.cs", "C#", 0, -103, 0, 0, 0, 0, 0, -46, -20, -169
"c:\Users\dwh88\Perforce\dengw3_Liyuu_1160\GSAS-2540-01-F24\users\dengw3\dengw3_2DplatformGame\BuddahGo\Assets\Plugins\Feel\MMTools\Core\MMRadio\MMProperty\MMPropertyLink\MMPropertyLinkString.cs", "C#", 0, -67, 0, 0, 0, 0, 0, -39, -11, -117
"c:\Users\dwh88\Perforce\dengw3_Liyuu_1160\GSAS-2540-01-F24\users\dengw3\dengw3_2DplatformGame\BuddahGo\Assets\Plugins\Feel\MMTools\Core\MMRadio\MMProperty\MMPropertyLink\MMPropertyLinkVector2.cs", "C#", 0, -99, 0, 0, 0, 0, 0, -46, -18, -163
"c:\Users\dwh88\Perforce\dengw3_Liyuu_1160\GSAS-2540-01-F24\users\dengw3\dengw3_2DplatformGame\BuddahGo\Assets\Plugins\Feel\MMTools\Core\MMRadio\MMProperty\MMPropertyLink\MMPropertyLinkVector3.cs", "C#", 0, -96, 0, 0, 0, 0, 0, -46, -17, -159
"c:\Users\dwh88\Perforce\dengw3_Liyuu_1160\GSAS-2540-01-F24\users\dengw3\dengw3_2DplatformGame\BuddahGo\Assets\Plugins\Feel\MMTools\Core\MMRadio\MMProperty\MMPropertyLink\MMPropertyLinkVector4.cs", "C#", 0, -100, 0, 0, 0, 0, 0, -33, -17, -150
"c:\Users\dwh88\Perforce\dengw3_Liyuu_1160\GSAS-2540-01-F24\users\dengw3\dengw3_2DplatformGame\BuddahGo\Assets\Plugins\Feel\MMTools\Core\MMRadio\MMProperty\MMPropertyPicker\MMPropertyEmitter.cs", "C#", 0, -33, 0, 0, 0, 0, 0, -29, -7, -69
"c:\Users\dwh88\Perforce\dengw3_Liyuu_1160\GSAS-2540-01-F24\users\dengw3\dengw3_2DplatformGame\BuddahGo\Assets\Plugins\Feel\MMTools\Core\MMRadio\MMProperty\MMPropertyPicker\MMPropertyPicker.cs", "C#", 0, -104, 0, 0, 0, 0, 0, -18, -8, -130
"c:\Users\dwh88\Perforce\dengw3_Liyuu_1160\GSAS-2540-01-F24\users\dengw3\dengw3_2DplatformGame\BuddahGo\Assets\Plugins\Feel\MMTools\Core\MMRadio\MMProperty\MMPropertyPicker\MMPropertyReceiver.cs", "C#", 0, -52, 0, 0, 0, 0, 0, -44, -17, -113
"c:\Users\dwh88\Perforce\dengw3_Liyuu_1160\GSAS-2540-01-F24\users\dengw3\dengw3_2DplatformGame\BuddahGo\Assets\Plugins\Feel\MMTools\Core\MMRadio\MMRadioBroadcaster.cs", "C#", 0, -64, 0, 0, 0, 0, 0, -26, -15, -105
"c:\Users\dwh88\Perforce\dengw3_Liyuu_1160\GSAS-2540-01-F24\users\dengw3\dengw3_2DplatformGame\BuddahGo\Assets\Plugins\Feel\MMTools\Core\MMRadio\MMRadioReceiver.cs", "C#", 0, -72, 0, 0, 0, 0, 0, -30, -13, -115
"c:\Users\dwh88\Perforce\dengw3_Liyuu_1160\GSAS-2540-01-F24\users\dengw3\dengw3_2DplatformGame\BuddahGo\Assets\Plugins\Feel\MMTools\Core\MMRadio\MMRadioSignal\MMRadioSignal.cs", "C#", 0, -166, 0, 0, 0, 0, 0, -71, -39, -276
"c:\Users\dwh88\Perforce\dengw3_Liyuu_1160\GSAS-2540-01-F24\users\dengw3\dengw3_2DplatformGame\BuddahGo\Assets\Plugins\Feel\MMTools\Core\MMRadio\MMRadioSignal\MMRadioSignalAudioAnalyzer.cs", "C#", 0, -17, 0, 0, 0, 0, 0, -8, -2, -27
"c:\Users\dwh88\Perforce\dengw3_Liyuu_1160\GSAS-2540-01-F24\users\dengw3\dengw3_2DplatformGame\BuddahGo\Assets\Plugins\Feel\MMTools\Core\MMRadio\MMRadioSignal\MMRadioSignalGenerator.cs", "C#", 0, -101, 0, 0, 0, 0, 0, -47, -17, -165
"c:\Users\dwh88\Perforce\dengw3_Liyuu_1160\GSAS-2540-01-F24\users\dengw3\dengw3_2DplatformGame\BuddahGo\Assets\Plugins\Feel\MMTools\Core\MMReorderableList\Attributes\ReorderableAttribute.cs", "C#", 0, -36, 0, 0, 0, 0, 0, 0, -9, -45
"c:\Users\dwh88\Perforce\dengw3_Liyuu_1160\GSAS-2540-01-F24\users\dengw3\dengw3_2DplatformGame\BuddahGo\Assets\Plugins\Feel\MMTools\Core\MMReorderableList\ReorderableArray.cs", "C#", 0, -71, 0, 0, 0, 0, 0, 0, -39, -110
"c:\Users\dwh88\Perforce\dengw3_Liyuu_1160\GSAS-2540-01-F24\users\dengw3\dengw3_2DplatformGame\BuddahGo\Assets\Plugins\Feel\MMTools\Core\MMSaveLoad\IMMPersistent.cs", "C#", 0, -10, 0, 0, 0, 0, 0, -19, -4, -33
"c:\Users\dwh88\Perforce\dengw3_Liyuu_1160\GSAS-2540-01-F24\users\dengw3\dengw3_2DplatformGame\BuddahGo\Assets\Plugins\Feel\MMTools\Core\MMSaveLoad\MMPersistenceDataStructures.cs", "C#", 0, -50, 0, 0, 0, 0, 0, -20, -9, -79
"c:\Users\dwh88\Perforce\dengw3_Liyuu_1160\GSAS-2540-01-F24\users\dengw3\dengw3_2DplatformGame\BuddahGo\Assets\Plugins\Feel\MMTools\Core\MMSaveLoad\MMPersistenceManager.cs", "C#", 0, -211, 0, 0, 0, 0, 0, -75, -46, -332
"c:\Users\dwh88\Perforce\dengw3_Liyuu_1160\GSAS-2540-01-F24\users\dengw3\dengw3_2DplatformGame\BuddahGo\Assets\Plugins\Feel\MMTools\Core\MMSaveLoad\MMPersistent.cs", "C#", 0, -112, 0, 0, 0, 0, 0, -25, -19, -156
"c:\Users\dwh88\Perforce\dengw3_Liyuu_1160\GSAS-2540-01-F24\users\dengw3\dengw3_2DplatformGame\BuddahGo\Assets\Plugins\Feel\MMTools\Core\MMSaveLoad\MMPersistentBase.cs", "C#", 0, -78, 0, 0, 0, 0, 0, -43, -21, -142
"c:\Users\dwh88\Perforce\dengw3_Liyuu_1160\GSAS-2540-01-F24\users\dengw3\dengw3_2DplatformGame\BuddahGo\Assets\Plugins\Feel\MMTools\Core\MMSaveLoad\MMSaveLoadManager.cs", "C#", 0, -116, 0, 0, 0, 0, 0, -61, -22, -199
"c:\Users\dwh88\Perforce\dengw3_Liyuu_1160\GSAS-2540-01-F24\users\dengw3\dengw3_2DplatformGame\BuddahGo\Assets\Plugins\Feel\MMTools\Core\MMSaveLoad\MMSaveLoadManagerMethod.cs", "C#", 0, -42, 0, 0, 0, 0, 0, -13, -7, -62
"c:\Users\dwh88\Perforce\dengw3_Liyuu_1160\GSAS-2540-01-F24\users\dengw3\dengw3_2DplatformGame\BuddahGo\Assets\Plugins\Feel\MMTools\Core\MMSaveLoad\MMSaveLoadManagerMethodBinary.cs", "C#", 0, -27, 0, 0, 0, 0, 0, -14, -2, -43
"c:\Users\dwh88\Perforce\dengw3_Liyuu_1160\GSAS-2540-01-F24\users\dengw3\dengw3_2DplatformGame\BuddahGo\Assets\Plugins\Feel\MMTools\Core\MMSaveLoad\MMSaveLoadManagerMethodBinaryEncrypted.cs", "C#", 0, -44, 0, 0, 0, 0, 0, -14, -2, -60
"c:\Users\dwh88\Perforce\dengw3_Liyuu_1160\GSAS-2540-01-F24\users\dengw3\dengw3_2DplatformGame\BuddahGo\Assets\Plugins\Feel\MMTools\Core\MMSaveLoad\MMSaveLoadManagerMethodJson.cs", "C#", 0, -30, 0, 0, 0, 0, 0, -15, -2, -47
"c:\Users\dwh88\Perforce\dengw3_Liyuu_1160\GSAS-2540-01-F24\users\dengw3\dengw3_2DplatformGame\BuddahGo\Assets\Plugins\Feel\MMTools\Core\MMSaveLoad\MMSaveLoadManagerMethodJsonEncrypted.cs", "C#", 0, -46, 0, 0, 0, 0, 0, -15, -3, -64
"c:\Users\dwh88\Perforce\dengw3_Liyuu_1160\GSAS-2540-01-F24\users\dengw3\dengw3_2DplatformGame\BuddahGo\Assets\Plugins\Feel\MMTools\Core\MMSaveLoad\MMSaveLoadManagerMethods.cs", "C#", 0, -38, 0, 0, 0, 0, 0, -24, -10, -72
"c:\Users\dwh88\Perforce\dengw3_Liyuu_1160\GSAS-2540-01-F24\users\dengw3\dengw3_2DplatformGame\BuddahGo\Assets\Plugins\Feel\MMTools\Core\MMSaveLoad\MMSaveLoadTester.cs", "C#", 0, -82, 0, 0, 0, 0, 0, -27, -9, -118
"c:\Users\dwh88\Perforce\dengw3_Liyuu_1160\GSAS-2540-01-F24\users\dengw3\dengw3_2DplatformGame\BuddahGo\Assets\Plugins\Feel\MMTools\Core\MMSceneLoading\Scripts\Helpers\MMLoadScene.cs", "C#", 0, -28, 0, 0, 0, 0, 0, -9, -3, -40
"c:\Users\dwh88\Perforce\dengw3_Liyuu_1160\GSAS-2540-01-F24\users\dengw3\dengw3_2DplatformGame\BuddahGo\Assets\Plugins\Feel\MMTools\Core\MMSceneLoading\Scripts\Helpers\MMSceneLoadingImageProgress.cs", "C#", 0, -19, 0, 0, 0, 0, 0, -11, -3, -33
"c:\Users\dwh88\Perforce\dengw3_Liyuu_1160\GSAS-2540-01-F24\users\dengw3\dengw3_2DplatformGame\BuddahGo\Assets\Plugins\Feel\MMTools\Core\MMSceneLoading\Scripts\Helpers\MMSceneLoadingTextProgress.cs", "C#", 0, -28, 0, 0, 0, 0, 0, -14, -4, -46
"c:\Users\dwh88\Perforce\dengw3_Liyuu_1160\GSAS-2540-01-F24\users\dengw3\dengw3_2DplatformGame\BuddahGo\Assets\Plugins\Feel\MMTools\Core\MMSceneLoading\Scripts\Managers\MMAdditiveSceneLoadingManager.cs", "C#", 0, -480, 0, 0, 0, 0, 0, -135, -66, -681
"c:\Users\dwh88\Perforce\dengw3_Liyuu_1160\GSAS-2540-01-F24\users\dengw3\dengw3_2DplatformGame\BuddahGo\Assets\Plugins\Feel\MMTools\Core\MMSceneLoading\Scripts\Managers\MMSceneLoadingAntiSpill.cs", "C#", 0, -87, 0, 0, 0, 0, 0, -24, -13, -124
"c:\Users\dwh88\Perforce\dengw3_Liyuu_1160\GSAS-2540-01-F24\users\dengw3\dengw3_2DplatformGame\BuddahGo\Assets\Plugins\Feel\MMTools\Core\MMSceneLoading\Scripts\Managers\MMSceneLoadingManager.cs", "C#", 0, -136, 0, 0, 0, 0, 0, -45, -21, -202
"c:\Users\dwh88\Perforce\dengw3_Liyuu_1160\GSAS-2540-01-F24\users\dengw3\dengw3_2DplatformGame\BuddahGo\Assets\Plugins\Feel\MMTools\Core\MMSingletons\MMPersistentHumbleSingleton.cs", "C#", 0, -59, 0, 0, 0, 0, 0, -17, -9, -85
"c:\Users\dwh88\Perforce\dengw3_Liyuu_1160\GSAS-2540-01-F24\users\dengw3\dengw3_2DplatformGame\BuddahGo\Assets\Plugins\Feel\MMTools\Core\MMSingletons\MMPersistentSingleton.cs", "C#", 0, -59, 0, 0, 0, 0, 0, -17, -8, -84
"c:\Users\dwh88\Perforce\dengw3_Liyuu_1160\GSAS-2540-01-F24\users\dengw3\dengw3_2DplatformGame\BuddahGo\Assets\Plugins\Feel\MMTools\Core\MMSingletons\MMReferencedScriptableObject.cs", "C#", 0, -82, 0, 0, 0, 0, 0, -7, -8, -97
"c:\Users\dwh88\Perforce\dengw3_Liyuu_1160\GSAS-2540-01-F24\users\dengw3\dengw3_2DplatformGame\BuddahGo\Assets\Plugins\Feel\MMTools\Core\MMSingletons\MMSingleton.cs", "C#", 0, -40, 0, 0, 0, 0, 0, -13, -5, -58
"c:\Users\dwh88\Perforce\dengw3_Liyuu_1160\GSAS-2540-01-F24\users\dengw3\dengw3_2DplatformGame\BuddahGo\Assets\Plugins\Feel\MMTools\Core\MMStateMachine\MMStateMachine.cs", "C#", 0, -61, 0, 0, 0, 0, 0, -71, -13, -145
"c:\Users\dwh88\Perforce\dengw3_Liyuu_1160\GSAS-2540-01-F24\users\dengw3\dengw3_2DplatformGame\BuddahGo\Assets\Plugins\Feel\MMTools\Core\MMTimeManager\MMTimeManager.cs", "C#", 0, -281, 0, 0, 0, 0, 0, -79, -43, -403
"c:\Users\dwh88\Perforce\dengw3_Liyuu_1160\GSAS-2540-01-F24\users\dengw3\dengw3_2DplatformGame\BuddahGo\Assets\Plugins\Feel\MMTools\Core\MMTween\MMAnimationCurveGenerator.cs", "C#", 0, -62, 0, 0, 0, 0, 0, -25, -12, -99
"c:\Users\dwh88\Perforce\dengw3_Liyuu_1160\GSAS-2540-01-F24\users\dengw3\dengw3_2DplatformGame\BuddahGo\Assets\Plugins\Feel\MMTools\Core\MMTween\MMFollowTarget.cs", "C#", 0, -341, 0, 0, 0, 0, 0, -84, -51, -476
"c:\Users\dwh88\Perforce\dengw3_Liyuu_1160\GSAS-2540-01-F24\users\dengw3\dengw3_2DplatformGame\BuddahGo\Assets\Plugins\Feel\MMTools\Core\MMTween\MMSignal.cs", "C#", 0, -173, 0, 0, 0, 0, 0, -15, -15, -203
"c:\Users\dwh88\Perforce\dengw3_Liyuu_1160\GSAS-2540-01-F24\users\dengw3\dengw3_2DplatformGame\BuddahGo\Assets\Plugins\Feel\MMTools\Core\MMTween\MMTween.cs", "C#", 0, -377, 0, 0, 0, 0, 0, -30, -38, -445
"c:\Users\dwh88\Perforce\dengw3_Liyuu_1160\GSAS-2540-01-F24\users\dengw3\dengw3_2DplatformGame\BuddahGo\Assets\Plugins\Feel\MMTools\Core\MMTween\MMTweenDefinitions.cs", "C#", 0, -215, 0, 0, 0, 0, 0, -12, -46, -273
"c:\Users\dwh88\Perforce\dengw3_Liyuu_1160\GSAS-2540-01-F24\users\dengw3\dengw3_2DplatformGame\BuddahGo\Assets\Plugins\Feel\MMTools\Core\MMTween\MMTweenType.cs", "C#", 0, -31, 0, 0, 0, 0, 0, 0, -4, -35
"c:\Users\dwh88\Perforce\dengw3_Liyuu_1160\GSAS-2540-01-F24\users\dengw3\dengw3_2DplatformGame\BuddahGo\Assets\Plugins\Feel\MMTools\Core\MMUI\MMFader.cs", "C#", 0, -346, 0, 0, 0, 0, 0, -131, -46, -523
"c:\Users\dwh88\Perforce\dengw3_Liyuu_1160\GSAS-2540-01-F24\users\dengw3\dengw3_2DplatformGame\BuddahGo\Assets\Plugins\Feel\MMTools\Core\MMUI\MMFaderDirectional.cs", "C#", 0, -238, 0, 0, 0, 0, 0, -89, -40, -367
"c:\Users\dwh88\Perforce\dengw3_Liyuu_1160\GSAS-2540-01-F24\users\dengw3\dengw3_2DplatformGame\BuddahGo\Assets\Plugins\Feel\MMTools\Core\MMUI\MMFaderRound.cs", "C#", 0, -202, 0, 0, 0, 0, 0, -67, -35, -304
"c:\Users\dwh88\Perforce\dengw3_Liyuu_1160\GSAS-2540-01-F24\users\dengw3\dengw3_2DplatformGame\BuddahGo\Assets\Plugins\Feel\MMTools\Core\MMUI\MMProgressBar.cs", "C#", 0, -746, 0, 0, 0, 0, 0, -142, -114, -1002
"c:\Users\dwh88\Perforce\dengw3_Liyuu_1160\GSAS-2540-01-F24\users\dengw3\dengw3_2DplatformGame\BuddahGo\Assets\Plugins\Feel\MMTools\Core\MoreMountains.Tools.asmdef", "JSON", -77, 0, 0, 0, 0, 0, 0, 0, 0, -77
"c:\Users\dwh88\Perforce\dengw3_Liyuu_1160\GSAS-2540-01-F24\users\dengw3\dengw3_2DplatformGame\BuddahGo\Assets\Plugins\Feel\MMTools\Foundation\Editor\MMAI\AIActionInspectorDrawer.cs", "C#", 0, -55, 0, 0, 0, 0, 0, -20, -9, -84
"c:\Users\dwh88\Perforce\dengw3_Liyuu_1160\GSAS-2540-01-F24\users\dengw3\dengw3_2DplatformGame\BuddahGo\Assets\Plugins\Feel\MMTools\Foundation\Editor\MMAI\AIBrainEditor.cs", "C#", 0, -67, 0, 0, 0, 0, 0, 0, -7, -74
"c:\Users\dwh88\Perforce\dengw3_Liyuu_1160\GSAS-2540-01-F24\users\dengw3\dengw3_2DplatformGame\BuddahGo\Assets\Plugins\Feel\MMTools\Foundation\Editor\MMAI\AITransitionInspectorDrawer.cs", "C#", 0, -78, 0, 0, 0, 0, 0, -36, -12, -126
"c:\Users\dwh88\Perforce\dengw3_Liyuu_1160\GSAS-2540-01-F24\users\dengw3\dengw3_2DplatformGame\BuddahGo\Assets\Plugins\Feel\MMTools\Foundation\Editor\MMAchievements\MMAchievementListInspector.cs", "C#", 0, -19, 0, 0, 0, 0, 0, -6, -1, -26
"c:\Users\dwh88\Perforce\dengw3_Liyuu_1160\GSAS-2540-01-F24\users\dengw3\dengw3_2DplatformGame\BuddahGo\Assets\Plugins\Feel\MMTools\Foundation\Editor\MMAchievements\MMAchievementMenu.cs", "C#", 0, -15, 0, 0, 0, 0, 0, -3, -1, -19
"c:\Users\dwh88\Perforce\dengw3_Liyuu_1160\GSAS-2540-01-F24\users\dengw3\dengw3_2DplatformGame\BuddahGo\Assets\Plugins\Feel\MMTools\Foundation\Editor\MoreMountains.Tools.Foundation.Editor.asmref", "JSON", -3, 0, 0, 0, 0, 0, 0, 0, 0, -3
"c:\Users\dwh88\Perforce\dengw3_Liyuu_1160\GSAS-2540-01-F24\users\dengw3\dengw3_2DplatformGame\BuddahGo\Assets\Plugins\Feel\MMTools\Foundation\MMAI\AIAction.cs", "C#", 0, -48, 0, 0, 0, 0, 0, -17, -7, -72
"c:\Users\dwh88\Perforce\dengw3_Liyuu_1160\GSAS-2540-01-F24\users\dengw3\dengw3_2DplatformGame\BuddahGo\Assets\Plugins\Feel\MMTools\Foundation\MMAI\AIBrain.cs", "C#", 0, -232, 0, 0, 0, 0, 0, -51, -28, -311
"c:\Users\dwh88\Perforce\dengw3_Liyuu_1160\GSAS-2540-01-F24\users\dengw3\dengw3_2DplatformGame\BuddahGo\Assets\Plugins\Feel\MMTools\Foundation\MMAI\AIDecision.cs", "C#", 0, -29, 0, 0, 0, 0, 0, -17, -8, -54
"c:\Users\dwh88\Perforce\dengw3_Liyuu_1160\GSAS-2540-01-F24\users\dengw3\dengw3_2DplatformGame\BuddahGo\Assets\Plugins\Feel\MMTools\Foundation\MMAI\AIState.cs", "C#", 0, -117, 0, 0, 0, 0, 0, -25, -12, -154
"c:\Users\dwh88\Perforce\dengw3_Liyuu_1160\GSAS-2540-01-F24\users\dengw3\dengw3_2DplatformGame\BuddahGo\Assets\Plugins\Feel\MMTools\Foundation\MMAI\AITransition.cs", "C#", 0, -13, 0, 0, 0, 0, 0, -6, -1, -20
"c:\Users\dwh88\Perforce\dengw3_Liyuu_1160\GSAS-2540-01-F24\users\dengw3\dengw3_2DplatformGame\BuddahGo\Assets\Plugins\Feel\MMTools\Foundation\MMAchievements\Scripts\MMAchievement.cs", "C#", 0, -66, 0, 0, 0, 0, 0, -38, -13, -117
"c:\Users\dwh88\Perforce\dengw3_Liyuu_1160\GSAS-2540-01-F24\users\dengw3\dengw3_2DplatformGame\BuddahGo\Assets\Plugins\Feel\MMTools\Foundation\MMAchievements\Scripts\MMAchievementDisplayItem.cs", "C#", 0, -19, 0, 0, 0, 0, 0, -3, -1, -23
"c:\Users\dwh88\Perforce\dengw3_Liyuu_1160\GSAS-2540-01-F24\users\dengw3\dengw3_2DplatformGame\BuddahGo\Assets\Plugins\Feel\MMTools\Foundation\MMAchievements\Scripts\MMAchievementDisplayer.cs", "C#", 0, -66, 0, 0, 0, 0, 0, -27, -12, -105
"c:\Users\dwh88\Perforce\dengw3_Liyuu_1160\GSAS-2540-01-F24\users\dengw3\dengw3_2DplatformGame\BuddahGo\Assets\Plugins\Feel\MMTools\Foundation\MMAchievements\Scripts\MMAchievementEvent.cs", "C#", 0, -34, 0, 0, 0, 0, 0, -13, -6, -53
"c:\Users\dwh88\Perforce\dengw3_Liyuu_1160\GSAS-2540-01-F24\users\dengw3\dengw3_2DplatformGame\BuddahGo\Assets\Plugins\Feel\MMTools\Foundation\MMAchievements\Scripts\MMAchievementList.cs", "C#", 0, -22, 0, 0, 0, 0, 0, -8, -4, -34
"c:\Users\dwh88\Perforce\dengw3_Liyuu_1160\GSAS-2540-01-F24\users\dengw3\dengw3_2DplatformGame\BuddahGo\Assets\Plugins\Feel\MMTools\Foundation\MMAchievements\Scripts\MMAchievementManager.cs", "C#", 0, -148, 0, 0, 0, 0, 0, -52, -25, -225
"c:\Users\dwh88\Perforce\dengw3_Liyuu_1160\GSAS-2540-01-F24\users\dengw3\dengw3_2DplatformGame\BuddahGo\Assets\Plugins\Feel\MMTools\Foundation\MMAchievements\Scripts\MMAchievementRules.cs", "C#", 0, -42, 0, 0, 0, 0, 0, -33, -6, -81
"c:\Users\dwh88\Perforce\dengw3_Liyuu_1160\GSAS-2540-01-F24\users\dengw3\dengw3_2DplatformGame\BuddahGo\Assets\Plugins\Feel\MMTools\Foundation\MMAchievements\Scripts\SerializedMMAchievementManager.cs", "C#", 0, -24, 0, 0, 0, 0, 0, -12, -3, -39
"c:\Users\dwh88\Perforce\dengw3_Liyuu_1160\GSAS-2540-01-F24\users\dengw3\dengw3_2DplatformGame\BuddahGo\Assets\Plugins\Feel\MMTools\Foundation\MMAnimation\MMAnimationModifier.cs", "C#", 0, -31, 0, 0, 0, 0, 0, -19, -7, -57
"c:\Users\dwh88\Perforce\dengw3_Liyuu_1160\GSAS-2540-01-F24\users\dengw3\dengw3_2DplatformGame\BuddahGo\Assets\Plugins\Feel\MMTools\Foundation\MMAnimation\MMAnimationParameter.cs", "C#", 0, -37, 0, 0, 0, 0, 0, -23, -8, -68
"c:\Users\dwh88\Perforce\dengw3_Liyuu_1160\GSAS-2540-01-F24\users\dengw3\dengw3_2DplatformGame\BuddahGo\Assets\Plugins\Feel\MMTools\Foundation\MMAnimation\MMAnimatorMirror.cs", "C#", 0, -97, 0, 0, 0, 0, 0, -23, -13, -133
"c:\Users\dwh88\Perforce\dengw3_Liyuu_1160\GSAS-2540-01-F24\users\dengw3\dengw3_2DplatformGame\BuddahGo\Assets\Plugins\Feel\MMTools\Foundation\MMAnimation\MMOffsetAnimation.cs", "C#", 0, -47, 0, 0, 0, 0, 0, -21, -6, -74
"c:\Users\dwh88\Perforce\dengw3_Liyuu_1160\GSAS-2540-01-F24\users\dengw3\dengw3_2DplatformGame\BuddahGo\Assets\Plugins\Feel\MMTools\Foundation\MMAnimation\MMRagdoller.cs", "C#", 0, -234, 0, 0, 0, 0, 0, -56, -36, -326
"c:\Users\dwh88\Perforce\dengw3_Liyuu_1160\GSAS-2540-01-F24\users\dengw3\dengw3_2DplatformGame\BuddahGo\Assets\Plugins\Feel\MMTools\Foundation\MMAnimation\MMRagdollerIgnore.cs", "C#", 0, -10, 0, 0, 0, 0, 0, -3, -2, -15
"c:\Users\dwh88\Perforce\dengw3_Liyuu_1160\GSAS-2540-01-F24\users\dengw3\dengw3_2DplatformGame\BuddahGo\Assets\Plugins\Feel\MMTools\Foundation\MMAnimation\MMStopMotionAnimation.cs", "C#", 0, -79, 0, 0, 0, 0, 0, 0, -15, -94
"c:\Users\dwh88\Perforce\dengw3_Liyuu_1160\GSAS-2540-01-F24\users\dengw3\dengw3_2DplatformGame\BuddahGo\Assets\Plugins\Feel\MMTools\Foundation\MMControls\MMControlsTestInputManager.cs", "C#", 0, -61, 0, 0, 0, 0, 0, -4, -14, -79
"c:\Users\dwh88\Perforce\dengw3_Liyuu_1160\GSAS-2540-01-F24\users\dengw3\dengw3_2DplatformGame\BuddahGo\Assets\Plugins\Feel\MMTools\Foundation\MMControls\MMSwipeZone.cs", "C#", 0, -157, 0, 0, 0, 0, 0, -47, -21, -225
"c:\Users\dwh88\Perforce\dengw3_Liyuu_1160\GSAS-2540-01-F24\users\dengw3\dengw3_2DplatformGame\BuddahGo\Assets\Plugins\Feel\MMTools\Foundation\MMControls\MMTouchAxis.cs", "C#", 0, -126, 0, 0, 0, 0, 0, -38, -17, -181
"c:\Users\dwh88\Perforce\dengw3_Liyuu_1160\GSAS-2540-01-F24\users\dengw3\dengw3_2DplatformGame\BuddahGo\Assets\Plugins\Feel\MMTools\Foundation\MMControls\MMTouchButton.cs", "C#", 0, -365, 0, 0, 0, 0, 0, -97, -44, -506
"c:\Users\dwh88\Perforce\dengw3_Liyuu_1160\GSAS-2540-01-F24\users\dengw3\dengw3_2DplatformGame\BuddahGo\Assets\Plugins\Feel\MMTools\Foundation\MMControls\MMTouchControls.cs", "C#", 0, -59, 0, 0, 0, 0, 0, -11, -5, -75
"c:\Users\dwh88\Perforce\dengw3_Liyuu_1160\GSAS-2540-01-F24\users\dengw3\dengw3_2DplatformGame\BuddahGo\Assets\Plugins\Feel\MMTools\Foundation\MMControls\MMTouchFollowerJoystick.cs", "C#", 0, -223, 0, 0, 0, 0, 0, -64, -31, -318
"c:\Users\dwh88\Perforce\dengw3_Liyuu_1160\GSAS-2540-01-F24\users\dengw3\dengw3_2DplatformGame\BuddahGo\Assets\Plugins\Feel\MMTools\Foundation\MMControls\MMTouchJoystick.cs", "C#", 0, -272, 0, 0, 0, 0, 0, -96, -46, -414
"c:\Users\dwh88\Perforce\dengw3_Liyuu_1160\GSAS-2540-01-F24\users\dengw3\dengw3_2DplatformGame\BuddahGo\Assets\Plugins\Feel\MMTools\Foundation\MMControls\MMTouchRepositionableJoystick.cs", "C#", 0, -102, 0, 0, 0, 0, 0, -33, -14, -149
"c:\Users\dwh88\Perforce\dengw3_Liyuu_1160\GSAS-2540-01-F24\users\dengw3\dengw3_2DplatformGame\BuddahGo\Assets\Plugins\Feel\MMTools\Foundation\MMGhostCamera\MMGhostCamera.cs", "C#", 0, -268, 0, 0, 0, 0, 0, -58, -38, -364
"c:\Users\dwh88\Perforce\dengw3_Liyuu_1160\GSAS-2540-01-F24\users\dengw3\dengw3_2DplatformGame\BuddahGo\Assets\Plugins\Feel\MMTools\Foundation\MMLoot\MMLoot.cs", "C#", 0, -22, 0, 0, 0, 0, 0, -18, -7, -47
"c:\Users\dwh88\Perforce\dengw3_Liyuu_1160\GSAS-2540-01-F24\users\dengw3\dengw3_2DplatformGame\BuddahGo\Assets\Plugins\Feel\MMTools\Foundation\MMLoot\MMLootTable.cs", "C#", 0, -77, 0, 0, 0, 0, 0, -30, -19, -126
"c:\Users\dwh88\Perforce\dengw3_Liyuu_1160\GSAS-2540-01-F24\users\dengw3\dengw3_2DplatformGame\BuddahGo\Assets\Plugins\Feel\MMTools\Foundation\MMLoot\MMLootTableGameObjectSO.cs", "C#", 0, -21, 0, 0, 0, 0, 0, -8, -4, -33
"c:\Users\dwh88\Perforce\dengw3_Liyuu_1160\GSAS-2540-01-F24\users\dengw3\dengw3_2DplatformGame\BuddahGo\Assets\Plugins\Feel\MMTools\Foundation\MMTime\MMCooldown.cs", "C#", 0, -116, 0, 0, 0, 0, 0, -49, -17, -182
"c:\Users\dwh88\Perforce\dengw3_Liyuu_1160\GSAS-2540-01-F24\users\dengw3\dengw3_2DplatformGame\BuddahGo\Assets\Plugins\Feel\MMTools\Foundation\MoreMountains.Tools.Foundation.asmref", "JSON", -3, 0, 0, 0, 0, 0, 0, 0, 0, -3
"c:\Users\dwh88\Perforce\dengw3_Liyuu_1160\GSAS-2540-01-F24\users\dengw3\dengw3_2DplatformGame\BuddahGo\Assets\Plugins\Feel\NiceVibrations\3RD-PARTY-LICENSES.md", "Markdown", 0, 0, -170, 0, 0, 0, 0, 0, -23, -193
"c:\Users\dwh88\Perforce\dengw3_Liyuu_1160\GSAS-2540-01-F24\users\dengw3\dengw3_2DplatformGame\BuddahGo\Assets\Plugins\Feel\NiceVibrations\Define\NiceVibrationsDefineSymbols.cs", "C#", 0, -27, 0, 0, 0, 0, 0, -9, -2, -38
"c:\Users\dwh88\Perforce\dengw3_Liyuu_1160\GSAS-2540-01-F24\users\dengw3\dengw3_2DplatformGame\BuddahGo\Assets\Plugins\Feel\NiceVibrations\Lofelt.NiceVibrations.asmdef", "JSON", -21, 0, 0, 0, 0, 0, 0, 0, 0, -21
"c:\Users\dwh88\Perforce\dengw3_Liyuu_1160\GSAS-2540-01-F24\users\dengw3\dengw3_2DplatformGame\BuddahGo\Assets\Plugins\Feel\NiceVibrations\Plugins\iOS\LofeltHaptics.framework\Headers\LofeltHaptics.h", "C++", 0, 0, 0, 0, -26, 0, 0, -118, -20, -164
"c:\Users\dwh88\Perforce\dengw3_Liyuu_1160\GSAS-2540-01-F24\users\dengw3\dengw3_2DplatformGame\BuddahGo\Assets\Plugins\Feel\NiceVibrations\Scripts\Components\AssemblyInfo.cs", "C#", 0, -1, 0, 0, 0, 0, 0, -1, -1, -3
"c:\Users\dwh88\Perforce\dengw3_Liyuu_1160\GSAS-2540-01-F24\users\dengw3\dengw3_2DplatformGame\BuddahGo\Assets\Plugins\Feel\NiceVibrations\Scripts\Components\DeviceCapabilities.cs", "C#", 0, -157, 0, 0, 0, 0, 0, -78, -19, -254
"c:\Users\dwh88\Perforce\dengw3_Liyuu_1160\GSAS-2540-01-F24\users\dengw3\dengw3_2DplatformGame\BuddahGo\Assets\Plugins\Feel\NiceVibrations\Scripts\Components\Gamepad.cs", "C#", 0, -215, 0, 0, 0, 0, 0, -183, -38, -436
"c:\Users\dwh88\Perforce\dengw3_Liyuu_1160\GSAS-2540-01-F24\users\dengw3\dengw3_2DplatformGame\BuddahGo\Assets\Plugins\Feel\NiceVibrations\Scripts\Components\HapticClip.cs", "C#", 0, -11, 0, 0, 0, 0, 0, -21, -4, -36
"c:\Users\dwh88\Perforce\dengw3_Liyuu_1160\GSAS-2540-01-F24\users\dengw3\dengw3_2DplatformGame\BuddahGo\Assets\Plugins\Feel\NiceVibrations\Scripts\Components\HapticController.cs", "C#", 0, -253, 0, 0, 0, 0, 0, -266, -50, -569
"c:\Users\dwh88\Perforce\dengw3_Liyuu_1160\GSAS-2540-01-F24\users\dengw3\dengw3_2DplatformGame\BuddahGo\Assets\Plugins\Feel\NiceVibrations\Scripts\Components\HapticPatterns.cs", "C#", 0, -309, 0, 0, 0, 0, 0, -139, -67, -515
"c:\Users\dwh88\Perforce\dengw3_Liyuu_1160\GSAS-2540-01-F24\users\dengw3\dengw3_2DplatformGame\BuddahGo\Assets\Plugins\Feel\NiceVibrations\Scripts\Components\HapticReceiver.cs", "C#", 0, -47, 0, 0, 0, 0, 0, -51, -11, -109
"c:\Users\dwh88\Perforce\dengw3_Liyuu_1160\GSAS-2540-01-F24\users\dengw3\dengw3_2DplatformGame\BuddahGo\Assets\Plugins\Feel\NiceVibrations\Scripts\Components\HapticSource.cs", "C#", 0, -116, 0, 0, 0, 0, 0, -118, -29, -263
"c:\Users\dwh88\Perforce\dengw3_Liyuu_1160\GSAS-2540-01-F24\users\dengw3\dengw3_2DplatformGame\BuddahGo\Assets\Plugins\Feel\NiceVibrations\Scripts\Components\JNIHelpers.cs", "C#", 0, -96, 0, 0, 0, 0, 0, -27, -12, -135
"c:\Users\dwh88\Perforce\dengw3_Liyuu_1160\GSAS-2540-01-F24\users\dengw3\dengw3_2DplatformGame\BuddahGo\Assets\Plugins\Feel\NiceVibrations\Scripts\Components\LofeltHaptics.cs", "C#", 0, -216, 0, 0, 0, 0, 0, -41, -39, -296
"c:\Users\dwh88\Perforce\dengw3_Liyuu_1160\GSAS-2540-01-F24\users\dengw3\dengw3_2DplatformGame\BuddahGo\Assets\Plugins\Feel\NiceVibrations\Scripts\Editor\HapticImporter.cs", "C#", 0, -85, 0, 0, 0, 0, 0, -17, -18, -120
"c:\Users\dwh88\Perforce\dengw3_Liyuu_1160\GSAS-2540-01-F24\users\dengw3\dengw3_2DplatformGame\BuddahGo\Assets\Plugins\Feel\NiceVibrations\Scripts\Editor\HapticSourceInspector.cs", "C#", 0, -102, 0, 0, 0, 0, 0, -23, -31, -156
"c:\Users\dwh88\Perforce\dengw3_Liyuu_1160\GSAS-2540-01-F24\users\dengw3\dengw3_2DplatformGame\BuddahGo\Assets\Plugins\Feel\NiceVibrations\Scripts\Editor\Lofelt.NiceVibrations.Editor.asmdef", "JSON", -17, 0, 0, 0, 0, 0, 0, 0, 0, -17
"c:\Users\dwh88\Perforce\dengw3_Liyuu_1160\GSAS-2540-01-F24\users\dengw3\dengw3_2DplatformGame\BuddahGo\Assets\Plugins\FishyFacepunch\Core\BidirectionalDictionary.cs", "C#", 0, -74, 0, 0, 0, 0, 0, 0, -18, -92
"c:\Users\dwh88\Perforce\dengw3_Liyuu_1160\GSAS-2540-01-F24\users\dengw3\dengw3_2DplatformGame\BuddahGo\Assets\Plugins\FishyFacepunch\Core\ClientHostSocket.cs", "C#", 0, -77, 0, 0, 0, 0, 0, -36, -13, -126
"c:\Users\dwh88\Perforce\dengw3_Liyuu_1160\GSAS-2540-01-F24\users\dengw3\dengw3_2DplatformGame\BuddahGo\Assets\Plugins\FishyFacepunch\Core\ClientSocket.cs", "C#", 0, -159, 0, 0, 0, 0, 0, -44, -25, -228
"c:\Users\dwh88\Perforce\dengw3_Liyuu_1160\GSAS-2540-01-F24\users\dengw3\dengw3_2DplatformGame\BuddahGo\Assets\Plugins\FishyFacepunch\Core\CommonSocket.cs", "C#", 0, -108, 0, 0, 0, 0, 0, -56, -13, -177
"c:\Users\dwh88\Perforce\dengw3_Liyuu_1160\GSAS-2540-01-F24\users\dengw3\dengw3_2DplatformGame\BuddahGo\Assets\Plugins\FishyFacepunch\Core\FishyConnectionManager.cs", "C#", 0, -10, 0, 0, 0, 0, 0, 0, -2, -12
"c:\Users\dwh88\Perforce\dengw3_Liyuu_1160\GSAS-2540-01-F24\users\dengw3\dengw3_2DplatformGame\BuddahGo\Assets\Plugins\FishyFacepunch\Core\FishySocketManager.cs", "C#", 0, -11, 0, 0, 0, 0, 0, 0, -2, -13
"c:\Users\dwh88\Perforce\dengw3_Liyuu_1160\GSAS-2540-01-F24\users\dengw3\dengw3_2DplatformGame\BuddahGo\Assets\Plugins\FishyFacepunch\Core\LocalPacket.cs", "C#", 0, -23, 0, 0, 0, 0, 0, 0, -3, -26
"c:\Users\dwh88\Perforce\dengw3_Liyuu_1160\GSAS-2540-01-F24\users\dengw3\dengw3_2DplatformGame\BuddahGo\Assets\Plugins\FishyFacepunch\Core\ServerSocket.cs", "C#", 0, -275, 0, 0, 0, 0, 0, -98, -46, -419
"c:\Users\dwh88\Perforce\dengw3_Liyuu_1160\GSAS-2540-01-F24\users\dengw3\dengw3_2DplatformGame\BuddahGo\Assets\Plugins\FishyFacepunch\FishyFacepunch.cs", "C#", 0, -301, 0, 0, 0, 0, 0, -178, -43, -522
"c:\Users\dwh88\Perforce\dengw3_Liyuu_1160\GSAS-2540-01-F24\users\dengw3\dengw3_2DplatformGame\BuddahGo\Assets\Plugins\TextMesh Pro\Shaders\TMP_Bitmap-Custom-Atlas.shader", "UnityShader", 0, 0, 0, -109, 0, 0, 0, -2, -33, -144
"c:\Users\dwh88\Perforce\dengw3_Liyuu_1160\GSAS-2540-01-F24\users\dengw3\dengw3_2DplatformGame\BuddahGo\Assets\Plugins\TextMesh Pro\Shaders\TMP_Bitmap-Mobile.shader", "UnityShader", 0, 0, 0, -112, 0, 0, 0, -3, -31, -146
"c:\Users\dwh88\Perforce\dengw3_Liyuu_1160\GSAS-2540-01-F24\users\dengw3\dengw3_2DplatformGame\BuddahGo\Assets\Plugins\TextMesh Pro\Shaders\TMP_Bitmap.shader", "UnityShader", 0, 0, 0, -109, 0, 0, 0, -2, -33, -144
"c:\Users\dwh88\Perforce\dengw3_Liyuu_1160\GSAS-2540-01-F24\users\dengw3\dengw3_2DplatformGame\BuddahGo\Assets\Plugins\TextMesh Pro\Shaders\TMP_SDF Overlay.shader", "UnityShader", 0, 0, 0, -243, 0, 0, 0, -4, -71, -318
"c:\Users\dwh88\Perforce\dengw3_Liyuu_1160\GSAS-2540-01-F24\users\dengw3\dengw3_2DplatformGame\BuddahGo\Assets\Plugins\TextMesh Pro\Shaders\TMP_SDF SSD.shader", "UnityShader", 0, 0, 0, -241, 0, 0, 0, -4, -66, -311
"c:\Users\dwh88\Perforce\dengw3_Liyuu_1160\GSAS-2540-01-F24\users\dengw3\dengw3_2DplatformGame\BuddahGo\Assets\Plugins\TextMesh Pro\Shaders\TMP_SDF-Mobile Masking.shader", "UnityShader", 0, 0, 0, -188, 0, 0, 0, -10, -50, -248
"c:\Users\dwh88\Perforce\dengw3_Liyuu_1160\GSAS-2540-01-F24\users\dengw3\dengw3_2DplatformGame\BuddahGo\Assets\Plugins\TextMesh Pro\Shaders\TMP_SDF-Mobile Overlay.shader", "UnityShader", 0, 0, 0, -183, 0, 0, 0, -8, -50, -241
"c:\Users\dwh88\Perforce\dengw3_Liyuu_1160\GSAS-2540-01-F24\users\dengw3\dengw3_2DplatformGame\BuddahGo\Assets\Plugins\TextMesh Pro\Shaders\TMP_SDF-Mobile SSD.shader", "UnityShader", 0, 0, 0, -82, 0, 0, 0, -4, -21, -107
"c:\Users\dwh88\Perforce\dengw3_Liyuu_1160\GSAS-2540-01-F24\users\dengw3\dengw3_2DplatformGame\BuddahGo\Assets\Plugins\TextMesh Pro\Shaders\TMP_SDF-Mobile.shader", "UnityShader", 0, 0, 0, -183, 0, 0, 0, -8, -50, -241
"c:\Users\dwh88\Perforce\dengw3_Liyuu_1160\GSAS-2540-01-F24\users\dengw3\dengw3_2DplatformGame\BuddahGo\Assets\Plugins\TextMesh Pro\Shaders\TMP_SDF-Surface-Mobile.shader", "UnityShader", 0, 0, 0, -103, 0, 0, 0, -8, -28, -139
"c:\Users\dwh88\Perforce\dengw3_Liyuu_1160\GSAS-2540-01-F24\users\dengw3\dengw3_2DplatformGame\BuddahGo\Assets\Plugins\TextMesh Pro\Shaders\TMP_SDF-Surface.shader", "UnityShader", 0, 0, 0, -122, 0, 0, 0, -4, -33, -159
"c:\Users\dwh88\Perforce\dengw3_Liyuu_1160\GSAS-2540-01-F24\users\dengw3\dengw3_2DplatformGame\BuddahGo\Assets\Plugins\TextMesh Pro\Shaders\TMP_SDF.shader", "UnityShader", 0, 0, 0, -243, 0, 0, 0, -4, -71, -318
"c:\Users\dwh88\Perforce\dengw3_Liyuu_1160\GSAS-2540-01-F24\users\dengw3\dengw3_2DplatformGame\BuddahGo\Assets\Plugins\TextMesh Pro\Shaders\TMP_Sprite.shader", "UnityShader", 0, 0, 0, -97, 0, 0, 0, 0, -20, -117
"c:\Users\dwh88\Perforce\dengw3_Liyuu_1160\GSAS-2540-01-F24\users\dengw3\dengw3_2DplatformGame\BuddahGo\Assets\Plugins\TextMesh Pro\Shaders\TMPro.cginc", "UnityShader", 0, 0, 0, -63, 0, 0, 0, -2, -20, -85
"c:\Users\dwh88\Perforce\dengw3_Liyuu_1160\GSAS-2540-01-F24\users\dengw3\dengw3_2DplatformGame\BuddahGo\Assets\Plugins\TextMesh Pro\Shaders\TMPro_Mobile.cginc", "UnityShader", 0, 0, 0, -122, 0, 0, 0, -2, -34, -158
"c:\Users\dwh88\Perforce\dengw3_Liyuu_1160\GSAS-2540-01-F24\users\dengw3\dengw3_2DplatformGame\BuddahGo\Assets\Plugins\TextMesh Pro\Shaders\TMPro_Properties.cginc", "UnityShader", 0, 0, 0, -62, 0, 0, 0, -10, -14, -86
"c:\Users\dwh88\Perforce\dengw3_Liyuu_1160\GSAS-2540-01-F24\users\dengw3\dengw3_2DplatformGame\BuddahGo\Assets\Plugins\TextMesh Pro\Shaders\TMPro_Surface.cginc", "UnityShader", 0, 0, 0, -76, 0, 0, 0, -7, -19, -102
"c:\Users\dwh88\Perforce\dengw3_Liyuu_1160\GSAS-2540-01-F24\users\dengw3\dengw3_2DplatformGame\BuddahGo\Assets\Plugins\TextMesh Pro\Sprites\EmojiOne.json", "JSON", -155, 0, 0, 0, 0, 0, 0, 0, -2, -157
"c:\Users\dwh88\Perforce\dengw3_Liyuu_1160\GSAS-2540-01-F24\users\dengw3\dengw3_2DplatformGame\BuddahGo\Assets\Resources\Config\ProjectConfigDatabase.json", "JSON", -93, 0, 0, 0, 0, 0, 0, 0, -1, -94
"c:\Users\dwh88\Perforce\dengw3_Liyuu_1160\GSAS-2540-01-F24\users\dengw3\dengw3_2DplatformGame\BuddahGo\Assets\Scenes\Cockpit\Scripts\Boids\Boids.cs", "C#", 0, -546, 0, 0, 0, 0, 0, -18, -113, -677
"c:\Users\dwh88\Perforce\dengw3_Liyuu_1160\GSAS-2540-01-F24\users\dengw3\dengw3_2DplatformGame\BuddahGo\Assets\Scenes\Cockpit\Scripts\Boids\Editor\BoidsEditor.cs", "C#", 0, -169, 0, 0, 0, 0, 0, -32, -20, -221
"c:\Users\dwh88\Perforce\dengw3_Liyuu_1160\GSAS-2540-01-F24\users\dengw3\dengw3_2DplatformGame\BuddahGo\Assets\Scenes\Cockpit\Scripts\Boids\GetClosestBoidTest.cs", "C#", 0, -16, 0, 0, 0, 0, 0, 0, -5, -21
"c:\Users\dwh88\Perforce\dengw3_Liyuu_1160\GSAS-2540-01-F24\users\dengw3\dengw3_2DplatformGame\BuddahGo\Assets\Scenes\Cockpit\Scripts\CapitalShipCannon.cs", "C#", 0, -126, 0, 0, 0, 0, 0, -17, -29, -172
"c:\Users\dwh88\Perforce\dengw3_Liyuu_1160\GSAS-2540-01-F24\users\dengw3\dengw3_2DplatformGame\BuddahGo\Assets\Scenes\Cockpit\Scripts\CockpitHUD.cs", "C#", 0, -10, 0, 0, 0, 0, 0, -1, -4, -15
"c:\Users\dwh88\Perforce\dengw3_Liyuu_1160\GSAS-2540-01-F24\users\dengw3\dengw3_2DplatformGame\BuddahGo\Assets\Scenes\Cockpit\Scripts\CockpitOutline.cs", "C#", 0, -15, 0, 0, 0, 0, 0, 0, -4, -19
"c:\Users\dwh88\Perforce\dengw3_Liyuu_1160\GSAS-2540-01-F24\users\dengw3\dengw3_2DplatformGame\BuddahGo\Assets\Scenes\Cockpit\Scripts\DollyOffset.cs", "C#", 0, -13, 0, 0, 0, 0, 0, -1, -4, -18
"c:\Users\dwh88\Perforce\dengw3_Liyuu_1160\GSAS-2540-01-F24\users\dengw3\dengw3_2DplatformGame\BuddahGo\Assets\Scenes\Cockpit\Scripts\MeteorPiece.cs", "C#", 0, -19, 0, 0, 0, 0, 0, -2, -5, -26
"c:\Users\dwh88\Perforce\dengw3_Liyuu_1160\GSAS-2540-01-F24\users\dengw3\dengw3_2DplatformGame\BuddahGo\Assets\Scenes\Cockpit\Scripts\NpcSplineFollower.cs", "C#", 0, -44, 0, 0, 0, 0, 0, -2, -12, -58
"c:\Users\dwh88\Perforce\dengw3_Liyuu_1160\GSAS-2540-01-F24\users\dengw3\dengw3_2DplatformGame\BuddahGo\Assets\Scenes\Cockpit\Scripts\OutlineVolumeComponent.cs", "C#", 0, -9, 0, 0, 0, 0, 0, 0, -2, -11
"c:\Users\dwh88\Perforce\dengw3_Liyuu_1160\GSAS-2540-01-F24\users\dengw3\dengw3_2DplatformGame\BuddahGo\Assets\Scenes\Cockpit\Scripts\ParticleSpawnSystem.cs", "C#", 0, -16, 0, 0, 0, 0, 0, 0, -3, -19
"c:\Users\dwh88\Perforce\dengw3_Liyuu_1160\GSAS-2540-01-F24\users\dengw3\dengw3_2DplatformGame\BuddahGo\Assets\Scenes\Cockpit\Scripts\SimpleUpVector.cs", "C#", 0, -31, 0, 0, 0, 0, 0, -1, -11, -43
"c:\Users\dwh88\Perforce\dengw3_Liyuu_1160\GSAS-2540-01-F24\users\dengw3\dengw3_2DplatformGame\BuddahGo\Assets\Scenes\Cockpit\Scripts\Skybox3D.cs", "C#", 0, -112, 0, 0, 0, 0, 0, -7, -44, -163
"c:\Users\dwh88\Perforce\dengw3_Liyuu_1160\GSAS-2540-01-F24\users\dengw3\dengw3_2DplatformGame\BuddahGo\Assets\Scenes\Cockpit\Scripts\SpeedParticles.cs", "C#", 0, -24, 0, 0, 0, 0, 0, -2, -11, -37
"c:\Users\dwh88\Perforce\dengw3_Liyuu_1160\GSAS-2540-01-F24\users\dengw3\dengw3_2DplatformGame\BuddahGo\Assets\Scenes\Cockpit\Scripts\SplineFollower.cs", "C#", 0, -75, 0, 0, 0, 0, 0, -15, -34, -124
"c:\Users\dwh88\Perforce\dengw3_Liyuu_1160\GSAS-2540-01-F24\users\dengw3\dengw3_2DplatformGame\BuddahGo\Assets\Scenes\Cockpit\Scripts\TimelineLooper.cs", "C#", 0, -22, 0, 0, 0, 0, 0, 0, -6, -28
"c:\Users\dwh88\Perforce\dengw3_Liyuu_1160\GSAS-2540-01-F24\users\dengw3\dengw3_2DplatformGame\BuddahGo\Assets\Scenes\Cockpit\Scripts\TrailRendererClear.cs", "C#", 0, -14, 0, 0, 0, 0, 0, 0, -4, -18
"c:\Users\dwh88\Perforce\dengw3_Liyuu_1160\GSAS-2540-01-F24\users\dengw3\dengw3_2DplatformGame\BuddahGo\Assets\Scenes\Cockpit\Scripts\TransformContraint.cs", "C#", 0, -74, 0, 0, 0, 0, 0, -18, -14, -106
"c:\Users\dwh88\Perforce\dengw3_Liyuu_1160\GSAS-2540-01-F24\users\dengw3\dengw3_2DplatformGame\BuddahGo\Assets\Scenes\Cockpit\Scripts\Wobble.cs", "C#", 0, -55, 0, 0, 0, 0, 0, 0, -16, -71
"c:\Users\dwh88\Perforce\dengw3_Liyuu_1160\GSAS-2540-01-F24\users\dengw3\dengw3_2DplatformGame\BuddahGo\Assets\Scenes\Cockpit\Scripts\WormLazerBeam.cs", "C#", 0, -41, 0, 0, 0, 0, 0, 0, -12, -53
"c:\Users\dwh88\Perforce\dengw3_Liyuu_1160\GSAS-2540-01-F24\users\dengw3\dengw3_2DplatformGame\BuddahGo\Assets\Scenes\Cockpit\Scripts\WormSplineFollower.cs", "C#", 0, -66, 0, 0, 0, 0, 0, -2, -15, -83
"c:\Users\dwh88\Perforce\dengw3_Liyuu_1160\GSAS-2540-01-F24\users\dengw3\dengw3_2DplatformGame\BuddahGo\Assets\Scenes\Cockpit\Shaders\ToonLighting.hlsl", "UnityShader", 0, 0, 0, -40, 0, 0, 0, -1, -13, -54
"c:\Users\dwh88\Perforce\dengw3_Liyuu_1160\GSAS-2540-01-F24\users\dengw3\dengw3_2DplatformGame\BuddahGo\Assets\Scenes\Garden\Scripts\Runtime\DynamicLightController.cs", "C#", 0, -108, 0, 0, 0, 0, 0, -1, -27, -136
"c:\Users\dwh88\Perforce\dengw3_Liyuu_1160\GSAS-2540-01-F24\users\dengw3\dengw3_2DplatformGame\BuddahGo\Assets\Scenes\Garden\Scripts\Runtime\LightFlicker.cs", "C#", 0, -52, 0, 0, 0, 0, 0, 0, -19, -71
"c:\Users\dwh88\Perforce\dengw3_Liyuu_1160\GSAS-2540-01-F24\users\dengw3\dengw3_2DplatformGame\BuddahGo\Assets\Scenes\Garden\Scripts\Runtime\WashiLightController.cs", "C#", 0, -165, 0, 0, 0, 0, 0, 0, -33, -198
"c:\Users\dwh88\Perforce\dengw3_Liyuu_1160\GSAS-2540-01-F24\users\dengw3\dengw3_2DplatformGame\BuddahGo\Assets\Scenes\Oasis\Scripts\Runtime\HDRFogOverride.cs", "C#", 0, -27, 0, 0, 0, 0, 0, -7, -6, -40
"c:\Users\dwh88\Perforce\dengw3_Liyuu_1160\GSAS-2540-01-F24\users\dengw3\dengw3_2DplatformGame\BuddahGo\Assets\Scenes\Oasis\Scripts\Runtime\OasisFog.cs", "C#", 0, -27, 0, 0, 0, 0, 0, 0, -7, -34
"c:\Users\dwh88\Perforce\dengw3_Liyuu_1160\GSAS-2540-01-F24\users\dengw3\dengw3_2DplatformGame\BuddahGo\Assets\Scenes\Oasis\Scripts\Runtime\OasisFogVolumeComponent.cs", "C#", 0, -14, 0, 0, 0, 0, 0, 0, -2, -16
"c:\Users\dwh88\Perforce\dengw3_Liyuu_1160\GSAS-2540-01-F24\users\dengw3\dengw3_2DplatformGame\BuddahGo\Assets\Scenes\Terminal\Scripts\Runtime\TopFoldout.cs", "C#", 0, -28, 0, 0, 0, 0, 0, -3, -6, -37
"c:\Users\dwh88\Perforce\dengw3_Liyuu_1160\GSAS-2540-01-F24\users\dengw3\dengw3_2DplatformGame\BuddahGo\Assets\SharedAssets\Benchmark\BenchmarkShortcutManager.cs", "C#", 0, -91, 0, 0, 0, 0, 0, -1, -14, -106
"c:\Users\dwh88\Perforce\dengw3_Liyuu_1160\GSAS-2540-01-F24\users\dengw3\dengw3_2DplatformGame\BuddahGo\Assets\SharedAssets\Benchmark\Editor\PerformanceTestEditor.cs", "C#", 0, -24, 0, 0, 0, 0, 0, -1, -4, -29
"c:\Users\dwh88\Perforce\dengw3_Liyuu_1160\GSAS-2540-01-F24\users\dengw3\dengw3_2DplatformGame\BuddahGo\Assets\SharedAssets\Benchmark\FrameData.cs", "C#", 0, -237, 0, 0, 0, 0, 0, -3, -47, -287
"c:\Users\dwh88\Perforce\dengw3_Liyuu_1160\GSAS-2540-01-F24\users\dengw3\dengw3_2DplatformGame\BuddahGo\Assets\SharedAssets\Benchmark\PerformanceTest.cs", "C#", 0, -273, 0, 0, 0, 0, 0, -9, -65, -347
"c:\Users\dwh88\Perforce\dengw3_Liyuu_1160\GSAS-2540-01-F24\users\dengw3\dengw3_2DplatformGame\BuddahGo\Assets\SharedAssets\Benchmark\PerformanceTestStage.cs", "C#", 0, -422, 0, 0, 0, 0, 0, -18, -100, -540
"c:\Users\dwh88\Perforce\dengw3_Liyuu_1160\GSAS-2540-01-F24\users\dengw3\dengw3_2DplatformGame\BuddahGo\Assets\SharedAssets\Benchmark\PerformanceTestUtilities.cs", "C#", 0, -15, 0, 0, 0, 0, 0, 0, -1, -16
"c:\Users\dwh88\Perforce\dengw3_Liyuu_1160\GSAS-2540-01-F24\users\dengw3\dengw3_2DplatformGame\BuddahGo\Assets\SharedAssets\Benchmark\StatsGraphVE.cs", "C#", 0, -108, 0, 0, 0, 0, 0, 0, -25, -133
"c:\Users\dwh88\Perforce\dengw3_Liyuu_1160\GSAS-2540-01-F24\users\dengw3\dengw3_2DplatformGame\BuddahGo\Assets\SharedAssets\FirstPersonController\InputSystem\FirstPersonInputs.cs", "C#", 0, -120, 0, 0, 0, 0, 0, 0, -28, -148
"c:\Users\dwh88\Perforce\dengw3_Liyuu_1160\GSAS-2540-01-F24\users\dengw3\dengw3_2DplatformGame\BuddahGo\Assets\SharedAssets\FirstPersonController\Mobile\Scripts\CanvasInputs\UICanvasControllerInput.cs", "C#", 0, -34, 0, 0, 0, 0, 0, 0, -12, -46
"c:\Users\dwh88\Perforce\dengw3_Liyuu_1160\GSAS-2540-01-F24\users\dengw3\dengw3_2DplatformGame\BuddahGo\Assets\SharedAssets\FirstPersonController\Mobile\Scripts\Utilities\MobileDisableAutoSwitchControls.cs", "C#", 0, -19, 0, 0, 0, 0, 0, -8, -9, -36
"c:\Users\dwh88\Perforce\dengw3_Liyuu_1160\GSAS-2540-01-F24\users\dengw3\dengw3_2DplatformGame\BuddahGo\Assets\SharedAssets\FirstPersonController\Mobile\Scripts\VirtualInputs\UIVirtualButton.cs", "C#", 0, -33, 0, 0, 0, 0, 0, 0, -9, -42
"c:\Users\dwh88\Perforce\dengw3_Liyuu_1160\GSAS-2540-01-F24\users\dengw3\dengw3_2DplatformGame\BuddahGo\Assets\SharedAssets\FirstPersonController\Mobile\Scripts\VirtualInputs\UIVirtualJoystick.cs", "C#", 0, -87, 0, 0, 0, 0, 0, 0, -26, -113
"c:\Users\dwh88\Perforce\dengw3_Liyuu_1160\GSAS-2540-01-F24\users\dengw3\dengw3_2DplatformGame\BuddahGo\Assets\SharedAssets\FirstPersonController\Mobile\Scripts\VirtualInputs\UIVirtualTouchZone.cs", "C#", 0, -95, 0, 0, 0, 0, 0, -1, -30, -126
"c:\Users\dwh88\Perforce\dengw3_Liyuu_1160\GSAS-2540-01-F24\users\dengw3\dengw3_2DplatformGame\BuddahGo\Assets\SharedAssets\FirstPersonController\Mobile\UI\UI_Cirkle_Shader.shader", "UnityShader", 0, 0, 0, -49, 0, 0, 0, -26, -13, -88
"c:\Users\dwh88\Perforce\dengw3_Liyuu_1160\GSAS-2540-01-F24\users\dengw3\dengw3_2DplatformGame\BuddahGo\Assets\SharedAssets\FirstPersonController\Scripts\BasicRigidBodyPush.cs", "C#", 0, -21, 0, 0, 0, 0, 0, -6, -8, -35
"c:\Users\dwh88\Perforce\dengw3_Liyuu_1160\GSAS-2540-01-F24\users\dengw3\dengw3_2DplatformGame\BuddahGo\Assets\SharedAssets\FirstPersonController\Scripts\FirstPersonController.cs", "C#", 0, -192, 0, 0, 0, 0, 0, -35, -45, -272
"c:\Users\dwh88\Perforce\dengw3_Liyuu_1160\GSAS-2540-01-F24\users\dengw3\dengw3_2DplatformGame\BuddahGo\Assets\SharedAssets\Scripts\Editor\DirectionalLightmapperCorrector.cs", "C#", 0, -17, 0, 0, 0, 0, 0, 0, -4, -21
"c:\Users\dwh88\Perforce\dengw3_Liyuu_1160\GSAS-2540-01-F24\users\dengw3\dengw3_2DplatformGame\BuddahGo\Assets\SharedAssets\Scripts\Editor\GradientTexture.cs", "C#", 0, -79, 0, 0, 0, 0, 0, -7, -18, -104
"c:\Users\dwh88\Perforce\dengw3_Liyuu_1160\GSAS-2540-01-F24\users\dengw3\dengw3_2DplatformGame\BuddahGo\Assets\SharedAssets\Scripts\Editor\HeightMapRenderer.cs", "C#", 0, -95, 0, 0, 0, 0, 0, 0, -23, -118
"c:\Users\dwh88\Perforce\dengw3_Liyuu_1160\GSAS-2540-01-F24\users\dengw3\dengw3_2DplatformGame\BuddahGo\Assets\SharedAssets\Scripts\Editor\LodLightmapCopy.cs", "C#", 0, -76, 0, 0, 0, 0, 0, -2, -19, -97
"c:\Users\dwh88\Perforce\dengw3_Liyuu_1160\GSAS-2540-01-F24\users\dengw3\dengw3_2DplatformGame\BuddahGo\Assets\SharedAssets\Scripts\Editor\NamingConvention.cs", "C#", 0, -237, 0, 0, 0, 0, 0, -40, -46, -323
"c:\Users\dwh88\Perforce\dengw3_Liyuu_1160\GSAS-2540-01-F24\users\dengw3\dengw3_2DplatformGame\BuddahGo\Assets\SharedAssets\Scripts\Editor\PrefabReplacer.cs", "C#", 0, -55, 0, 0, 0, 0, 0, -7, -14, -76
"c:\Users\dwh88\Perforce\dengw3_Liyuu_1160\GSAS-2540-01-F24\users\dengw3\dengw3_2DplatformGame\BuddahGo\Assets\SharedAssets\Scripts\Editor\RenameToPrefabName.cs", "C#", 0, -30, 0, 0, 0, 0, 0, -1, -5, -36
"c:\Users\dwh88\Perforce\dengw3_Liyuu_1160\GSAS-2540-01-F24\users\dengw3\dengw3_2DplatformGame\BuddahGo\Assets\SharedAssets\Scripts\Runtime\AsyncShaderCompilationForCamera.cs", "C#", 0, -27, 0, 0, 0, 0, 0, -7, -6, -40
"c:\Users\dwh88\Perforce\dengw3_Liyuu_1160\GSAS-2540-01-F24\users\dengw3\dengw3_2DplatformGame\BuddahGo\Assets\SharedAssets\Scripts\Runtime\DeviceTypeUI.cs", "C#", 0, -11, 0, 0, 0, 0, 0, 0, -2, -13
"c:\Users\dwh88\Perforce\dengw3_Liyuu_1160\GSAS-2540-01-F24\users\dengw3\dengw3_2DplatformGame\BuddahGo\Assets\SharedAssets\Scripts\Runtime\DisableIfTransitionManager.cs", "C#", 0, -13, 0, 0, 0, 0, 0, 0, -2, -15
"c:\Users\dwh88\Perforce\dengw3_Liyuu_1160\GSAS-2540-01-F24\users\dengw3\dengw3_2DplatformGame\BuddahGo\Assets\SharedAssets\Scripts\Runtime\FPSCounter.cs", "C#", 0, -36, 0, 0, 0, 0, 0, -1, -7, -44
"c:\Users\dwh88\Perforce\dengw3_Liyuu_1160\GSAS-2540-01-F24\users\dengw3\dengw3_2DplatformGame\BuddahGo\Assets\SharedAssets\Scripts\Runtime\FullscreenEffect.cs", "C#", 0, -79, 0, 0, 0, 0, 0, -5, -26, -110
"c:\Users\dwh88\Perforce\dengw3_Liyuu_1160\GSAS-2540-01-F24\users\dengw3\dengw3_2DplatformGame\BuddahGo\Assets\SharedAssets\Scripts\Runtime\FullscreenTransition.cs", "C#", 0, -17, 0, 0, 0, 0, 0, 0, -4, -21
"c:\Users\dwh88\Perforce\dengw3_Liyuu_1160\GSAS-2540-01-F24\users\dengw3\dengw3_2DplatformGame\BuddahGo\Assets\SharedAssets\Scripts\Runtime\GlobalVolumeFeature.cs", "C#", 0, -65, 0, 0, 0, 0, 0, -6, -16, -87
"c:\Users\dwh88\Perforce\dengw3_Liyuu_1160\GSAS-2540-01-F24\users\dengw3\dengw3_2DplatformGame\BuddahGo\Assets\SharedAssets\Scripts\Runtime\LoadingBar.cs", "C#", 0, -96, 0, 0, 0, 0, 0, -4, -28, -128
"c:\Users\dwh88\Perforce\dengw3_Liyuu_1160\GSAS-2540-01-F24\users\dengw3\dengw3_2DplatformGame\BuddahGo\Assets\SharedAssets\Scripts\Runtime\MediaSceneLoader.cs", "C#", 0, -48, 0, 0, 0, 0, 0, -3, -13, -64
"c:\Users\dwh88\Perforce\dengw3_Liyuu_1160\GSAS-2540-01-F24\users\dengw3\dengw3_2DplatformGame\BuddahGo\Assets\SharedAssets\Scripts\Runtime\MemoryCounter.cs", "C#", 0, -18, 0, 0, 0, 0, 0, -1, -3, -22
"c:\Users\dwh88\Perforce\dengw3_Liyuu_1160\GSAS-2540-01-F24\users\dengw3\dengw3_2DplatformGame\BuddahGo\Assets\SharedAssets\Scripts\Runtime\OffsetCamera.cs", "C#", 0, -30, 0, 0, 0, 0, 0, 0, -10, -40
"c:\Users\dwh88\Perforce\dengw3_Liyuu_1160\GSAS-2540-01-F24\users\dengw3\dengw3_2DplatformGame\BuddahGo\Assets\SharedAssets\Scripts\Runtime\PlayerManager.cs", "C#", 0, -115, 0, 0, 0, 0, 0, -3, -22, -140
"c:\Users\dwh88\Perforce\dengw3_Liyuu_1160\GSAS-2540-01-F24\users\dengw3\dengw3_2DplatformGame\BuddahGo\Assets\SharedAssets\Scripts\Runtime\SceneLoader.cs", "C#", 0, -75, 0, 0, 0, 0, 0, -5, -20, -100
"c:\Users\dwh88\Perforce\dengw3_Liyuu_1160\GSAS-2540-01-F24\users\dengw3\dengw3_2DplatformGame\BuddahGo\Assets\SharedAssets\Scripts\Runtime\SceneMetaData.cs", "C#", 0, -45, 0, 0, 0, 0, 0, -8, -6, -59
"c:\Users\dwh88\Perforce\dengw3_Liyuu_1160\GSAS-2540-01-F24\users\dengw3\dengw3_2DplatformGame\BuddahGo\Assets\SharedAssets\Scripts\Runtime\SceneTransitionManager.cs", "C#", 0, -449, 0, 0, 0, 0, 0, -39, -138, -626
"c:\Users\dwh88\Perforce\dengw3_Liyuu_1160\GSAS-2540-01-F24\users\dengw3\dengw3_2DplatformGame\BuddahGo\Assets\SharedAssets\Scripts\Runtime\ScreenCamera.cs", "C#", 0, -16, 0, 0, 0, 0, 0, 0, -4, -20
"c:\Users\dwh88\Perforce\dengw3_Liyuu_1160\GSAS-2540-01-F24\users\dengw3\dengw3_2DplatformGame\BuddahGo\Assets\SharedAssets\Scripts\Runtime\ScreenController.cs", "C#", 0, -50, 0, 0, 0, 0, 0, -1, -10, -61
"c:\Users\dwh88\Perforce\dengw3_Liyuu_1160\GSAS-2540-01-F24\users\dengw3\dengw3_2DplatformGame\BuddahGo\Assets\SharedAssets\Shaders\HLSL\StencilOnly.shader", "UnityShader", 0, 0, 0, -18, 0, 0, 0, 0, -5, -23
"c:\Users\dwh88\Perforce\dengw3_Liyuu_1160\GSAS-2540-01-F24\users\dengw3\dengw3_2DplatformGame\BuddahGo\Assets\SharedAssets\Shaders\HLSL\Water.hlsl", "UnityShader", 0, 0, 0, -131, 0, 0, 0, -36, -44, -211
"c:\Users\dwh88\Perforce\dengw3_Liyuu_1160\GSAS-2540-01-F24\users\dengw3\dengw3_2DplatformGame\BuddahGo\CONTRIBUTING.md", "Markdown", 0, 0, -51, 0, 0, 0, 0, 0, -23, -74
"c:\Users\dwh88\Perforce\dengw3_Liyuu_1160\GSAS-2540-01-F24\users\dengw3\dengw3_2DplatformGame\BuddahGo\Docs\multiplayer-framework-integration.md", "Markdown", 0, 0, -72, 0, 0, 0, 0, 0, -32, -104
"c:\Users\dwh88\Perforce\dengw3_Liyuu_1160\GSAS-2540-01-F24\users\dengw3\dengw3_2DplatformGame\BuddahGo\Packages\manifest.json", "JSON", -50, 0, 0, 0, 0, 0, 0, 0, -1, -51
"c:\Users\dwh88\Perforce\dengw3_Liyuu_1160\GSAS-2540-01-F24\users\dengw3\dengw3_2DplatformGame\BuddahGo\Packages\packages-lock.json", "JSON", -452, 0, 0, 0, 0, 0, 0, 0, -1, -453
"c:\Users\dwh88\Perforce\dengw3_Liyuu_1160\GSAS-2540-01-F24\users\dengw3\dengw3_2DplatformGame\BuddahGo\README.md", "Markdown", 0, 0, -217, 0, 0, 0, 0, 0, -95, -312
"Total", "-", -1269, -191061, -618, -4804, -26, -85, -93, -54294, -34427, -286677