plan_time,braking,recovery,theta,curvature_term,position_term,damping_term,raw_lateral,requested_a_lat,planner_lateral,cross_speed,pre_speed,planner_progress,segment,planner_segment,phi,omega,key,curvature_abs_share,position_abs_share,damping_abs_share,cancellation_fraction
0.3833334,True,False,120,17.9346161,-0.229241222,-4.31207371,22.4759312,22.47593,-0.7641374,-4.31207371,68.7225647,24.7253876,12,12,99.91003,1.828314,1,0.7979476389416605,0.010199409389253728,0.19185295166908573,0.0
0.4,True,False,120,18.3748837,-0.2502012,-4.1918,22.816885,22.81688,-0.8340039,-4.1918,69.08133,25.8648529,13,12,98.20763,1.907013,1,0.8053195596389234,0.01096561608197445,0.18371482427910216,0.0
0.4166667,True,False,120,18.8223515,-0.272863746,-4.594824,23.6900387,23.69004,-0.9095458,-4.594824,69.43569,27.0136261,14,13,96.43904,1.985647,1,0.7945259737456157,0.011518079103481113,0.19395594715090328,0.0
0.4333334,True,False,120,19.2754631,-0.2955457,-5.00050545,24.5715141,24.57151,-0.9851523,-5.00050545,69.78512,28.1683674,14,14,94.60453,2.064215,1,0.7844637861502572,0.012027980733828809,0.2035082331159139,0.0
0.45,True,False,120,19.7380848,-0.319779724,-4.846986,24.90485,24.90485,-1.06593239,-4.846986,70.12906,29.3360481,15,14,92.70432,2.142718,1,0.7925397817978889,0.012840057951435549,0.19462016025067552,0.0
0.4666667,True,False,120,20.2056026,-0.3444177,-5.24579525,25.7958164,25,-1.14805889,-5.24579525,70.46689,30.5009136,15,15,90.73858,2.221156,1,0.7832899316881647,0.0133516887393002,0.20335837957253494,0.0
0.4833333,True,False,120,20.6827011,-0.3697468,-5.067412,26.11986,25,-1.23248935,-5.067412,70.79797,31.6808758,16,15,88.70742,2.299528,1,0.7918381330981028,0.014155772711476142,0.19400609419042097,0.0
0.5,True,False,120,21.1604347,-0.3962715,-5.46126,27.0179653,25,-1.320905,-5.46126,71.12166,32.8538971,17,16,86.61102,2.377834,1,0.7831986517179076,0.014666962608014514,0.20213438567407788,0.0
0.5166667,True,False,120,21.6404057,-0.42266956,-5.86167431,27.92475,25,-1.40889847,-5.86167431,71.43722,34.0297546,17,17,84.44946,2.456076,1,0.7749543338160724,0.015136019713998819,0.20990964646992896,0.0
0.5333334,True,False,120,22.1277733,-0.4509026,-5.64547729,28.2241535,25,-1.5030086,-5.64547729,71.7439346,35.21263,18,17,82.22282,2.534252,1,0.7840013179860438,0.01597577071540831,0.20002291129854796,0.0
0.55,True,False,120,22.6143417,-0.479033619,-6.039712,29.1330872,25,-1.59677863,-6.039712,72.0410156,36.39007,18,18,79.93112,2.612363,1,0.7762425400500342,0.01644294041873084,0.207314519531235,0.0
0.5666667,True,False,120,23.1077118,-0.5080141,-5.79655838,29.4122849,25,-1.69338024,-5.79655838,72.32768,37.5918121,19,18,77.57431,2.690409,1,0.7856483223138492,0.017272174278059847,0.19707950340809094,0.0
0.5833334,True,False,120,23.5997238,-0.5378311,-6.178416,30.3159714,25,-1.79277039,-6.178416,72.60309,38.7855,19,19,75.15245,2.76839,0,0.7784584527358813,0.017740850252630374,0.20380069701148845,0.0
0.6,True,False,120,24.0932674,-0.567376,-5.90812349,30.5687675,25,-1.89125335,-5.90812349,72.86639,39.9898949,20,19,72.78969,2.716125,0,0.7881661529461844,0.018560644007711232,0.19327320304610432,0.0
0.6166667,True,False,120,24.5856075,-0.598800063,-6.28374243,31.46815,25,-1.99600017,-6.28374243,73.11737,41.19706,21,20,70.48534,2.663903,0,0.7812854427562154,0.019028766010496374,0.1996857912332883,0.0
0.6333334,True,False,120,25.0722847,-0.629901,-6.66838455,32.37057,25,-2.09967,-6.66838455,73.35587,42.3930054,21,21,68.23875,2.611725,0,0.7745394815835844,0.01945906405525865,0.20600145436115694,0.0
0.65,True,False,120,25.5614281,-0.6617169,-6.363089,32.586235,25,-2.20572281,-6.363089,73.5817947,43.6061325,22,21,66.04922,2.559591,0,0.7844241252303042,0.020306639300509532,0.19526923546918615,0.0
0.6666667,True,False,120,26.04289,-0.694311559,-6.74565125,33.4828529,25,-2.31437182,-6.74565125,73.79507,44.8069267,23,22,63.91621,2.507499,1,0.7777978223229479,0.02073633220444624,0.20146584547260582,0.0
0.6833334,True,False,120,26.5207787,-0.7265133,-7.13154268,34.3788338,25,-2.421711,-7.13154268,73.99567,46.01185,23,23,61.71472,2.585633,0,0.7714275061053348,0.02113257493345612,0.20743991896120892,0.0
0.7,True,False,120,27.0035725,-0.7604995,-6.79685736,34.56093,25,-2.53499818,-6.79685736,74.1828461,47.2478142,24,23,59.56903,2.53352,0,0.7813323599814215,0.022004602135502295,0.19666303788307615,0.0
0.7166667,True,False,120,27.473114,-0.7941916,-7.18240452,35.44971,25,-2.64730525,-7.18240452,74.35665,48.4590225,24,24,57.47855,2.48145,0,0.7749883964354403,0.02240333129133074,0.20260827227322897,0.0
0.7333333,True,False,120,27.9429512,-0.828337967,-6.83004951,35.6013374,25,-2.76112652,-6.83004951,74.51712,49.6953049,25,24,55.4427,2.429424,0,0.7848848453008411,0.023267045503969828,0.19184810919518896,0.0
0.7500001,True,False,120,28.3958,-0.8635253,-7.22219324,36.4815178,25,-2.87841749,-7.22219324,74.6643753,50.89921,26,25,53.46101,2.377441,0,0.7783612397840718,0.023670212605135705,0.1979685476107925,0.0
0.7666667,True,False,120,28.8405323,-0.8982005,-7.62425661,37.36299,25,-2.99400163,-7.62425661,74.79854,52.1017532,26,26,51.533,2.325501,0,0.7719010913051029,0.024039845691779724,0.20405906300311746,0.0
0.7833334,True,False,120,29.286993,-0.934455037,-7.251115,37.4725647,25,-3.11485,-7.251115,74.91978,53.3443642,27,26,49.65813,2.273605,0,0.7815583089708152,0.024937046235063487,0.1935046447941212,0.0
0.8000001,True,False,120,29.7164974,-0.9706565,-7.65425444,38.3414078,25,-3.23552155,-7.65425444,75.02827,54.5575943,27,27,47.83603,2.221752,0,0.7750497096111624,0.02531614100850214,0.19963414938033547,0.0
0.8166667,True,False,120,30.147625,-1.00700748,-7.26954126,38.4241753,25,-3.35669136,-7.26954126,75.12424,55.8081627,28,27,46.06625,2.169942,0,0.7846004758357623,0.026207654764784018,0.18919186939945373,0.0
0.8333334,True,False,120,30.5561523,-1.04477763,-7.67865324,39.279583,25,-3.482592,-7.67865324,75.20792,57.01996,29,28,44.34847,2.118176,0,0.7779143726590619,0.0265984907599008,0.1954871365810372,0.0
0.85,True,False,120,30.9536457,-1.08206773,-8.104522,40.1402359,25,-3.606892,-8.104522,75.27956,58.2274323,29,29,42.68225,2.066452,0,0.7711376220993927,0.026957184441207444,0.20190519345939967,0.0
0.8666667,True,False,120,31.3479633,-1.12060153,-7.706889,40.1754532,25,-3.73533845,-7.706889,75.33943,59.4667778,30,29,41.06728,2.014772,0,0.7802765199030983,0.027892691262225877,0.1918307888346759,0.0
0.8833334,True,False,120,31.7204018,-1.15949082,-8.140373,41.0202675,25,-3.86496925,-8.140373,75.387825,60.6705971,30,30,39.5033,1.963135,0,0.773286114084407,0.028266292342940706,0.19844759357265224,0.0
0.9,True,False,120,32.09457,-1.19816637,-7.7359004,41.0286369,25,-3.993888,-7.7359004,75.42504,61.9216881,31,30,37.98995,1.91154,0,0.7822480230068828,0.02920317281601945,0.1885488041770977,0.0
0.9166667,True,False,120,32.4411926,-1.23876035,-8.1750145,41.85497,25,-4.129201,-8.1750145,75.45139,63.1299324,32,31,36.52699,1.859989,0,0.7750858399007069,0.029596495361747077,0.19531766473754597,0.0
0.9333334,True,False,120,32.7752075,-1.27887392,-8.62512,42.679203,25,-4.26291275,-8.62512,75.46719,64.33488,32,32,35.11417,1.808481,1,0.7679433168738047,0.02996480434145855,0.20209187878473664,0.0
0.95,True,False,120,33.1062851,-1.31994653,-8.213519,42.63975,25,-4.39982176,-8.213519,75.47277,65.5864,33,32,33.62693,1.887197,0,0.7764183563659832,0.03095577508071369,0.19262586855330302,0.0
0.9666667,True,False,120,33.40844,-1.36184323,-8.677706,43.44799,25,-4.53947735,-8.677706,75.4675751,66.77786,33,33,32.18958,1.835666,0,0.7689294853933566,0.03134421762974646,0.19972629697689698,0.0
0.9833334,True,False,120,33.7027359,-1.403159,-8.262355,43.368248,25,-4.6771965,-8.262355,75.45194,67.98282,34,33,30.80186,1.784178,0,0.7771292587944619,0.03235452210396897,0.19051621910156902,0.0
1,True,False,120,33.9806976,-1.44687152,-8.738382,44.16595,25,-4.822905,-8.738382,75.42622,69.2120361,35,34,29.46357,1.732733,0,0.7693867501613083,0.032759885914577354,0.1978533639241142,0.0
1.016667,True,False,120,34.2364578,-1.49009693,-9.21923351,44.94579,25,-4.96698952,-9.21923351,75.39078,70.40315,35,35,28.17451,1.68133,0,0.7617278312527376,0.03315320496868874,0.20511896377857364,0.0
1.033333,True,False,120,34.49025,-1.534099,-8.80046,44.82481,25,-5.113663,-8.80046,75.34595,71.65274,36,35,26.93453,1.629971,0,0.769445554134988,0.03422432876401102,0.1963301171010009,0.0
1.05,True,False,120,34.708622,-1.57925785,-9.296019,45.5838966,25,-5.26419258,-9.296019,75.2921143,72.82833,37,36,25.74354,1.578654,0,0.7614228461284855,0.03464508060613161,0.20393207326538282,0.0
1.066667,True,False,120,34.91276,-1.62381458,-9.801375,46.33795,25,-5.412715,-9.801375,75.2296448,73.99576,37,37,24.60133,1.527381,0,0.7534377398319055,0.035042866478081226,0.21151939369001316,0.0
1.083333,True,False,120,35.11205,-1.67072117,-9.380904,46.1636734,25,-5.56907034,-9.380904,75.15888,75.24056,38,37,23.50779,1.476149,0,0.7605991046141398,0.03619125132146622,0.2032096440643939,0.0
1.1,True,False,120,35.2819939,-1.71727228,-9.890283,46.88955,25,-5.724241,-9.890283,75.0802155,76.41363,38,38,22.46287,1.424961,0,0.7524489895298243,0.036623774594371133,0.2109272358758046,0.0
1.116667,True,False,120,35.44787,-1.76462042,-9.469489,46.6819763,25,-5.88206768,-9.469489,74.9939957,77.6562042,39,38,21.46641,1.373815,0,0.7593480490849331,0.037800891091691415,0.2028510598233754,0.0
1.133333,True,False,120,35.5795746,-1.81319511,-9.987823,47.3805923,25,-6.04398346,-9.987823,74.9006,78.82088,39,39,20.51838,1.322712,1,0.7509313954295613,0.038268730007197924,0.21079987456324079,0.0
1.15,True,False,120,35.6985435,-1.86102593,-9.56718349,47.1267548,25,-6.20341969,-9.56718349,74.8003845,79.97979,40,39,19.49439,1.401833,0,0.7575005976032351,0.03948979750756824,0.20300960488919678,0.0
1.166667,True,False,120,35.8053322,-1.91165864,-10.0966444,47.8136368,25,-6.37219524,-10.0966444,74.69284,81.20233,41,40,18.5187,1.350706,0,0.7488519126453268,0.039981453625193966,0.21116663372947922,0.0
1.183333,True,False,120,35.88468,-1.9616276,-10.63475,48.48106,25,-6.53875828,-10.63475,74.5783157,82.34381,41,41,17.59121,1.299623,0,0.740179397406545,0.04046173283150489,0.2193588697619501,0.0
1.2,True,False,120,35.958046,-2.01269484,-10.2147217,48.185463,25,-6.70898247,-10.2147217,74.45719,83.57433,42,41,16.71189,1.248581,0,0.7462426239065423,0.04176975240881438,0.21198762368464336,0.0
1.216667,True,False,120,36.000267,-2.06471133,-10.7512169,48.8161964,25,-6.882371,-10.7512169,74.32983,84.71544,42,42,15.88074,1.197582,0,0.7374656470129001,0.04229562177617504,0.22023873121092477,0.0
1.233333,True,False,120,36.0422859,-2.116369,-10.3321295,48.4907837,25,-7.054563,-10.3321295,74.19658,85.94322,43,42,15.09771,1.146626,0,0.743281148077283,0.043644767272521166,0.21307408465019592,0.0
1.25,True,False,120,36.0436859,-2.17044878,-10.8807926,49.09493,25,-7.234829,-10.8807926,74.05782,87.06036,44,43,14.36277,1.095712,0,0.7341631385750776,0.0442092269048779,0.22162763452004444,0.0
1.266667,True,False,120,36.0350227,-2.223734,-11.4321661,49.69092,25,-7.412446,-11.4321661,73.9139,88.17283,44,44,13.6759,1.044841,0,0.7251832058953029,0.044751312205455765,0.2300654818992414,0.0
1.283333,True,False,120,36.01753,-2.27881169,-11.0141153,49.3104553,25,-7.59603834,-11.0141153,73.76517,89.39126,45,44,13.03715,0.994012,1,0.7304237721281763,0.04621355852496227,0.22336266934686141,0.0
1.3,True,False,120,35.9743919,-2.33409739,-11.5631018,49.87159,25,-7.78032446,-11.5631018,73.6119843,90.5041656,45,45,12.3222,1.073407,0,0.7213403686094428,0.04680214404605234,0.23185748734450495,0.0
1.316667,True,False,120,35.92368,-2.389824,-11.1462,49.4597,25,-7.966079,-11.1462,73.45383,91.71583,46,45,11.65524,1.022554,0,0.7263221793644378,0.048318607001772595,0.22535921363378966,0.0
1.333333,True,False,120,35.84528,-2.44705153,-11.6952953,49.9876251,25,-8.156838,-11.6952953,73.29105,92.81764,46,46,11.03634,0.9717435,0,0.7170830518100832,0.04895314471163103,0.23396380347828566,0.0
1.35,True,False,120,35.76217,-2.50344467,-11.27964,49.5452538,25,-8.344815,-11.27964,73.12401,93.97625,47,46,10.46551,0.9209753,0,0.7218081779616776,0.050528444886889505,0.22766337715143287,0.0
1.366667,True,False,120,35.6524658,-2.562591,-11.8357458,50.0508041,25,-8.54197,-11.8357458,72.95305,95.100975,48,47,9.942757,0.8702495,0,0.7123255561939781,0.05119979834249451,0.2364746454635275,0.0
1.383333,True,False,120,35.5328827,-2.62074041,-12.3904123,50.5440369,25,-8.735801,-12.3904123,72.7784958,96.1732,48,48,9.468132,0.819566,0,0.7030084244711873,0.0518506365536752,0.2451409389751375,0.0
1.4,True,False,120,35.3984,-2.68061829,-11.9756346,50.0546532,25,-8.935394,-11.9756346,72.60071,97.36886,49,48,9.041664,0.7689247,0,0.7071949949946003,0.053553828370180113,0.2392511766352197,0.0
1.416667,True,False,120,35.2490044,-2.7405436,-12.5218325,50.51138,25,-9.135145,-12.5218325,72.42001,98.4395752,49,49,8.663429,0.7183256,1,0.6978428237573114,0.054255963168537834,0.2479012130741507,0.0
1.433333,True,False,120,35.08855,-2.80108166,-12.1078768,49.99751,25,-9.336939,-12.1078768,72.2367554,99.62851,50,49,8.209129,0.79795,0,0.7018059715530073,0.0560244249419144,0.24216960350507835,0.0
1.45,True,False,120,34.91062,-2.862708,-12.6571951,50.4305267,25,-9.54236,-12.6571951,72.050415,100.678406,50,50,7.803017,0.7473267,0,0.6922517922484132,0.056765383819705015,0.2509828239318818,0.0
1.466667,True,False,120,34.72388,-2.92392588,-12.2441835,49.89199,25,-9.746419,-12.2441835,71.8613358,101.847916,51,50,7.445121,0.6967456,0,0.6959810669309495,0.05860511710066431,0.24541381596838624,0.0
1.483333,True,False,120,34.5120659,-2.98707581,-12.7864571,50.2856,25,-9.956919,-12.7864571,71.66985,102.891884,51,51,7.135506,0.6462066,0,0.6863210683917875,0.059402212177812976,0.2542767194303995,0.0
1.5,True,False,120,34.2946968,-3.04895,-12.3741465,49.7177925,25,-10.163166,-12.3741465,71.47629,103.973724,52,51,6.874275,0.5957097,0,0.6897871873166985,0.06132512723568526,0.24888768544761622,0.0
1.516667,True,False,120,33.79755,-3.11358857,-12.9074183,49.8185577,25,-10.3786278,-12.9074183,71.28097,105.100746,53,52,6.661461,0.5452549,1,0.678412867080708,0.06249857012367529,0.25908856279561676,0.0
1.533333,True,False,120,33.2809525,-3.176964,-13.4324093,49.8903275,25,-10.58988,-13.4324093,71.08423,106.127029,53,53,6.372841,0.6250236,0,0.6670822843173335,0.06367895877721448,0.269238756905452,0.0
1.55,True,False,120,32.4061279,-3.242065,-13.0199881,48.6681824,25,-10.8068829,-13.0199881,70.88557,107.289925,54,53,6.132591,0.5745444,0,0.6658586212622165,0.066615701129245,0.26752567760853857,0.0
1.566667,True,False,120,31.5300274,-3.30673671,-13.5434656,48.38023,25,-11.0224552,-13.5434656,70.6853,108.298904,54,54,5.940819,0.5241073,0,0.6517130569448881,0.06834892537346739,0.27993801768164445,0.0
1.583333,True,False,120,30.3356667,-3.372397,-13.1314068,46.83947,25,-11.2413225,-13.1314068,70.48376,109.443108,55,54,5.797615,0.4737122,1,0.6476517854743895,0.0719990419191438,0.2803491726064666,0.0
1.6,True,False,120,29.1544476,-3.4381752,-13.6427755,46.2353973,25,-11.4605837,-13.6427755,70.2812653,110.437958,55,55,5.578697,0.5535404,0,0.6305655119661855,0.07436240037754795,0.29507208765626664,0.0
1.616667,True,False,120,27.6603775,-3.50433326,-13.2309856,44.3956947,25,-11.68111,-13.2309856,70.0773239,111.586273,56,55,5.408287,0.5031208,0,0.6230418659436024,0.0789340757622931,0.29802405829410444,0.0
1.633333,True,False,120,26.2030621,-3.57113624,-13.729454,43.50365,25,-11.9037867,-13.729454,69.87225,112.575195,56,56,5.286507,0.4527432,0,0.6023186718947561,0.08208819370130153,0.3155931344039423,0.0
1.65,True,False,120,24.44273,-3.6377244,-13.3178482,41.398304,25,-12.1257477,-13.3178482,69.66638,113.717606,57,56,5.213371,0.4024075,1,0.5904283138410608,0.08787134185545085,0.32170034430348843,0.0
1.666667,True,False,120,22.7788143,-3.705389,-13.7904062,40.27461,25,-12.3512964,-13.7904062,69.46002,114.689857,57,57,5.064705,0.4822952,0,0.5655874652242129,0.09200310185502854,0.3424094329207587,0.0
1.683333,True,False,120,20.8330879,-3.77227974,-13.3789063,37.9842758,25,-12.5742655,-13.3789063,69.25269,115.813156,58,57,4.964684,0.431935,0,0.5484661345089278,0.09931161895995953,0.3522222465311128,0.0
1.7,True,False,120,19.22398,-3.83896542,-13.417326,36.48027,25,-12.7965508,-13.417326,69.0447,116.860588,58,58,4.913429,0.3816167,1,0.5269692151868315,0.10523401473091343,0.36779677008225503,0.0
1.716667,True,False,120,17.5814362,-3.904,-13.0066481,34.4920845,25,-13.0133333,-13.0066481,68.83637,117.970184,59,58,4.786644,0.4615217,0,0.509723797700448,0.11318538961126219,0.3770908126882897,0.0
1.733333,True,False,120,16.3858624,-3.96840739,-12.8828688,33.2371368,25,-13.2280245,-12.8828688,68.62721,119.0596,60,59,4.708595,0.4111787,0,0.492998588179609,0.11939678198393311,0.3876046298364579,0.0
1.75,True,False,120,15.28529,-4.03103256,-12.7862091,32.10253,25,-13.4367752,-12.7862091,68.41754,120.118782,60,60,4.679283,0.3608777,0,0.4761397064221446,0.12556743507624035,0.3982928585016152,0.0
1.766667,True,False,120,14.4705648,-4.0929184,-12.37697,30.9404526,25,-13.6430607,-12.37697,68.20768,121.2397,61,60,4.698921,0.3106186,1,0.46769078353383653,0.13228372491971127,0.40002549154645217,0.0
1.783333,True,False,120,13.8191748,-4.153291,-12.3017082,30.2741737,25,-13.8443031,-12.3017082,67.99795,122.288536,61,61,4.643181,0.3905828,1,0.45646744317450244,0.13718924255373574,0.4063433142717618,0.0
1.8,True,False,120,13.400898,-4.21275473,-11.8933744,29.5070267,25,-14.0425148,-11.8933744,67.78785,123.401619,62,61,4.512001,0.4704803,0,0.4541595444691619,0.14277123586323148,0.4030692196676067,0.0
1.816667,True,False,120,13.1589727,-4.271005,-11.8449945,29.2749729,25,-14.2366829,-11.8449945,67.5769,124.431076,62,62,4.429573,0.4201299,0,0.4494956514424973,0.14589270899461348,0.40461163956288915,0.0
1.833333,True,False,120,13.1001749,-4.328191,-11.4378786,28.8662453,25,-14.4273014,-11.4378786,67.3654,125.527817,63,62,4.395927,0.3698215,0,0.4538233194830731,0.1499395253857841,0.3962371551311429,0.0
1.85,True,False,120,13.2053776,-4.38441563,-11.4114628,29.001255,25,-14.6147184,-11.4114628,67.1536942,126.544769,63,63,4.411247,0.3195549,0,0.45533812695353115,0.1511801980391675,0.3934816750073014,0.0
1.866667,True,False,120,13.46038,-4.43943644,-11.0051746,28.9049911,25,-14.7981205,-11.0051746,66.9420853,127.646545,64,63,4.475517,0.2693303,1,0.4656766709034067,0.15358719308566854,0.3807361360109247,0.0
1.883333,True,False,120,13.7387066,-4.493759,-10.9977093,29.230175,25,-14.9791965,-10.9977093,66.7309,128.6557,64,64,4.464607,0.3493289,1,0.47001794026213645,0.15373698636336247,0.3762450733745011,0.0
1.9,True,False,120,14.0718422,-4.54672337,-10.5920744,29.21064,25,-15.1557446,-10.5920744,66.51965,129.752243,65,64,4.378349,0.4292608,0,0.4817368676089297,0.1556529872221077,0.3626101451689625,0.0
1.916667,True,False,120,14.35887,-4.599247,-10.6063261,29.5644417,25,-15.330822,-10.6063261,66.30784,130.747589,65,65,4.34095,0.3789447,0,0.48568038137677616,0.15556684035763216,0.3587527782655916,0.0
1.933333,True,False,120,14.6760721,-4.65025949,-10.2016783,29.52801,25,-15.500864,-10.2016783,66.09578,131.837372,66,65,4.352531,0.3286706,0,0.4970220531174443,0.15748638351597355,0.34549156336658216,0.0
1.95,True,False,120,14.9476585,-4.70106649,-10.23581,29.8845348,25,-15.67022,-10.23581,65.8838043,132.81955,66,66,4.413124,0.2784384,1,0.5001803944749953,0.1573076673795686,0.3425119381454361,0.0
1.966667,True,False,120,15.2526531,-4.75022364,-9.831717,29.8345928,25,-15.8340788,-9.831717,65.672226,133.903717,67,66,4.398567,0.3584293,1,0.5112405160573842,0.15921864669574015,0.32954083724687583,0.0
1.983333,True,False,120,15.5112782,-4.79940557,-9.886342,30.1970253,25,-15.9980173,-9.886342,65.46056,134.871475,67,67,4.308693,0.4383537,0,0.5136690718530985,0.1589363669970468,0.3273945611498546,0.0
2,True,False,120,15.8055363,-4.846818,-9.48314,30.1354942,25,-16.15606,-9.48314,65.24831,135.948746,68,67,4.267677,0.38803,0,0.5244823974896606,0.1608341961060848,0.3146834064042547,0.0
2.016667,True,False,120,16.0472927,-4.894456,-9.560759,30.5025063,25,-16.3148518,-9.560759,65.03579,136.892059,68,68,4.275673,0.3377483,0,0.5260974886992653,0.1604607741808717,0.3134417371198631,0.0
2.033334,True,False,120,16.3272438,-4.940244,-9.158257,30.425745,25,-16.46748,-9.158257,64.82332,137.95195,69,68,4.332741,0.2875085,1,0.5366259365982718,0.16237051985001857,0.30100354355170955,0.0
2.05,True,False,120,16.5589428,-4.986341,-9.25531,30.8005943,25,-16.6211357,-9.25531,64.61124,138.890335,69,69,4.31469,0.367492,1,0.5376176481376798,0.161891067178062,0.30049128468425823,0.0
2.066667,True,False,120,16.8316383,-5.030599,-8.853321,30.715559,25,-16.7686634,-8.853321,64.39903,139.954742,70,69,4.221336,0.4474087,0,0.5479841237331506,0.16378015827893969,0.2882357179879097,0.0
2.083333,True,False,120,17.0541115,-5.07524824,-8.967131,31.09649,25,-16.9174938,-8.967131,64.1862259,140.8801,70,70,4.176918,0.3970776,0,0.548425597042144,0.16320967798053215,0.2883647249773239,0.0
2.1,True,False,120,17.3201675,-5.11807632,-8.566014,31.0042572,25,-17.0602531,-8.566014,63.9731255,141.938766,71,70,4.181526,0.3467883,0,0.5586383522081033,0.1650765630228526,0.2762850847690441,0.0
2.116667,True,False,120,17.5309,-5.16132069,-8.699264,31.3914833,25,-17.204401,-8.699264,63.7600632,142.848526,71,71,4.235191,0.296541,0,0.5584603650678747,0.16441785856800137,0.27712177636412394,0.0
2.133333,True,False,120,17.7882729,-5.20281172,-8.298549,31.2896328,25,-17.3427048,-8.298549,63.5473557,143.899734,72,71,4.338097,0.2463355,1,0.5685037132755024,0.16627908729089172,0.2652171994336059,0.0
2.15,True,False,120,17.9900322,-5.244695,-8.4502,31.684927,25,-17.482317,-8.4502,63.3353271,144.795334,72,72,4.36602,0.3263533,1,0.5677788712104095,0.16552649677541312,0.26669463201417737,0.0
2.166667,True,False,120,18.2416229,-5.28494024,-8.049683,31.5762463,25,-17.6164665,-8.049683,63.12349,145.840942,73,72,4.318871,0.4063043,0,0.5777008077249551,0.16737075764383436,0.2549284346312104,0.0
2.183333,True,False,120,18.4310665,-5.325502,-8.22462,31.9811878,25,-17.7516727,-8.22462,62.9113426,146.711151,73,73,4.320732,0.3560074,0,0.5763096171363362,0.16651982774186144,0.2571705551218023,0.0
2.2,True,False,120,18.6732769,-5.36462641,-7.824644,31.8625469,25,-17.8820877,-7.824644,62.69921,147.737762,74,73,4.371727,0.3057523,0,0.586057251428213,0.16836778170326394,0.24557496686852312,0.0
2.216667,True,False,120,18.8578987,-5.4038105,-8.016983,32.2786942,25,-18.012701,-8.016983,62.48742,148.599152,74,74,4.472008,0.2555392,1,0.5842212746153329,0.16741107311652487,0.24836765226814242,0.0
2.233333,True,False,120,19.1025734,-5.441897,-7.61706543,32.1615372,25,-18.1396561,-7.61706543,62.2762871,149.631454,75,74,4.497276,0.3355493,1,0.5939571263316749,0.16920513462929357,0.23683773903903144,0.0
2.25,True,False,120,19.2782688,-5.479779,-7.827214,32.5852623,25,-18.2659283,-7.827214,62.0653267,150.479492,75,75,4.447517,0.4154927,0,0.5916254077786787,0.1681674075118218,0.24020718470949956,0.0
2.266667,True,False,120,19.5141754,-5.516917,-7.427708,32.4588,25,-18.3897228,-7.427708,61.8540459,151.503952,76,75,4.446846,0.3651881,0,0.6011982932061777,0.16996675576464004,0.2288349510291822,0.0
2.283334,True,False,120,19.67794,-5.553511,-7.66016674,32.8916168,25,-18.5117035,-7.66016674,61.642765,152.331009,76,76,4.495338,0.3149254,1,0.5982661040131618,0.16884274418786918,0.23289115179896894,0.0
2.3,True,False,120,19.9066887,-5.589826,-7.2608614,32.7573776,25,-18.6327534,-7.2608614,61.43181,153.3388,77,76,4.468788,0.394886,0,0.6077009538013638,0.17064327688932326,0.22165576930931288,0.0
2.316667,True,False,120,20.0606918,-5.625053,-7.51154327,33.19729,25,-18.7501755,-7.51154327,61.2206764,154.1473,77,77,4.491417,0.3445986,0,0.6042870657898292,0.16944314813122627,0.2262697860789446,0.0
2.333333,True,False,120,20.2886448,-5.66061354,-7.112505,33.0617638,25,-18.8687115,-7.112505,61.009697,155.158234,77,77,4.563316,0.294353,1,0.6136588841725101,0.17121329802610583,0.2151278178013841,0.0
2.35,True,False,120,20.4373474,-5.694187,-6.714322,32.8458557,25,-18.9806232,-6.714322,60.7991943,155.960587,78,77,4.560234,0.3743308,1,0.622219958314133,0.17336089309578787,0.20441914859007906,0.0
2.366667,True,False,120,20.6608315,-5.72942638,-6.980901,33.37116,25,-19.0980873,-6.980901,60.58868,156.962173,78,78,4.482094,0.4542418,0,0.619122385719198,0.17168796566527866,0.20918964861552328,0.0
2.383333,True,False,120,20.8780537,-5.762346,-6.583138,33.2235374,25,-19.207819,-6.583138,60.377655,157.960083,79,78,4.453011,0.403905,0,0.6284115162124952,0.1734416741538033,0.19814680963370135,0.0
2.4,True,False,120,21.0194435,-5.79632759,-6.86856937,33.68434,25,-19.32109,-6.86856937,60.1664429,158.742615,79,79,4.473106,0.35361,0,0.6240123218372197,0.1720778115540992,0.2039098666086811,0.0
2.416667,True,False,120,21.2346764,-5.828684,-6.47100925,33.53437,25,-19.4289455,-6.47100925,59.9553642,159.737137,80,79,4.542564,0.303357,1,0.6332212778002821,0.17381224280743263,0.1929664793922852,0.0
2.433333,True,False,120,21.3622017,-5.861385,-6.779965,34.00355,25,-19.5379486,-6.779965,59.7447472,160.491165,80,80,4.537117,0.3833272,1,0.6282344235234698,0.17237566980392818,0.19938990667260212,0.0
2.45,True,False,120,21.5697269,-5.89329767,-6.382368,33.8453941,25,-19.6443253,-6.382368,59.5341,161.468948,81,80,4.456612,0.4632308,0,0.6373017200314305,0.17412407487404125,0.18857420509452816,0.0
2.466667,True,False,120,21.6867638,-5.92457628,-6.71050024,34.32184,25,-19.7485867,-6.71050024,59.3229256,162.205978,81,81,4.42527,0.4128864,0,0.6318648300266901,0.17261825778461054,0.19551691218869932,0.0
2.483333,True,False,120,21.8939571,-5.95614052,-6.31323051,34.16333,25,-19.8538017,-6.31323051,59.11155,163.186737,81,81,4.443153,0.362584,0,0.6408613650487455,0.17434309963406955,0.18479553531718518,0.0
2.5,True,False,120,22.02018,-5.98572874,-5.91699743,33.922905,25,-19.9524288,-5.91699743,58.9002953,163.958557,82,81,4.510353,0.3123235,1,0.6491242197719996,0.17645094173250783,0.17442483849549265,0.0
2.516667,True,False,120,22.2062626,-6.01733971,-6.260334,34.4839363,25,-20.0577984,-6.260334,58.6894875,164.886383,82,82,4.502724,0.3922863,1,0.6439596222534608,0.17449689199939253,0.18154348574714674,0.0
2.533334,True,False,120,22.40405,-6.04665947,-5.86398268,34.3146935,25,-20.15553,-5.86398268,58.4786339,165.858017,83,82,4.420082,0.4721824,0,0.6528996355865603,0.17621196901805805,0.1708883953953817,0.0
2.55,True,False,120,22.5024376,-6.0768795,-6.22643042,34.805748,25,-20.2562637,-6.22643042,58.2672424,166.561279,83,83,4.38665,0.4218306,0,0.6465149925905112,0.1745941384108506,0.17889086899863832,0.0
2.566667,True,False,120,22.694,-6.106032,-5.830329,34.63036,25,-20.35344,-5.830329,58.05563,167.525345,84,83,4.402458,0.3715207,0,0.6553209191206525,0.17632019487177739,0.16835888600757007,0.0
2.583333,True,False,120,22.77979,-6.134795,-6.2171936,35.13178,25,-20.449316,-6.2171936,57.84413,168.205673,84,84,4.467674,0.3212528,0,0.6484098132168008,0.17462238589878853,0.1769678008844107,0.0
2.6,True,False,120,22.9660912,-6.16389847,-5.82079124,34.9507828,25,-20.5463276,-5.82079124,57.63306,169.1526,84,84,4.58242,0.2710267,1,0.6570980848507743,0.1763593919652996,0.1665425231839262,0.0
2.616667,True,False,120,23.0958443,-6.19102335,-5.4252286,34.7120972,25,-20.6367435,-5.4252286,57.4227562,169.957047,85,84,4.62252,0.3510239,1,0.6653543517989065,0.17835348535022574,0.1562921628508679,0.0
2.633333,True,False,120,23.2238922,-6.22016,-5.82961273,35.2736664,25,-20.7338657,-5.82961273,57.21272,170.758331,85,85,4.587791,0.4309543,0,0.6583918128747729,0.17634005460855295,0.1652681325166741,0.0
2.65,True,False,120,23.401659,-6.24732733,-5.43388462,35.08287,25,-20.8244228,-5.43388462,57.0024567,171.705521,86,85,4.602348,0.3806369,0,0.6670394516273189,0.17807343472270762,0.15488711364997337,0.0
2.666667,True,False,120,23.4669666,-6.27486038,-5.85370159,35.5955276,25,-20.9162,-5.85370159,56.7922974,172.348083,86,86,4.66642,0.3303613,1,0.6592672603203881,0.17628226443274306,0.1644504752468689,0.0
2.683333,True,False,120,23.641861,-6.30214643,-5.45758,35.40159,25,-21.0071545,-5.45758,56.58256,173.2883,86,86,4.655739,0.410309,1,0.6678192340032024,0.17801875247716822,0.15416201351962935,0.0
2.7,True,False,120,23.7121181,-6.327459,-5.06263256,35.10221,25,-21.0915279,-5.06263256,56.3727646,173.956039,87,86,4.570168,0.4901901,0,0.6755163942576714,0.18025813933902646,0.1442254664033022,0.0
2.716667,True,False,120,23.85896,-6.355478,-5.505439,35.7198753,25,-21.1849251,-5.505439,56.1624069,174.833084,87,87,4.533836,0.4398233,0,0.6679463089976485,0.17792552869093023,0.15412816231142115,0.0
2.733334,True,False,120,24.01716,-6.38103,-5.110518,35.50871,25,-21.2701,-5.110518,55.9518166,175.753128,88,87,4.546898,0.3894984,0,0.6763738066729998,0.17970324349734157,0.1439229498296587,0.0
2.75,True,False,120,24.0542278,-6.407191,-5.57239342,36.0338135,25,-21.3573017,-5.57239342,55.7413139,176.348389,88,88,4.609489,0.3392155,1,0.6675460163121203,0.1778105230965207,0.15464346059135897,0.0
2.766667,True,False,120,24.20881,-6.433072,-5.176951,35.8188324,25,-21.443573,-5.176951,55.53123,177.2714,88,88,4.597343,0.4191559,0,0.6758681948124887,0.17960026782558774,0.14453153736192356,0.0
2.783334,True,False,120,24.27258,-6.456988,-4.7827177,35.5122833,25,-21.5232925,-4.7827177,55.32107,177.955032,89,88,4.634727,0.3688482,0,0.6834981055584378,0.18182406096152803,0.1346778334800342,0.0
2.8,True,False,120,24.38353,-6.483587,-5.25776148,36.1248779,25,-21.6119556,-5.25776148,55.11116,178.766373,89,89,4.721687,0.3185825,1,0.6749788795414102,0.1794770604858793,0.14554405997271053,0.0
2.816667,True,False,120,24.5278473,-6.507905,-4.862841,35.8985939,25,-21.6930161,-4.862841,54.90183,179.679321,90,89,4.734077,0.39854,1,0.6832537167967526,0.18128579428208402,0.13546048892116339,0.0
2.833333,True,False,120,24.53909,-6.53248739,-5.36141634,36.43299,25,-21.7749577,-5.36141634,54.692585,180.229065,90,90,4.67173,0.478431,0,0.6735403129881636,0.17930141668871305,0.1471582703231234,0.0
2.85,True,False,120,24.67311,-6.557314,-4.966162,36.1965866,25,-21.8577118,-4.966162,54.4829369,181.124985,90,90,4.65876,0.4280739,0,0.6816419095436239,0.18115835565265742,0.13719973480371878,0.0
2.866667,True,False,120,24.7789879,-6.580182,-4.572147,35.9313164,25,-21.933939,-4.572147,54.2732048,181.95401,91,90,4.695351,0.3777588,0,0.6896209222991212,0.18313222469171453,0.12724685300916427,0.0
2.883333,True,False,120,24.7979221,-6.60501242,-5.087927,36.49086,25,-22.0167065,-5.087927,54.06372,182.546646,91,91,4.781609,0.3274857,1,0.6795652683181704,0.18100456237186696,0.1394301693099626,0.0
2.9,True,False,120,24.9213543,-6.62847,-4.693088,36.2429123,25,-22.0948982,-4.693088,53.85481,183.442291,91,91,4.793327,0.4074358,1,0.6876200812372355,0.18289010400524575,0.1294898147575188,0.0
2.916667,True,False,120,24.9066982,-6.64997339,-4.299447,35.8561172,25,-22.1665764,-4.299447,53.64598,183.9535,92,91,4.7304,0.4873193,0,0.6946289553757302,0.18546272300244532,0.11990832162182448,0.0
2.933333,True,False,120,25.0172386,-6.67511034,-4.83065,36.523,25,-22.2503662,-4.83065,53.4367447,184.828827,92,92,4.716881,0.4369549,0,0.6849721908405805,0.1827645739323289,0.13226323522709058,0.0
2.95,True,False,120,25.1239033,-6.69728947,-4.436627,36.25782,25,-22.324297,-4.436627,53.22742,185.704727,93,92,4.752953,0.3866324,0,0.6929237185074132,0.1847129670918986,0.12236331440068825,0.0
2.966667,True,False,120,25.0903969,-6.719807,-4.9882803,36.7984848,25,-22.3993568,-4.9882803,53.01834,186.183426,93,93,4.838799,0.3363518,1,0.6818323484096119,0.1826109728726272,0.13555667871776086,0.0
2.983334,True,False,120,25.1901913,-6.74277973,-4.59331036,36.5262833,25,-22.4759312,-4.59331036,52.8098335,187.0617,93,93,4.850151,0.4162946,1,0.6896456562615338,0.1846007716472887,0.12575357209117752,0.0
3,True,False,120,25.2851868,-6.763779,-4.19955969,36.2485275,25,-22.545929,-4.19955969,52.60141,187.937042,94,93,4.786949,0.4961707,0,0.6975507681540178,0.18659459684411012,0.11585463500187189,0.0
3.016667,True,False,120,25.23733,-6.786359,-4.758616,36.7823029,25,-22.6211948,-4.758616,52.39257,188.396683,94,94,4.773232,0.4457988,0,0.6861269297832207,0.1845006450792032,0.12937242513757635,0.0
3.033334,True,False,120,25.3222332,-6.808186,-4.36438227,36.4948,25,-22.6939526,-4.36438227,52.1836472,189.264862,94,94,4.809181,0.395469,0,0.6938586368476551,0.1865522136240847,0.1195891495282602,0.0
3.05,True,False,120,25.3444862,-6.828039,-3.97133255,36.14386,25,-22.76013,-3.97133255,51.9749641,189.952,95,94,4.894936,0.3451811,1,0.7012114305922422,0.188912845087766,0.10987572431999185,0.0
3.066667,True,False,120,25.3359146,-6.85059,-4.55168867,36.7381935,25,-22.8353,-4.55168867,51.7668533,190.554764,95,95,4.906303,0.4251165,1,0.6896342020359784,0.18647051992058947,0.12389527804343221,0.0
3.083333,True,False,120,25.4036121,-6.871371,-4.15763664,36.43262,25,-22.9045677,-4.15763664,51.5588264,191.4034,95,95,4.843132,0.5049852,0,0.6972765692198889,0.18860491090229792,0.11411851987781321,0.0
3.1,True,False,120,25.3721886,-6.890201,-3.765039,36.0274277,25,-22.9673367,-3.765039,51.3503876,191.951492,96,95,4.829582,0.4546061,0,0.7042464473859231,0.19124875873045238,0.10450479388362453,0.0
3.116667,True,False,120,25.3846626,-6.912445,-4.3591795,36.65629,25,-23.0414829,-4.3591795,51.1418648,192.658478,96,96,4.865746,0.4042689,0,0.6925050136897253,0.18857460880155535,0.11892037750871937,0.0
3.133333,True,False,120,25.4377441,-6.932281,-3.96570635,36.33573,25,-23.1076031,-3.96570635,50.9335861,193.506241,96,96,4.951805,0.3539736,1,0.7000751900372162,0.19078413240529385,0.10914067755749005,0.0
3.15,True,False,120,25.3656883,-6.95014429,-3.5733335,35.8891678,25,-23.1671467,-3.5733335,50.7258835,193.950989,97,96,4.963554,0.4339017,1,0.7067784254554688,0.19365577546636165,0.09956579907816968,0.0
3.166667,True,False,120,25.3872032,-6.97205162,-4.17946243,36.53872,25,-23.2401714,-4.17946243,50.51826,194.723724,97,97,4.900841,0.5137631,0,0.6948028040037448,0.1908127089491627,0.1143844870470925,0.0
3.183333,True,False,120,25.42178,-6.990976,-3.78635,36.1991043,25,-23.3032513,-3.78635,50.31023,195.552246,97,97,4.887779,0.4633766,0,0.7022764595346636,0.19312565343464558,0.10459788703069076,0.0
3.2,True,False,120,25.3278427,-7.00794935,-3.3946135,35.7304039,25,-23.35983,-3.3946135,50.10212,195.950485,98,97,4.924522,0.4130321,0,0.7088596479700466,0.1961340556348653,0.09500629639508808,0.0
3.216667,True,False,120,25.3381958,-7.02920055,-4.01380634,36.3812027,25,-23.4306679,-4.01380634,49.89426,196.737869,98,98,5.011284,0.3627296,1,0.6964639408956274,0.193209680556605,0.11032637854776758,0.0
3.233334,True,False,120,25.3573856,-7.047305,-3.62082458,36.0255165,25,-23.4910164,-3.62082458,49.68698,197.565079,98,98,5.023735,0.4426503,1,0.7038729487504306,0.19561982569266342,0.10050722555690597,0.0
3.25,True,False,120,25.252142,-7.063452,-3.22917318,35.5447655,25,-23.544838,-3.22917318,49.4797859,197.949966,99,98,4.961876,0.5225045,0,0.710432055219893,0.19871988369569063,0.09084806108441644,0.0
3.266667,True,False,120,25.2456322,-7.08391476,-3.8513906,36.18094,25,-23.6130486,-3.8513906,49.2721863,198.723877,99,99,4.94976,0.4721107,0,0.6977605861687349,0.1957913541696513,0.10644805966161369,0.0
3.283334,True,False,120,25.2478924,-7.101211,-3.45897675,35.80808,25,-23.670702,-3.45897675,49.0645142,199.5412,99,99,4.987511,0.421759,0,0.7050892506450112,0.19831308939918132,0.09659765995580749,0.0
3.3,True,False,120,25.14118,-7.11655235,-3.067853,35.3255844,25,-23.72184,-3.067853,48.8570976,199.949463,100,99,5.07531,0.3714492,1,0.7116988933348276,0.2014560347547079,0.08684507191046446,0.0
3.316667,True,False,120,25.1035423,-7.136065,-3.70643973,35.94605,25,-23.7868824,-3.70643973,48.6502724,200.653717,100,100,5.089027,0.4513626,1,0.6983672579922066,0.198521550757566,0.10311119125022743,0.0
3.333333,True,False,120,25.086956,-7.15263557,-3.314029,35.55362,25,-23.8421173,-3.314029,48.44354,201.451523,100,100,5.028419,0.5312095,0,0.7056090377801993,0.2011788238533255,0.09321213836647524,0.0
3.35,True,False,120,24.9942436,-7.167253,-2.9231832,35.08468,25,-23.8908424,-2.9231832,48.236412,201.948959,101,100,5.017647,0.4808085,0,0.7123976545455034,0.2042844067797364,0.08331793867476027,0.0
3.366667,True,False,120,24.911623,-7.18539572,-3.57526016,35.67228,25,-23.9513187,-3.57526016,48.02922,202.523331,101,101,5.056847,0.4304495,0,0.69834683351186,0.20142799803094608,0.1002251684571939,0.0
3.383333,True,False,120,24.8765774,-7.201314,-3.18324852,35.26114,25,-24.00438,-3.18324852,47.8222961,203.311768,101,101,5.146172,0.3801324,1,0.705495552793802,0.2042280543492991,0.09027639285689888,0.0
3.4,True,False,120,24.8058052,-7.21527,-2.79243612,34.81351,25,-24.0509,-2.79243612,47.61597,203.948456,102,101,5.161491,0.4600387,1,0.7125338484816763,0.20725487681143223,0.0802112747068916,0.0
3.416667,True,False,120,24.67716,-7.23173761,-3.44472432,35.3536224,25,-24.1057911,-3.44472432,47.40975,204.357452,102,102,5.102608,0.5398784,0,0.6980093878036218,0.2045543628972105,0.09743624929916764,0.0
3.433333,True,False,120,24.62586,-7.2469945,-3.05291986,34.9257736,25,-24.1566467,-3.05291986,47.20315,205.1432,102,102,5.093636,0.4894701,0,0.7050913101071755,0.20749703142730835,0.08741165846551613,0.0
3.45,True,False,120,24.5719566,-7.26030874,-2.66259384,34.4948578,25,-24.2010288,-2.66259384,46.9965,205.925888,103,102,5.134743,0.4391039,0,0.7123367708729983,0.21047509433549166,0.07718813479151011,0.0
3.466667,True,False,120,24.4016056,-7.274936,-3.31895232,34.9954948,25,-24.2497864,-3.31895232,46.79012,206.160461,103,103,5.226112,0.3887796,1,0.6972785026490061,0.20788207809355588,0.09483941925743793,0.0
3.483334,True,False,120,24.33258,-7.28956652,-2.92714548,34.5492935,25,-24.2985535,-2.92714548,46.5843544,206.929077,103,103,5.243538,0.4686787,1,0.7042859228490124,0.2109903299899749,0.08472374716101273,0.0
3.5,True,False,120,24.2615051,-7.30225563,-2.53676772,34.10053,25,-24.34085,-2.53676772,46.37871,207.694672,103,103,5.186867,0.5485111,0,0.7114700622769968,0.2141390753139487,0.07439086240905454,0.0
3.516667,True,False,120,24.0933361,-7.312997,-2.148048,33.5543823,25,-24.3766556,-2.148048,46.1727028,207.947449,104,103,5.180183,0.4980957,0,0.718038459067272,0.21794462482277763,0.06401691610995025,0.0
3.533334,True,False,120,24.0004063,-7.328635,-2.80519724,34.13424,25,-24.4287834,-2.80519724,45.9666519,208.671555,104,104,5.223701,0.4477223,0,0.7031182568164007,0.2147004097194664,0.08218133346413299,0.0
3.55,True,False,120,23.91284,-7.34071445,-2.41520739,33.6687622,25,-24.4690475,-2.41520739,45.7609,209.4333,104,104,5.317543,0.3973908,1,0.7102381760766288,0.21802745479279553,0.07173436913057567,0.0
3.566667,True,False,120,23.7836857,-7.35084867,-2.026499,33.1610336,25,-24.5028286,-2.026499,45.55578,209.946945,105,104,5.337624,0.4772827,1,0.7172178693778746,0.2216712786957399,0.061110851926385545,0.0
3.583333,True,False,120,23.6330185,-7.364014,-2.6855762,33.68261,25,-24.5467129,-2.6855762,45.3507957,210.377258,105,105,5.283684,0.557108,0,0.7016386025943411,0.21862956238303477,0.07973183502262399,0.0
6.8,True,False,120,2.8500433,-4.11406565,-14.8725719,21.8366814,21.83668,-13.7135515,-14.8725719,49.9498749,370.646454,185,185,236.2106,1.575871,1,0.13051632340910455,0.18840160179380006,0.6810820747970954,0.0
6.816667,True,False,120,2.84816742,-4.18988371,-15.1646757,22.2027264,22.20273,-13.966279,-15.1646757,49.73455,371.4371,186,185,234.2,1.654781,1,0.12828007306524158,0.18871032112770447,0.6830096058070539,0.0
6.833333,True,False,120,2.84683013,-4.26741648,-15.5733671,22.6876144,22.68761,-14.224721,-15.5733671,49.53251,372.1895,186,186,232.1052,1.733625,1,0.12547948701829337,0.18809454949945018,0.6864259634822564,0.0
6.85,True,False,120,2.84829235,-4.346816,-15.8800077,23.0751152,23.07512,-14.4893856,-15.8800077,49.3445168,372.9693,186,186,229.9265,1.812403,1,0.12343566740155139,0.18837677741603384,0.6881875551824148,0.0
6.866667,True,False,120,2.85106349,-4.427793,-16.19442,23.4732761,23.47328,-14.7593088,-16.19442,49.17137,373.7442,187,186,227.6645,1.891116,1,0.12145997135144722,0.18863122929968093,0.6899087993488717,0.0
6.883334,True,False,120,2.85430574,-4.510788,-16.6257114,23.9908047,23.9908,-15.0359592,-16.6257114,49.0138435,374.478882,187,187,225.3197,1.969763,1,0.11897498743137222,0.1880215346536719,0.6930034779149559,0.0
6.900001,True,False,120,2.860155,-4.595558,-16.9550629,24.4107761,24.41078,-15.3185263,-16.9550629,48.8727074,375.244,188,187,222.8929,2.048345,1,0.11716772181747814,0.1882593989976369,0.694572879184885,0.0
6.916667,True,False,120,2.866762,-4.6820817,-17.400589,24.9494324,24.94943,-15.6069384,-17.400589,48.74873,375.96756,188,188,220.3848,2.126861,1,0.11490289316277719,0.18766285214974046,0.6974342546874822,0.0
6.933334,True,False,120,2.87791824,-4.770802,-17.7446938,25.3934135,25,-15.9026728,-17.7446938,48.6426468,376.7237,188,188,217.7964,2.205312,1,0.11333325386915953,0.18787556460446703,0.6987911815263734,0.0
6.95,True,False,120,2.89098978,-4.861281,-18.0962543,25.848526,25,-16.20427,-18.0962543,48.55518,377.4759,189,188,215.1289,2.283697,1,0.11184351026035409,0.1880680226417004,0.7000884670979455,0.0
6.966667,True,False,120,2.90474629,-4.953777,-18.566082,26.4246044,25,-16.5125885,-18.566082,48.4870071,378.180542,189,189,212.3832,2.362017,1,0.10992581566012105,0.18746834420549255,0.7026058401343863,0.0
6.983334,True,False,120,2.92177773,-5.048434,-18.9312439,26.9014549,25,-16.8281116,-18.9312439,48.4387665,378.917084,189,189,209.5609,2.440272,1,0.10861039529555003,0.18766397140123828,0.7037256333032116,0.0
7,True,False,120,2.94112134,-5.144943,-19.302969,27.3890343,25,-17.14981,-19.302969,48.41105,379.6505,190,189,206.6631,2.518461,1,0.1073831742613812,0.18784682672557582,0.7047699990130429,0.0
7.016667,True,False,120,2.962106,-5.24369144,-19.7924137,27.99821,25,-17.4789715,-19.7924137,48.40439,380.341278,190,190,203.6915,2.596585,1,0.10579625909628738,0.18728665962906943,0.7069170812746431,0.0
7.033334,True,False,120,2.98735523,-5.34456968,-20.1754475,28.5073719,25,-17.8152313,-20.1754475,48.41924,381.075043,190,190,200.6477,2.674644,1,0.10479237395278408,0.18748026310994545,0.7077273629372705,0.0
7.05,True,False,120,3.015286,-5.447386,-20.56352,29.0261917,25,-18.1579514,-20.56352,48.4559937,381.806519,191,190,197.5333,2.752639,1,0.1038815563543437,0.1876713969231651,0.7084470467224911,0.0
7.066667,True,False,120,3.045242,-5.55263853,-21.0677338,29.6656151,25,-18.5087948,-21.0677338,48.514946,382.488434,191,191,194.3501,2.830568,1,0.10265224802442174,0.18717423034738145,0.7101735216281968,0.0
7.083333,True,False,120,3.07977366,-5.65996,-21.4635143,30.2032471,25,-18.8665314,-21.4635143,48.5963,383.215027,191,191,191.1001,2.908432,1,0.1019682937437302,0.1873957399381626,0.7106359663181072,0.0
7.1,True,False,120,3.11606717,-5.76926947,-21.8621159,30.7474518,25,-19.2308979,-21.8621159,48.7001572,383.902985,192,191,187.7849,2.986231,1,0.10134391348181589,0.18763406374868416,0.7110220227695,0.0
7.116667,True,False,120,3.15694475,-5.8811636,-22.37693,31.41504,25,-19.603878,-22.37693,48.8265152,384.613434,192,192,184.4067,3.063966,1,0.10049151348561061,0.18720854434354045,0.7122999421708489,0.0
7.133334,True,False,120,3.201487,-5.99505568,-22.7782078,31.97475,25,-19.9835186,-22.7782078,48.9752464,385.336548,193,192,180.9674,3.141635,1,0.10012547250376541,0.18749343122317305,0.7123810962730616,0.0
7.150001,True,False,120,3.24757361,-6.11105967,-23.2947445,32.6533775,25,-20.3701973,-23.2947445,49.1461067,386.005127,193,193,177.4688,3.21924,1,0.09945597762903167,0.18714938807166798,0.7133946342993004,0.0
7.166667,True,False,120,3.29993773,-6.22953749,-23.6945686,33.2240448,25,-20.7651234,-23.6945686,49.3387222,386.727661,193,193,173.9129,3.296781,1,0.09932378333830406,0.18750088110135416,0.7131753355603418,0.0
7.183334,True,False,120,3.355714,-6.349996,-24.0918789,33.79759,25,-21.1666527,-24.0918789,49.5525856,387.4506,194,193,170.3016,3.374257,1,0.09928856197194587,0.18788310665557564,0.7128283313724785,0.0
7.2,True,False,120,3.41275239,-6.4726243,-24.604,34.4893761,25,-21.5754128,-24.604,49.7870636,388.1154,194,194,166.6368,3.451668,1,0.09895082827024555,0.1876700863044794,0.7133790854252751,0.0
7.216667,True,False,120,3.47556186,-6.597588,-24.9923973,35.0655479,25,-21.9919586,-24.9923973,50.0413666,388.840057,194,194,162.9203,3.529014,1,0.0991161450908328,0.188150151198154,0.7127337037110132,0.0
7.233334,True,False,120,3.54184127,-6.72446442,-25.3741169,35.6404228,25,-22.41488,-25.3741169,50.3145943,389.566284,195,194,159.1536,3.606297,1,0.09937708401341377,0.1886752157054039,0.7119477002811824,0.0
7.25,True,False,120,3.60969114,-6.85350657,-25.8693218,36.33252,25,-22.84502,-25.8693218,50.6056824,390.230835,195,195,155.3384,3.683514,1,0.09935152278681045,0.1886328463434437,0.712015630869746,0.0
7.266667,True,False,120,3.68419123,-6.984673,-26.2333584,36.90222,25,-23.2822418,-26.2333584,50.91345,390.961151,195,195,151.4762,3.760668,1,0.09983656721546369,0.18927513039070298,0.7108883023938334,0.0
7.283334,True,False,120,3.76206779,-7.117599,-26.5859489,37.4656143,25,-23.7253284,-26.5859489,51.23657,391.6942,196,195,147.5683,3.837757,1,0.10041387871824402,0.18997683259479353,0.7096092886869625,0.0
7.3,True,False,120,3.84111261,-7.25265265,-27.0517731,38.14554,25,-24.1755085,-27.0517731,51.5735855,392.353,196,196,143.6158,3.914782,0,0.10069624850354322,0.19013108640787318,0.7091726650885837,0.0
7.316667,True,False,120,3.926779,-7.389543,-27.376894,38.6932144,25,-24.63181,-27.376894,51.922924,393.079254,196,196,139.7442,3.861561,0,0.10148494764560279,0.1909777414211318,0.7075373109332654,0.0
7.333333,True,False,120,4.015461,-7.527969,-27.685957,39.2293854,25,-25.09323,-27.685957,52.28258,393.809265,197,196,135.9533,3.808385,0,0.10235849466625618,0.19189616702397105,0.7057453383097726,0.0
7.35,True,False,120,4.10425425,-7.66840649,-28.109108,39.8817673,25,-25.5613537,-28.109108,52.6506233,394.4754,197,197,132.2428,3.755253,0,0.1029105373123429,0.19227849546975734,0.7048109672178998,0.0
7.366667,True,False,120,4.19933653,-7.810322,-28.3837051,40.393364,25,-26.0344048,-28.3837051,53.02519,395.2208,197,197,128.6121,3.702166,0,0.10396105084155875,0.19335656400249135,0.70268238515595,0.0
7.383334,True,False,120,4.293343,-7.95351839,-28.6393929,40.8862534,25,-26.5117264,-28.6393929,53.40449,395.899933,198,197,125.0605,3.649122,0,0.10500700234235129,0.19452792945000297,0.7004650682076459,0.0
7.400001,True,False,120,4.39464235,-8.098607,-29.01157,41.504818,25,-26.9953556,-29.01157,53.78685,396.6466,198,198,121.5873,3.596123,0,0.10588270034236398,0.19512449703024667,0.6989928026273894,0.0
7.416667,True,False,120,4.49849272,-8.244745,-29.2283,41.97154,25,-27.4824829,-29.2283,54.1706543,397.407043,199,198,118.1917,3.543168,0,0.10717960228215341,0.1964365722076289,0.6963838255102177,0.0
7.433334,True,False,120,4.59961843,-8.392083,-29.5656261,42.5573273,25,-27.97361,-29.5656261,54.5544167,398.087128,199,199,114.8725,3.490257,0,0.10808052800678296,0.19719478376747593,0.6947246882257412,0.0
7.45,True,False,120,4.70723248,-8.540788,-29.7415352,42.9895554,25,-28.4692917,-29.7415352,54.9367256,398.858734,199,199,111.6289,3.43739,0,0.10949711867317442,0.1986712322307956,0.6918316490960299,0.0
7.466667,True,False,120,4.81634951,-8.690265,-29.8960323,43.4026451,25,-28.9675484,-29.8960323,55.316288,399.636169,200,199,108.4596,3.384567,0,0.11096902755917434,0.2002243097763742,0.6888066626644515,0.0
7.483334,True,False,120,4.923256,-8.840853,-30.1755219,43.93963,25,-29.4695072,-30.1755219,55.6918945,400.328156,200,200,105.3637,3.331789,0,0.11204591161005863,0.2012045349247574,0.686749553465184,0.0
7.5,True,False,120,5.03794575,-8.992291,-30.2878036,44.31804,25,-29.9743023,-30.2878036,56.0624428,401.11792,200,200,102.34,3.279054,0,0.11367708748430704,0.20290362409943513,0.6834192884162578,0.0
7.516667,True,False,120,5.152678,-9.144183,-30.3783264,44.6751862,25,-30.480608,-30.3783264,56.4269142,401.898438,201,200,99.38734,3.226363,0,0.11533646079344706,0.20468146933839163,0.6799820698681613,0.0
7.533334,True,False,120,5.26454,-9.297156,-30.601162,45.1628571,25,-30.99052,-30.601162,56.7843971,402.617828,201,201,96.50459,3.173716,0,0.11656791073762428,0.2058584512078487,0.677573638054527,0.0
7.55,True,False,120,5.382362,-9.450409,-30.6496162,45.4823875,25,-31.5013618,-30.6496162,57.13406,403.426819,202,201,93.69064,3.121113,0,0.11833947889173238,0.20778172786849675,0.6738787932397707,0.0
7.566667,True,False,120,5.49483442,-9.604074,-30.8369789,45.9358864,25,-32.0135765,-30.8369789,57.4751625,404.133118,202,202,90.94438,3.068554,0,0.11961964251875042,0.20907561735110947,0.6713047401301401,0.0
7.583333,True,False,120,5.6174264,-9.758294,-30.844183,46.219902,25,-32.5276451,-30.844183,57.80704,404.9439,202,202,88.26472,3.016038,0,0.1215369567388581,0.21112752909821095,0.667335514162931,0.0
7.6,True,False,120,5.740281,-9.912446,-30.83056,46.4832878,25,-33.0414848,-30.83056,58.1291237,405.7611,203,202,85.65062,2.963567,0,0.123491288385006,0.21324752700900862,0.6632611846059854,0.0
7.616667,True,False,120,5.85496664,-10.0670633,-30.9653149,46.8873444,25,-33.5568771,-30.9653149,58.4409065,406.472656,203,203,83.10106,2.911139,0,0.12487306884148998,0.21470747243959315,0.6604194587189169,0.0
7.633334,True,False,120,5.977892,-10.221633,-30.9124928,47.11202,25,-34.07211,-30.9124928,58.7419434,407.303162,204,203,80.61502,2.858755,0,0.12688677494938455,0.2169644493554254,0.6561487756951899,0.0
7.650001,True,False,120,6.09197044,-10.3760195,-31.0154953,47.4834862,25,-34.58673,-31.0154953,59.0318756,408.02005,204,204,78.19159,2.806414,0,0.1282966153223339,0.218518490114101,0.6531848945635651,0.0
7.666667,True,False,120,6.21761227,-10.5306454,-30.9252815,47.67354,25,-35.10215,-30.9252815,59.3104019,408.863831,204,204,75.82976,2.754117,0,0.130420614417329,0.22089078309140353,0.6486886024912675,0.0
7.683334,True,False,120,6.342838,-10.6847286,-30.81646,47.8440247,25,-35.61576,-30.81646,59.5772743,409.713928,205,204,73.52875,2.701864,1,0.13257324792140301,0.2233241923663674,0.6441025597122295,0.0
7.7,True,False,120,6.45874357,-10.83883,-30.8720531,48.16963,25,-36.1294327,-30.8720531,59.8323021,410.443359,205,205,71.1633,2.779835,0,0.13408332213673768,0.22501378460444688,0.6409028932588154,0.0
7.716667,True,False,120,6.58518934,-10.99247,-30.7281361,48.3057938,25,-36.6415634,-30.7281361,60.0746765,411.3066,206,205,68.8577,2.727561,0,0.13632296663408386,0.22756006603086798,0.6361169673350482,0.0
7.733334,True,False,120,6.699395,-11.1455355,-30.7569237,48.6018524,25,-37.151783,-30.7569237,60.30426,412.0381,206,206,66.61105,2.675329,0,0.13784237474627048,0.2293232569715416,0.6328343682821879,0.0
7.75,True,False,120,6.82661724,-11.2984333,-30.5794525,48.7045021,25,-37.66144,-30.5794525,60.520977,412.9047,206,206,64.42261,2.623142,0,0.1401639851328211,0.23197923384457553,0.6278567810226033,0.0
7.766667,True,False,120,6.9527216,-11.4503565,-30.385498,48.7885742,25,-38.1678543,-30.385498,60.72479,413.777069,207,206,62.29161,2.570997,0,0.14250716368006486,0.23469339372665152,0.6227994425932836,0.0
7.783334,True,False,120,7.06672859,-11.6020088,-30.3741627,49.0429,25,-38.6733627,-30.3741627,60.9157,414.516144,207,207,60.21736,2.518896,0,0.14409279583857496,0.2365685711633861,0.6193386329980388,0.0
7.8,True,False,120,7.193581,-11.7527647,-30.15049,49.0968361,25,-39.17588,-30.15049,61.09376,415.4058,208,207,58.1992,2.466839,0,0.14651822052149074,0.2393792702204635,0.6141025092580458,0.0
7.816667,True,False,120,7.305401,-11.9027119,-30.1198444,49.3279572,25,-39.675705,-30.1198444,61.2590561,416.14325,208,208,56.2365,2.414825,0,0.14809859154658325,0.2412974822292104,0.6106039262242063,0.0
7.833334,True,False,120,7.433884,-12.0520468,-29.8690624,49.3549919,25,-40.17349,-29.8690624,61.4116936,417.0319,208,208,54.32864,2.362854,0,0.15062070761261903,0.24419103354268115,0.6051882588446998,0.0
7.85,True,False,120,7.557576,-12.20008,-29.6050911,49.3627472,25,-40.66693,-29.6050911,61.55182,417.894379,209,208,52.47507,2.310927,0,0.15310282437664416,0.24715156097947394,0.5997456146438819,0.0
7.866667,True,False,120,7.67317343,-12.3477373,-29.54382,49.56473,25,-41.1591225,-29.54382,61.6796036,418.664673,209,209,50.67534,2.259043,0,0.15481115940685752,0.24912346174668706,0.5960653788464554,0.0
7.883334,True,False,120,7.80123138,-12.4940233,-29.2566032,49.551857,25,-41.6467438,-29.2566032,61.7952461,419.569458,210,209,48.92885,2.207202,0,0.15743569895789344,0.2521403603121571,0.5904239407299495,0.0
7.900001,True,False,120,7.910996,-12.639432,-29.1822243,49.73265,25,-42.13144,-29.1822243,61.8989639,420.308136,210,210,47.23523,2.155405,0,0.15907046244545459,0.25414755528733385,0.5867819822672117,0.0
7.916667,True,False,120,8.040586,-12.7837992,-28.8742428,49.6986275,25,-42.6126633,-28.8742428,61.991,421.223572,211,210,45.59401,2.10365,0,0.16178688071630468,0.25722640069661484,0.5809867185870805,0.0
7.933334,True,False,120,8.147463,-12.9267836,-28.7877769,49.8620224,25,-43.0892754,-28.7877769,62.0716057,421.9621,211,211,44.00482,2.051939,1,0.1634001676646757,0.25925108314146134,0.5773487491938629,0.0
7.95,True,False,120,8.275829,-13.0690861,-28.4613934,49.80631,25,-43.5636177,-28.4613934,62.1410561,422.8877,211,211,42.34293,2.130452,0,0.16616025658677352,0.26239820805029146,0.571441535362935,0.0
7.966667,True,False,120,8.402005,-13.2097178,-28.1255684,49.73729,25,-44.03239,-28.1255684,62.1987534,423.817261,212,211,40.7327,2.078718,0,0.16892767573960685,0.26558981161402695,0.5654825126463662,0.0
7.983334,True,False,120,8.508244,-13.3495922,-28.0190125,49.8768463,25,-44.49864,-28.0190125,62.2449951,424.561981,212,212,39.17365,2.027028,0,0.17058503537734532,0.2676510755580274,0.5617638890646273,0.0
8,True,False,120,8.636843,-13.487937,-27.66708,49.79186,25,-44.95979,-27.66708,62.2800827,425.500854,213,212,37.66553,1.97538,0,0.1734589348540103,0.2708863858470039,0.5556546792989858,0.0
8.016667,True,False,120,8.739185,-13.6250677,-27.5563278,49.92058,25,-45.41689,-27.5563278,62.30433,426.235229,213,213,36.20798,1.923776,0,0.1750617663590671,0.2729348810356883,0.5520033526052446,0.0
8.033334,True,False,120,8.8681,-13.7610159,-27.1904831,49.8196,25,-45.8700523,-27.1904831,62.3180656,427.1679,213,213,34.80078,1.872214,0,0.17800424286835387,0.27621691415059363,0.5457788429810525,0.0
8.05,True,False,120,8.966192,-13.8951044,-26.8180275,49.6793251,25,-46.3170128,-26.8180275,62.3216171,427.891846,214,213,33.4437,1.820696,0,0.18048136118052122,0.2796959239616383,0.5398227148578405,0.0
8.066668,True,False,120,9.095395,-14.0287447,-26.6998615,49.824,25,-46.76248,-26.6998615,62.3153343,428.8224,214,214,32.1364,1.76922,0,0.18255047328475096,0.2815659995608703,0.5358835271543788,0.0
8.083334,True,False,120,9.22236252,-14.1603346,-26.3164825,49.69918,25,-47.2011147,-26.3164825,62.2995567,429.757355,215,214,30.87877,1.717788,0,0.18556367711729244,0.28492089222135936,0.5295154306613482,0.0
8.1,True,False,120,9.319452,-14.2909718,-26.1968784,49.8073044,25,-47.63657,-26.1968784,62.2746429,430.472656,215,215,29.67056,1.666398,0,0.1871101543018325,0.2869252332241356,0.525964612474032,0.0
8.116667,True,False,120,9.448031,-14.4199877,-25.8043118,49.6723328,25,-48.0666237,-25.8043118,62.24094,431.41507,216,215,28.51169,1.615051,1,0.19020712144762364,0.29030221765012615,0.5194906609022502,0.0
8.133334,True,False,120,9.540489,-14.54755,-25.6859,49.77394,25,-48.4918327,-25.6859,62.19881,432.120667,216,216,27.2776,1.693928,0,0.1916763911331189,0.29227242794668107,0.5160511809202001,0.0
8.150001,True,False,120,9.668976,-14.6739779,-25.2853718,49.6283264,25,-48.9132576,-25.2853718,62.1477127,433.059845,216,216,26.09258,1.642558,0,0.19482776949696692,0.2956774723512383,0.5094947581517947,0.0
8.166667,True,False,120,9.777642,-14.79838,-24.8809814,49.4570045,25,-49.32793,-24.8809814,62.0880127,433.89035,217,216,24.95647,1.591231,0,0.1976998468936757,0.2992170771106605,0.5030830759956637,0.0
8.183333,True,False,120,9.886957,-14.922164,-24.760994,49.5701141,25,-49.7405434,-24.760994,62.0200729,434.707153,217,217,23.86916,1.539947,0,0.19945398553140337,0.30103145816789006,0.49951455630070657,0.0
8.200001,True,False,120,10.0156727,-15.04392,-24.3505383,49.41013,25,-50.1463966,-24.3505383,61.94426,435.664856,218,217,22.83055,1.488705,0,0.20270484002562145,0.30447035244654586,0.4928248075278327,0.0
8.216667,True,False,120,10.1041746,-15.1645241,-24.2306461,49.4993439,25,-50.5484123,-24.2306461,61.8609352,436.361847,218,218,21.84053,1.437506,0,0.20412744129898058,0.3063580772891361,0.48951448141188325,0.0
8.233334,True,False,120,10.2359457,-15.2836056,-23.8153858,49.334938,25,-50.94535,-23.8153858,61.7704773,437.320984,219,218,20.89903,1.38635,0,0.20747864093253296,0.30979274523084366,0.4827286138366233,0.0
8.25,True,False,120,10.3188457,-15.4009905,-23.7054176,49.4252548,25,-51.33663,-23.7054176,61.6732445,437.9994,219,219,20.00598,1.335237,0,0.20877678730301227,0.31160164725345324,0.4796215654435344,0.0
8.266667,True,False,120,10.4528418,-15.5174255,-23.286438,49.2567062,25,-51.72475,-23.286438,61.569603,438.938873,219,219,19.16138,1.284166,0,0.21221155041403064,0.31503173843013815,0.47275671115583123,0.0
8.283334,True,False,120,10.5838375,-15.631753,-22.8658028,49.0813942,25,-52.1058426,-22.8658028,61.45991,439.879242,220,219,18.36514,1.233137,1,0.21563848921949816,0.31848633359803175,0.46587517718247007,0.0
8.3,True,False,120,10.66659,-15.7453032,-22.7635,49.1753922,25,-52.48434,-22.7635,61.34454,440.5332,220,220,17.49294,1.312333,0,0.2169090942825445,0.32018662537099957,0.46290428034645587,0.0
8.316668,True,False,120,10.8007889,-15.85701,-22.3403473,48.9981461,25,-52.8566971,-22.3403473,61.2229538,441.478546,221,220,16.66896,1.261281,0,0.2204326028154918,0.32362469256030746,0.4559427046242006,0.0
8.333334,True,False,120,10.8760519,-15.9672613,-22.247839,49.0911522,25,-53.2242,-22.247839,61.0955238,442.114838,221,221,15.89326,1.210272,0,0.2215481082149056,0.32525741573447936,0.4531944760506151,0.0
8.35,True,False,120,11.010602,-16.0763741,-21.8227959,48.90977,25,-53.58791,-21.8227959,60.96261,443.0546,221,221,15.16582,1.159305,0,0.22512069776158433,0.3286945214138393,0.4461847808245763,0.0
8.366667,True,False,120,11.121273,-16.1833572,-21.3970165,48.7016449,25,-53.9445229,-21.3970165,60.8245659,443.887817,222,221,14.48659,1.10838,0,0.22835517387135906,0.3322958933953254,0.4393489327333156,0.0
8.383334,True,False,120,11.2190752,-16.2898121,-21.3100471,48.8189354,25,-54.29937,-21.3100471,60.68175,444.626526,222,222,13.85564,1.057498,0,0.22980991571991383,0.3336781578747446,0.4365119264053416,0.0
8.400001,True,False,120,11.35754,-16.3942318,-20.8833351,48.63511,25,-54.6474342,-20.8833351,60.5345154,445.581055,223,222,13.27296,1.006659,1,0.23352554818790788,0.3370863733004358,0.4293880785116564,0.0
8.416667,True,False,120,11.4281588,-16.4973888,-20.8050785,48.7306252,25,-54.99129,-20.8050785,60.383213,446.19696,223,223,12.61432,1.086043,0,0.234516970427351,0.33854251669465,0.4269405128779989,0.0
8.433333,True,False,120,11.5717592,-16.5992718,-20.3778362,48.5488663,25,-55.3309021,-20.3778362,60.2273254,447.155579,223,223,12.00388,1.03518,0,0.23835281577898484,0.34190852963918383,0.4197386545818313,0.0
8.450001,True,False,120,11.6639805,-16.69903,-19.9505081,48.31352,25,-55.66343,-19.9505081,60.0672035,447.8868,224,223,11.44168,0.9843586,0,0.2414227081361861,0.3456388705251536,0.41293842133866027,0.0
8.466667,True,False,120,11.78043,-16.7985439,-19.8848515,48.4638252,25,-55.9951439,-19.8848515,59.90319,448.688873,224,224,10.9278,0.93358,0,0.24307676710968013,0.3466202628734297,0.41030297001689015,0.0
8.483334,True,False,120,11.9227772,-16.89583,-19.45754,48.2761459,25,-56.31943,-19.45754,59.7356377,449.621338,225,224,10.46222,0.8828437,0,0.2469703547510933,0.34998298290050783,0.40304666234839887,0.0
8.5,True,False,120,11.98083,-16.9919548,-19.4119835,48.38477,25,-56.6398468,-19.4119835,59.56489,450.1708,225,225,10.04506,0.8321496,0,0.24761573571491088,0.3511839654712162,0.4012002988138728,0.0
8.516667,True,False,120,12.127533,-17.0868759,-18.98492,48.19933,25,-56.95625,-18.98492,59.39128,451.091156,225,225,9.676437,0.7814978,1,0.25161207171911476,0.3545044358491058,0.3938834924317795,0.0
8.533334,True,False,120,12.241477,-17.1796665,-18.5581837,47.97933,25,-57.2655525,-18.5581837,59.2151527,451.8858,226,225,9.23201,0.8610696,0,0.25514065566138244,0.3580639309173139,0.3867954134213037,0.0
8.55,True,False,120,12.3288336,-17.27214,-18.5249081,48.12588,25,-57.5738,-18.5249081,59.03599,452.546143,226,226,8.836075,0.8103937,0,0.25617886186176614,0.3588950350596901,0.3849261030785437,0.0
8.566668,True,False,120,12.47954,-17.36263,-18.098711,47.94088,25,-57.87543,-18.098711,58.85414,453.479248,227,226,8.488571,0.75976,0,0.2603110276592539,0.36216752045086525,0.3775214518898808,0.0
8.583334,True,False,120,12.527956,-17.45168,-18.0730686,48.0527039,25,-58.17226,-18.0730686,58.6699333,453.995941,227,227,8.189774,0.7091686,0,0.2607128174009169,0.3631778928006479,0.37610928979843516,0.0
8.6,True,False,120,12.6877174,-17.53992,-17.6474819,47.8751221,25,-58.4664,-17.6474819,58.4837074,454.9324,227,227,7.93959,0.6586192,1,0.26501693542516147,0.36636817320682896,0.3686148913680096,0.0
8.616667,True,False,120,12.8436823,-17.62603,-17.2224388,47.69215,25,-58.75343,-17.2224388,58.29579,455.8678,228,227,7.613906,0.7382934,0,0.269303900196693,0.3695792618588764,0.36111683794443067,0.0
8.633334,True,False,120,12.8931971,-17.7115555,-17.2107849,47.8155365,25,-59.038517,-17.2107849,58.1056862,456.363983,228,228,7.336899,0.6877198,0,0.26964450833581033,0.37041422989336886,0.35994126177082086,0.0
8.650001,True,False,120,13.058877,-17.7954922,-16.7865124,47.64088,25,-59.318306,-16.7865124,57.9137154,457.302551,228,228,7.108597,0.6371884,0,0.2741107335007839,0.37353406575079,0.3523552007484261,0.0
8.666667,True,False,120,13.1261272,-17.87731,-16.3628883,47.3663254,25,-59.59103,-16.3628883,57.7202148,457.884277,229,228,6.929153,0.5866991,1,0.277119389385609,0.37742657491977083,0.34545403569462024,0.0
8.683333,True,False,120,13.26365,-17.95943,-16.3695335,47.5926132,25,-59.86477,-16.3695335,57.52551,458.684052,229,229,6.674332,0.6664332,0,0.27869135617021745,0.37735750737874485,0.3439511364510377,0.0
8.700001,True,False,120,13.4289265,-18.0391674,-15.9466953,47.4147873,25,-60.1305542,-15.9466953,57.3291,459.595428,230,229,6.468338,0.6159195,0,0.28322231790076163,0.3804544469007151,0.33632323519852325,0.0
8.716667,True,False,120,13.4540157,-18.1177158,-15.9789944,47.5507278,25,-60.3923836,-15.9789944,57.1313248,460.007446,230,230,6.311264,0.5654479,0,0.2829402799926552,0.3810187007050507,0.3360410193022942,0.0
8.733334,True,False,120,13.6277761,-18.1955032,-15.5569077,47.380188,25,-60.6516724,-15.5569077,56.9325027,460.9012,230,230,6.203262,0.5150183,1,0.2876260513703755,0.38403189924092107,0.3283420493887033,0.0
8.75,True,False,120,13.79734,-18.27118,-15.1355095,47.20403,25,-60.9039268,-15.1355095,56.73296,461.7935,231,230,6.020065,0.5948122,0,0.29229157226926994,0.38706822687669074,0.3206402008540394,0.0
8.766667,True,False,120,13.8178835,-18.3461857,-15.1835585,47.3476257,25,-61.15395,-15.1835585,56.5322,462.175446,231,231,5.885834,0.5443581,0,0.2918389826740992,0.3874784564971984,0.3206825608287023,0.0
8.783334,True,False,120,14.0011578,-18.42,-14.7629366,47.1840935,25,-61.3999977,-14.7629366,56.33055,463.0808,231,231,5.800751,0.4939462,0,0.29673469371492267,0.39038579068288737,0.31287951560218985,0.0
8.8,True,False,120,14.1485262,-18.4917126,-14.3430529,46.98329,25,-61.63904,-14.3430529,56.12834,463.882751,232,231,5.764923,0.4435762,1,0.3011395261605308,0.39358060984901155,0.3052798639904577,0.0
8.816668,True,False,120,14.1963739,-18.5632763,-14.4034586,47.16311,25,-61.8775864,-14.4034586,55.9259,464.343,232,232,5.654099,0.5234296,1,0.3010058976434565,0.3935973851664333,0.3053967171901103,0.0
8.833334,True,False,120,14.3863745,-18.6332035,-13.9842081,47.0037842,25,-62.1106758,-13.9842081,55.7227249,465.250031,232,232,5.468185,0.6032164,0,0.30606841902890886,0.3964192046223272,0.297512376348764,0.0
8.85,True,False,120,14.4837255,-18.7010345,-13.5658779,46.7506371,25,-62.3367767,-13.5658779,55.518322,465.882263,233,232,5.331284,0.5527554,0,0.3098080828539882,0.4000166701468687,0.2901752469991431,0.0
8.866667,True,False,120,14.58412,-18.76919,-13.6411123,46.9944229,25,-62.5639648,-13.6411123,55.313015,466.4853,233,233,5.243591,0.5023364,0,0.3103372546405364,0.3993918657023261,0.29027087965713755,0.0
8.883334,True,False,120,14.7857876,-18.8353138,-13.2235479,46.84465,25,-62.7843742,-13.2235479,55.10713,467.393829,233,233,5.2052,0.4519594,0,0.3156345029996841,0.40208036737292857,0.28228512962738733,0.0
8.900001,True,False,120,14.8406324,-18.8993473,-12.8067875,46.54677,25,-62.99782,-12.8067875,54.9009972,467.881744,234,233,5.216156,0.4016244,1,0.318832720137866,0.4060292139901823,0.2751380658719517,0.0
8.916667,True,False,120,14.9749937,-18.9641953,-12.9078674,46.8470573,25,-63.21398,-12.9078674,54.69494,468.558167,234,234,5.152405,0.4815128,0,0.31965708949004534,0.4048108196612328,0.27553209084872193,0.0
8.933333,True,False,120,15.1768284,-19.0266533,-12.4916353,46.695118,25,-63.4221725,-12.4916353,54.4884644,469.431549,234,234,5.138031,0.4311532,0,0.3250196032274638,0.40746558789005716,0.26751480888247914,0.0
8.950001,True,False,120,15.2227688,-19.0870323,-12.0762167,46.3860168,25,-63.62344,-12.0762167,54.2819023,469.881256,235,234,5.173157,0.3808355,1,0.3281758064603683,0.41148245107602227,0.26034174246360936,0.0
8.966667,True,False,120,15.3535528,-19.1483631,-12.2056789,46.7075958,25,-63.8278732,-12.2056789,54.075573,470.5233,235,235,5.133636,0.4607412,1,0.3287164082360327,0.4099625164171374,0.2613210753468299,0.0
8.983334,True,False,120,15.5666275,-19.2073154,-11.7906923,46.5646362,25,-64.02438,-11.7906923,53.86899,471.3906,235,235,5.019257,0.5405803,0,0.33430150226968813,0.4124871872721125,0.2532113104581994,0.0
9,True,False,120,15.6321793,-19.2642,-11.3767157,46.2730942,25,-64.214,-11.3767157,53.6616554,471.880737,236,235,4.954193,0.4901714,0,0.3378243728888245,0.41631535560783217,0.24586027150334336,0.0
9.016667,True,False,120,15.733695,-19.3219471,-11.5302572,46.5859,25,-64.40649,-11.5302572,53.4538956,472.428131,236,236,4.938568,0.4398046,0,0.3377351352322182,0.4147595600886039,0.24750530467917786,0.0
9.033334,True,False,120,15.9579964,-19.3775368,-11.1168051,46.45234,25,-64.59179,-11.1168051,53.2460365,473.28772,236,236,4.972565,0.3894798,1,0.3435348355757583,0.4171487918402592,0.2393163725839825,0.0
9.05,True,False,120,16.0707283,-19.4310551,-10.7041817,46.2059631,25,-64.77018,-10.7041817,53.038414,473.880249,237,236,4.931946,0.4693782,0,0.34780635498510565,0.4205313114431626,0.23166233357173188,0.0
9.066668,True,False,120,16.1169319,-19.4851055,-10.876955,46.4789925,25,-64.95035,-10.876955,52.83052,474.2833,237,237,4.940857,0.4190287,0,0.34675734278611425,0.4192239223327053,0.23401873488118044,0.0
9.083334,True,False,120,16.3588924,-19.537426,-10.4647551,46.3610725,25,-65.12475,-10.4647551,52.6226921,475.154022,237,237,4.999481,0.3687212,1,0.3528583607970165,0.42141875769981907,0.22572288150316452,0.0
9.1,True,False,120,16.5349,-19.5876846,-10.0533791,46.1759644,25,-65.29228,-10.0533791,52.41526,475.87973,238,237,4.983612,0.4486369,1,0.3580845677076795,0.42419655228549136,0.2177188800068292,0.0
9.116667,True,False,120,16.50932,-19.63805,-10.2428408,46.39021,25,-65.46017,-10.2428408,52.20772,476.113373,238,238,4.893066,0.5284861,0,0.35587939169269744,0.4233231464427836,0.2207974618645191,0.0
9.133334,True,False,120,16.76373,-19.68721,-9.832008,46.2829475,25,-65.62403,-9.832008,51.9996,476.977875,238,238,4.85199,0.4780873,0,0.3622009989510607,0.4253663789955644,0.2124326220533748,0.0
9.150001,True,False,120,17.0113087,-19.7343254,-9.422213,46.1678467,25,-65.78108,-9.422213,51.7912064,477.8401,238,238,4.860535,0.4277306,0,0.3684665794173452,0.4274473825312941,0.2040860380513606,0.0
9.166667,True,False,120,16.8919163,-19.7793941,-9.01339,45.6847,25,-65.93131,-9.01339,51.5828743,477.8792,239,238,4.918823,0.3774158,1,0.36974996338161387,0.43295444485392753,0.19729559176445863,0.0
9.183333,True,False,120,17.1404877,-19.82708,-9.239955,46.2075233,25,-66.09026,-9.239955,51.37493,478.687,239,239,4.902725,0.4573243,0,0.37094582653313285,0.4290877078333394,0.19996646563352766,0.0
9.200001,True,False,120,17.3910084,-19.8712311,-8.831348,46.09359,25,-66.2374344,-8.831348,51.166893,479.511047,239,239,4.936325,0.4069849,0,0.3772977835582878,0.4311061945438723,0.19159602189783992,0.0
9.216667,True,False,120,17.4222088,-19.913353,-8.42371,45.75927,25,-66.37784,-8.42371,50.9590759,479.878723,240,239,5.019852,0.3566874,1,0.38073614624260693,0.43517635260970217,0.1840875011476909,0.0
9.233334,True,False,120,17.4847412,-19.9568653,-8.688018,46.1296234,25,-66.52288,-8.688018,50.7518234,480.2827,240,240,5.028992,0.4366131,1,0.3790349778372898,0.43262579126348627,0.188339230899224,0.0
9.250001,True,False,120,17.7559547,-19.99826,-8.280408,46.0346222,25,-66.6608658,-8.280408,50.5446358,481.108826,240,240,4.963684,0.5164723,0,0.3857087048527064,0.43441781048853906,0.17987348465875447,0.0
9.266667,True,False,120,17.9925079,-20.0376282,-7.87399,45.9041252,25,-66.79209,-7.87399,50.33702,481.8782,240,240,4.948059,0.4660836,0,0.39195840175247343,0.43651039465055846,0.17153120359696816,0.0
9.283334,True,False,120,17.8443241,-20.0749741,-7.468696,45.3879929,25,-66.91658,-7.468696,50.1293068,481.8782,241,240,4.982208,0.4157369,0,0.3931507530685284,0.44229700945894623,0.16455223747252526,0.0
9.3,True,False,120,18.1101723,-20.1154785,-7.75484467,45.9804955,25,-67.05159,-7.75484467,49.92183,482.651,241,241,5.066299,0.3654321,1,0.3938664017184415,0.4374785067969604,0.16865509148459815,0.0
9.316668,True,False,120,18.39828,-20.1522274,-7.349478,45.8999863,25,-67.17409,-7.349478,49.71491,483.476746,241,241,5.076187,0.4453506,1,0.4008341144265375,0.43904648823700937,0.1601193973364532,0.0
9.333334,True,False,120,18.4563789,-20.1869583,-6.945223,45.588562,25,-67.289856,-6.945223,49.5080643,483.877716,242,241,5.011703,0.5252025,0,0.4048467163479315,0.44280754231847835,0.15234574133359008,0.0
9.35,True,False,120,18.4427834,-20.2229233,-7.258863,45.92457,25,-67.4097443,-7.258863,49.3007965,484.124268,242,242,4.996887,0.4748064,0,0.4015885945252526,0.440350849928595,0.15806055554615245,0.0
9.366667,True,False,120,18.75108,-20.2572041,-6.8548646,45.8631477,25,-67.52401,-6.8548646,49.0934372,484.9431,242,242,5.031982,0.4244524,0,0.40884850978406556,0.44168803656518246,0.1494634536507521,0.0
9.383334,True,False,120,19.0509529,-20.28946,-6.45196533,45.7923775,25,-67.63153,-6.45196533,48.88632,485.759369,242,242,5.117096,0.3741404,1,0.4160289034195462,0.44307504401917586,0.14089605256127796,0.0
9.400001,True,False,120,18.9558258,-20.3197136,-6.05008,45.32562,25,-67.7323761,-6.05008,48.6797638,485.8772,243,242,5.128143,0.4540516,1,0.4182143796583175,0.4483052602255227,0.13348036011615982,0.0
9.416667,True,False,120,19.0458679,-20.35248,-6.406477,45.8048248,25,-67.8416,-6.406477,48.4732933,486.295319,243,243,5.064804,0.5338963,0,0.4158048402451157,0.4443304836211697,0.13986467613371445,0.0
9.433333,True,False,120,19.35226,-20.3825054,-6.004681,45.73945,25,-67.94168,-6.004681,48.266407,487.0842,243,243,5.051376,0.483493,0,0.42309781869157037,0.4456220397105637,0.13128014159786594,0.0
9.450001,True,False,120,19.6497,-20.4105186,-5.60415268,45.66437,25,-68.03506,-5.60415268,48.05944,487.870453,243,243,5.087845,0.4331318,0,0.430307030387302,0.44696812915366607,0.12272484045903195,0.0
9.466667,True,False,120,19.4846725,-20.4365387,-5.20480967,45.1260223,25,-68.1217957,-5.20480967,47.85272,487.8767,244,243,5.174423,0.3828125,1,0.4317835280919595,0.4528770387017728,0.11533943320626754,0.0
9.483334,True,False,120,19.5802574,-20.4656467,-5.60722446,45.65313,25,-68.21882,-5.60722446,47.64658,488.2953,244,244,5.187027,0.4627165,1,0.42889190768747615,0.44828574394639475,0.12282234836612915,0.0
9.500001,True,False,120,19.8954086,-20.491684,-5.207485,45.5945778,25,-68.30561,-5.207485,47.44053,489.0723,244,244,5.125351,0.5425539,0,0.43635470810897475,0.449432478128715,0.1142128137623102,0.0
9.516667,True,False,120,20.2009,-20.5157242,-4.809187,45.52581,25,-68.38574,-4.809187,47.2340775,489.8466,244,244,5.113632,0.4921434,0,0.44372410875349766,0.4506393990405162,0.10563649220598621,0.0
9.533334,True,False,120,20.0427551,-20.5377846,-4.412256,44.992794,25,-68.45928,-4.412256,47.0275536,489.8762,245,244,5.151962,0.441775,0,0.44546587488449846,0.456468291878115,0.09806583323738649,0.0
9.55,True,False,120,20.0693722,-20.5627823,-4.85273266,45.4848862,25,-68.5426,-4.85273266,46.82129,490.172668,245,245,5.240524,0.3914485,1,0.44123165853754753,0.4520794396535994,0.10668890180885303,0.0
9.566668,True,False,120,20.4125137,-20.5850544,-4.455196,45.4527626,25,-68.6168442,-4.455196,46.61562,490.941,245,245,5.255112,0.4713453,1,0.44909290126098184,0.4528889454271935,0.09801815331182465,0.0
9.583334,True,False,120,20.7455025,-20.6053562,-4.058989,45.4098473,25,-68.68452,-4.058989,46.4100533,491.706573,245,245,5.195633,0.5511755,0,0.4568502990156472,0.4537640455464465,0.08938565543790626,0.0
9.6,True,False,120,20.6740227,-20.6236782,-3.6643312,44.9620323,25,-68.74559,-3.6643312,46.2040977,491.8757,246,245,5.186142,0.5007579,0,0.459810683245342,0.4586909718433301,0.08149834491132799,0.0
9.616667,True,False,120,20.5309067,-20.6440811,-4.14098358,45.31597,25,-68.8136,-4.14098358,45.99809,491.932861,246,246,5.226837,0.4503822,0,0.45306116309053074,0.45555861369246026,0.09138022321700921,0.0
9.633334,True,False,120,20.8912945,-20.6628056,-3.74580717,45.2999077,25,-68.8760147,-3.74580717,45.79236,492.701,246,246,5.317841,0.4000486,1,0.4611774230680451,0.4561335076657873,0.08268906926616762,0.0
9.650001,True,False,120,21.2412682,-20.6795712,-3.35184073,45.27268,25,-68.9319,-3.35184073,45.5872345,493.466156,246,246,5.334991,0.4799382,1,0.4691851275207461,0.456778152753909,0.07403671972534487,0.0
9.666667,True,False,120,21.3349762,-20.6943684,-2.95929742,44.9886436,25,-68.9812241,-2.95929742,45.3822365,493.875183,246,246,5.278198,0.5597613,0,0.47423027773355314,0.45999095484589597,0.06577876742055083,0.0
9.683333,True,False,120,21.1423168,-20.70721,-2.56840372,44.41793,25,-69.02403,-2.56840372,45.1768646,493.875183,247,246,5.271454,0.5093365,0,0.47598608382892305,0.46619033704589624,0.057823579125180734,0.0
9.700001,True,False,120,21.2750874,-20.7251225,-3.09431672,45.09453,25,-69.08374,-3.09431672,44.9714546,494.309448,247,247,5.315033,0.4589537,0,0.47178868467296925,0.4595928608951877,0.06861845443184297,0.0
9.716667,True,False,120,21.6235981,-20.738636,-2.70267534,45.06491,25,-69.1287842,-2.70267534,44.7663422,495.041443,247,247,5.409027,0.4086129,1,0.4798322767915453,0.4601947781036083,0.059972945104846534,0.0
9.733334,True,False,120,21.9614887,-20.7501984,-2.31232619,45.0240135,25,-69.16733,-2.31232619,44.5618629,495.770416,247,247,5.429352,0.4884954,1,0.4877727926772296,0.460869586776901,0.05135762054586938,0.0
9.750001,True,False,120,21.8363514,-20.75981,-1.92349112,44.5196533,25,-69.19936,-1.92349112,44.3575249,495.874664,247,247,5.375763,0.5683113,0,0.4904879118315275,0.46630664942126104,0.0432054387472115,0.0
9.766667,True,False,120,21.63529,-20.7674942,-1.53640676,43.93919,25,-69.2249756,-1.53640676,44.15284,495.874664,248,247,5.372406,0.5178794,0,0.49239163323912055,0.47264170655544546,0.03496666020543406,0.0
9.783334,True,False,120,21.8678856,-20.78211,-2.12459469,44.77459,25,-69.2737,-2.12459469,43.9481354,496.426178,248,248,5.419418,0.4674895,0,0.4883994573342639,0.4641496407984217,0.04745090186731444,0.0
9.8,True,False,120,22.218092,-20.7907963,-1.73645222,44.7453423,25,-69.30265,-1.73645222,43.74375,497.1377,248,248,5.516983,0.4171415,1,0.4965453775029178,0.4646471802065527,0.0388074422905297,0.0
9.816668,True,False,120,22.55724,-20.7975464,-1.34968054,44.7044678,25,-69.32515,-1.34968054,43.5400276,497.84613,248,248,5.541031,0.4970169,1,0.5045858175710974,0.4652230039542442,0.030191178474658263,0.0
9.833334,True,False,120,22.36821,-20.8023643,-0.9645121,44.1350861,25,-69.34121,-0.9645121,43.33647,497.874176,248,248,5.491226,0.5768258,0,0.5068124212395334,0.4713339430553375,0.021853635705129153,0.0
9.85,True,False,120,22.1582336,-20.8052673,-0.581194758,43.5446968,25,-69.35089,-0.581194758,43.1325874,497.874176,249,248,5.491837,0.5263867,0,0.5088618318527415,0.47779108306105866,0.013347085086199776,0.0
9.866667,True,False,120,22.3516712,-20.8155479,-1.21578169,44.383,25,-69.3851547,-1.21578169,42.92872,498.356842,249,249,5.542908,0.4759897,0,0.503608832258951,0.468998209438105,0.027392958302943988,0.0
9.883334,True,False,120,22.7250366,-20.8197079,-0.8311317,44.3758774,25,-69.399025,-0.8311317,42.7251968,499.064972,249,249,5.644714,0.4256347,1,0.5121033891833329,0.46916725218374394,0.018729358632923174,0.0
9.900001,True,False,120,23.0863361,-20.8219376,-0.447933078,44.356205,25,-69.406456,-0.447933078,42.5223579,499.7698,249,249,5.673065,0.5055031,1,0.5204758877499523,0.46942556887725945,0.010098543372788316,0.0
9.916667,True,False,120,22.9509716,-20.82227,-0.0664227158,43.8396645,25,-69.40756,-0.0664227158,42.3197174,499.873657,249,249,5.627777,0.5853048,0,0.5235206965699409,0.4749641751361578,0.0015151282939012145,0.0
9.933333,True,False,120,22.7313881,-20.8207016,0.313139528,43.23895,25,-69.4023361,0.313139528,42.1167831,499.873657,250,249,5.632935,0.5348587,0,0.5182097187238709,0.47465160826538566,0.0071386730107434885,0.014277346021487003
9.950001,True,False,120,22.7457123,-20.82575,-0.356280833,43.927742,25,-69.41917,-0.356280833,41.9138947,500.144318,250,250,5.688736,0.4844546,0,0.5177983360340827,0.4740910530492288,0.008110610916688544,0.0
9.966667,True,False,120,23.1263771,-20.82563,0.0248621367,43.9271469,25,-69.41876,0.0248621367,41.71138,500.848572,250,250,5.795395,0.4340926,1,0.5258759320843228,0.47355872215251726,0.0005653457631597796,0.001130691526319616
9.983334,True,False,120,23.4943886,-20.8236046,0.404479861,43.9135132,25,-69.41201,0.404479861,41.5095863,501.549377,250,250,5.828773,0.5139539,1,0.5253374196895243,0.46561836085400016,0.009044219456475553,0.018088438912951088
10,True,False,120,23.5372753,-20.8196945,0.782315969,43.5746536,25,-69.39898,0.782315969,41.3080254,501.873169,250,250,5.788635,0.5937486,0,0.5214365911869286,0.46123225357496017,0.01733115523811114,0.03466231047622237
10.01667,True,False,120,23.3078442,-20.8138962,1.158109,42.96363,25,-69.3796539,1.158109,41.106205,501.873169,250,250,5.79908,0.5432954,0,0.5147509214109709,0.4596723813308442,0.025576697258184785,0.05115339451636969
10.03333,True,False,120,23.0796261,-20.80624,1.53196943,42.3538971,25,-69.35413,1.53196943,40.9044647,501.873169,251,250,5.860344,0.4928843,1,0.5081621752924604,0.4581072558214885,0.033730568886051006,0.06746113777210183
10.05,True,False,120,23.3138847,-20.8087,0.799688756,43.3228951,25,-69.3623352,0.799688756,40.70314,502.3897,251,251,5.848274,0.5726966,0,0.518982743000201,0.46321564780957686,0.0178016091902221,0.035603218380444335
10.06667,True,False,120,23.6648235,-20.802824,1.17551088,43.2921371,25,-69.34274,1.17551088,40.50174,503.047424,251,251,5.886963,0.522261,0,0.5184747142820313,0.4557709137217687,0.02575437199620015,0.05150874399240013
10.08333,True,False,120,24.0026283,-20.7950764,1.54946315,43.24824,25,-69.31692,1.54946315,40.30061,503.70166,251,251,5.976639,0.4718675,1,0.5178877030346959,0.4486806284971305,0.03343166846817373,0.0668633369363475
10.1,True,False,120,23.91246,-20.7854671,1.921669,42.77626,25,-69.28489,1.921669,40.1000862,503.87265,251,251,5.993156,0.5516973,1,0.5129272237517304,0.4458525778604933,0.04122019838777625,0.0824403967755526
10.11667,True,False,120,23.6740475,-20.7740059,2.29185224,42.1562,25,-69.24668,2.29185224,39.89968,503.87265,251,251,5.936287,0.6314605,0,0.5065061038492932,0.4444597312627352,0.049034164887971736,0.09806832977594337
10.13333,True,False,120,23.43639,-20.760704,2.65973,41.537365,25,-69.20235,2.65973,39.6989059,503.87265,252,251,5.930138,0.580976,0,0.5001702633537433,0.4430668198937256,0.05676291675253107,0.11352583350506229
10.15,True,False,120,23.5628719,-20.7584686,1.85128808,42.47005,25,-69.19489,1.85128808,39.4981,504.2771,252,252,5.974915,0.5305335,0,0.510321214638545,0.44958386036076087,0.04009492500069398,0.08018985000138812
10.16667,True,False,120,23.8942966,-20.747366,2.22164154,42.42002,25,-69.15788,2.22164154,39.2976,504.918762,252,252,6.070839,0.480133,1,0.5098722132058356,0.4427209387118558,0.047406848082308516,0.0948136961646171
10.18333,True,False,120,24.2129459,-20.7344151,2.590165,42.3571968,25,-69.1147156,2.590165,39.09775,505.556763,252,252,6.093811,0.559956,1,0.5093438371193318,0.43616941908167456,0.05448674379899366,0.1089734875979873
10.2,True,False,120,24.24076,-20.719635,2.956576,42.00382,25,-69.0654449,2.956576,38.8980637,505.872162,252,252,6.043533,0.6397123,0,0.5058909086720027,0.43240702756440924,0.061702063763588055,0.123404127527176
10.21667,True,False,120,23.9921074,-20.7030334,3.3205812,41.37456,25,-69.01011,3.3205812,38.6980476,505.872162,252,252,6.044151,0.5892209,0,0.49967190746397605,0.4311719690479714,0.06915612348805251,0.138312246976105
10.23333,True,False,120,23.7447586,-20.6846218,3.68230748,40.7470741,25,-68.94874,3.68230748,38.49805,505.872162,253,252,6.095909,0.5387715,0,0.4935341004710559,0.42992924820246403,0.07653665132648013,0.15307330265296026
10.25,True,False,120,23.5467262,-20.6753426,2.83233356,41.3897362,25,-68.91781,2.83233356,38.29841,505.928162,253,253,6.198944,0.4883642,1,0.5004149456590824,0.43939231109171817,0.06019274324919934,0.12038548649839875
10.26667,True,False,120,23.8353271,-20.6593533,3.19734144,41.29734,25,-68.86451,3.19734144,38.0994644,506.561523,253,253,6.229202,0.5681803,1,0.49977598307666965,0.43318258490506467,0.06704143201826564,0.13408286403653136
10.28333,True,False,120,24.1111279,-20.6415577,3.56015062,41.1925354,25,-68.80519,3.56015062,37.9007339,507.190979,253,253,6.186455,0.6479298,0,0.49906256362607726,0.42724789755677894,0.07368953881714378,0.1473790776342876
10.3,True,False,120,24.3736687,-20.621954,3.92045379,41.07517,25,-68.7398453,3.92045379,37.701725,507.8165,253,253,6.194733,0.5974315,0,0.49827521847511125,0.42157825156348716,0.08014652996140166,0.16029305992280318
10.31667,True,False,120,24.1620617,-20.6005611,4.27838564,40.4842377,25,-68.66853,4.27838564,37.50278,507.871643,253,253,6.254341,0.5469753,0,0.4926909635139632,0.42006805641454303,0.0872409800714938,0.17448196014298745
10.33333,True,False,120,23.9069157,-20.5773888,4.634084,39.85022,25,-68.59129,4.634084,37.304245,507.871643,253,253,6.36544,0.4965611,1,0.48672027788533817,0.4189345259158899,0.09434519619877187,0.18869039239754382
10.35,True,False,120,23.6540833,-20.55245,4.987698,39.2188339,25,-68.50816,4.987698,37.10646,507.871643,254,253,6.403923,0.5763703,1,0.48083042818071225,0.4177817084825553,0.10138786333673232,0.20277572667346466
10.36667,True,False,120,23.46716,-20.5384083,4.09882355,39.9067459,25,-68.46136,4.09882355,36.908947,507.957428,254,254,6.369614,0.656113,0,0.4878382014094624,0.4269549517233945,0.08520684686714317,0.17041369373428628
10.38333,True,False,120,23.6678028,-20.51613,4.455675,39.7282562,25,-68.3871,4.455675,36.711216,508.567,254,254,6.386528,0.6056079,0,0.4865952640350032,0.42179883695526016,0.09160589900973667,0.1832117980194733
10.4,True,False,120,23.8572769,-20.492075,4.81006575,39.5392876,25,-68.3069153,4.81006575,36.513607,509.1725,254,254,6.454956,0.5551449,1,0.4853043026232838,0.41684942539184044,0.09784627198487571,0.19569254396975144
10.41667,True,False,120,24.0361652,-20.4662666,5.16213942,39.3402939,25,-68.22089,5.16213942,36.3164673,509.773834,254,254,6.450752,0.6349053,0,0.4839700536933378,0.4120898680336981,0.1039400782729641,0.20788015654592829
10.43333,True,False,120,23.8456516,-20.4387054,5.51157475,38.77278,25,-68.12901,5.51157475,36.1193161,509.871155,254,254,6.498039,0.5844178,0,0.4788674649109262,0.4104493014130617,0.1106832336760121,0.22136646735202425
10.45,True,False,120,23.5864735,-20.4094124,5.858516,38.13737,25,-68.03137,5.858516,35.92249,509.871155,254,254,6.597023,0.5339724,1,0.4731071400136484,0.40938034801697215,0.11751251196937935,0.2350250239387588
10.46667,True,False,120,23.3295918,-20.378397,6.20311832,37.50487,25,-67.9279861,6.20311832,35.7263374,509.871155,254,254,6.623634,0.6137505,1,0.46742284726141736,0.40829382828565075,0.12428332445293191,0.24856664890586389
10.48333,True,False,120,23.07436,-20.3456669,6.545047,36.87498,25,-67.8188858,6.545047,35.5303726,509.871155,255,254,6.577644,0.693462,0,0.46180978429414477,0.40719777460391193,0.13099244110194344,0.2619848822038867
10.5,True,False,120,23.0058556,-20.3288212,5.59041357,37.7442627,25,-67.76273,5.59041357,35.3341141,510.177521,255,255,6.58313,0.6429258,0,0.47022612377445466,0.41550911906879734,0.114264757156748,0.2285295143134961
10.51667,True,False,120,23.08748,-20.2991371,5.93622446,37.4503937,25,-67.66379,5.93622446,35.1379051,510.73877,255,255,6.640289,0.5924317,0,0.4680890084549298,0.41155652144061106,0.12035447010445927,0.24070894020891842
13.78333,True,False,-120,29.4915943,5.92293,45.2242622,-21.6555977,-21.6556,19.7431,45.2242622,50.0004959,544.208435,272,272,-37.6135,-2.059547,0,0.3657246789049833,0.0734501380424419,0.5608251830525749,0.7314493578099666
13.8,True,False,-120,29.2206287,6.148274,45.06858,-21.9962254,-21.99623,20.4942455,45.06858,50.024704,544.571167,272,272,-36.16886,-2.007873,0,0.3632712973997631,0.07643543524267946,0.5602932673575574,0.7265425947995263
13.81667,True,False,-120,28.9318523,6.372772,44.8998032,-22.340723,-22.34072,21.2425728,44.8998032,50.0384941,544.940247,272,272,-34.77479,-1.956241,0,0.36072637386508366,0.07945661104556852,0.5598170150893478,0.7214527477301673
13.83333,True,False,-120,28.6259575,6.59636545,44.71842,-22.6888256,-22.68883,21.9878845,44.71842,50.0422,545.3156,273,272,-33.43111,-1.904653,0,0.35808971049849364,0.08251568857854855,0.5593946009229578,0.7161794209969874
13.85,True,False,-120,27.8979836,6.818381,44.00197,-22.9223652,-22.92237,22.7279358,44.00197,50.0361633,546.200867,273,273,-32.13747,-1.853107,0,0.3544026146101928,0.08661744477505753,0.5589799406147498,0.7088052292203855
13.86667,True,False,-120,27.5660858,7.03732729,43.788784,-23.260025,-23.26003,23.457756,43.788784,50.0207367,546.596558,273,273,-30.89367,-1.801605,0,0.3516432352106691,0.08977076228544319,0.5585860025038878,0.7032864704213382
13.88333,True,False,-120,27.220129,7.255149,43.5645981,-23.599617,-23.59962,24.1838284,43.5645981,49.99627,546.998,273,273,-29.69954,-1.750145,0,0.348797696258772,0.09296720295536194,0.558235100785866,0.697595392517544
13.9,True,False,-120,26.8609238,7.47179556,43.3299,-23.9407711,-23.94077,24.9059849,43.3299,49.9631233,547.405151,274,273,-28.55489,-1.698728,0,0.3458668278427223,0.0962083898479522,0.5579247823093254,0.6917336556854448
13.91667,True,False,-120,26.0845642,7.685791,42.54338,-24.1446075,-24.14461,25.6193027,42.54338,49.92165,548.3631,274,274,-27.45952,-1.647354,0,0.34180693857584893,0.10071307582910712,0.557479985595044,0.6836138771516979
13.93333,True,False,-120,25.704792,7.89720249,42.2821274,-24.4745369,-24.47454,26.324007,42.2821274,49.87222,548.8086,274,274,-26.41332,-1.596023,0,0.338737424375301,0.10406923468716704,0.5571933409375319,0.677474848750602
13.95,True,False,-120,25.31465,8.10726,42.0119247,-24.8045349,-24.80453,27.0241985,42.0119247,49.8151855,549.25946,275,274,-25.41621,-1.544735,0,0.33558747345506484,0.10747511421423203,0.556937412330703,0.6711749469101297
13.96667,True,False,-120,24.5279617,8.31516,41.1913567,-24.9785538,-24.97856,27.7171974,41.1913567,49.75092,550.264,275,275,-24.46808,-1.49349,0,0.3313045790297619,0.11231469687777257,0.5563807240924655,0.6626091580595238
13.98333,True,False,-120,24.13127,8.519654,40.8986,-25.2869873,-25,28.3988476,40.8986,49.6797829,550.7346,275,275,-23.56876,-1.442287,-1,0.3280955292110388,0.11583561030252212,0.556068860486439,0.6561910584220776
14,True,False,-120,23.7269,8.722644,40.5983658,-25.5941086,-25,29.07548,40.5983658,49.6021347,551.2102,276,275,-22.59396,-1.521308,0,0.324812853166676,0.11940990541525391,0.55577724141807,0.6496257063333521
14.01667,True,False,-120,22.9444866,8.923473,39.7413673,-25.7203541,-25,29.74491,39.7413673,49.5174522,552.244263,276,276,-21.66793,-1.470082,0,0.32041198532757054,0.12461327855324388,0.5549747361191856,0.6408239706551411
14.03333,True,False,-120,22.5388718,9.120577,39.420887,-26.0025921,-25,30.4019222,39.420887,49.42609,552.7328,276,276,-20.79058,-1.418898,0,0.31709011425351197,0.12831364536125336,0.5545962403852347,0.6341802285070239
14.05,True,False,-120,22.1272449,9.316047,39.09368,-26.2824821,-25,31.0534878,39.09368,49.32842,553.2257,277,276,-19.96188,-1.367758,0,0.31369711945346496,0.13207324824217467,0.5542296323043604,0.6273942389069299
14.06667,True,False,-120,21.36307,9.509089,38.2158127,-26.3618317,-25,31.6969643,38.2158127,49.2248039,554.287048,277,277,-19.1818,-1.31666,0,0.30921547520261045,0.13763740295186577,0.5531471218455238,0.6184309504052208
14.08333,True,False,-120,20.9519215,9.69845,37.8719254,-26.618454,-25,32.328167,37.8719254,49.1156,554.8134,277,277,-18.45036,-1.265604,0,0.305767939019569,0.14153714102949166,0.5526949199509393,0.611535878039138
14.1,True,False,-120,20.53693,9.886068,37.52262,-26.87176,-25,32.95356,37.52262,49.0011749,555.3439,278,277,-17.76752,-1.214591,-1,0.3022554007824317,0.14549971419790458,0.5522448850196638,0.6045108015648633
14.11667,True,False,-120,19.80769,10.0704346,36.6372681,-26.900013,-25,33.5681152,36.6372681,48.88189,556.434631,278,278,-17.00903,-1.293802,0,0.2977910705471938,0.15140006231971023,0.5508088671330958,0.5955821410943877
14.13333,True,False,-120,19.4037724,10.2518082,36.2739639,-27.122,-25,34.17269,36.2739639,48.7572136,556.9781,278,278,-16.29906,-1.242765,0,0.2943107304495332,0.1554964208800199,0.550192848670447,0.5886214608990663
14.15,True,False,-120,18.9972477,10.4313345,35.9059,-27.3399849,-25,34.7711143,35.9059,48.62751,557.525146,279,278,-15.63765,-1.191772,0,0.29076908640442245,0.15966047558267785,0.5495704380128998,0.5815381728088448
14.16667,True,False,-120,18.3040352,10.6066332,35.00498,-27.3075752,-25,35.355442,35.00498,48.4931335,558.6241,279,279,-15.02483,-1.14082,0,0.28637799440676565,0.1659473613350686,0.5476746442581658,0.5727559888135314
14.18333,True,False,-120,17.9088287,10.7797651,34.6252861,-27.4962234,-25,35.93255,34.6252861,48.3544426,559.177368,280,279,-14.46069,-1.089911,0,0.2828578619456869,0.17025911406828823,0.5468830239860248,0.5657157238913738
14.2,True,False,-120,17.24582,10.950325,33.733345,-27.43785,-25,36.5010834,33.733345,48.21179,560.278442,280,280,-13.94523,-1.039045,-1,0.2784750851331086,0.17681923426141566,0.5447056806054756,0.5569501702662173
14.21667,True,False,-120,16.8632374,11.1170511,33.34396,-27.5977745,-25,37.0568352,33.34396,48.0655251,560.86084,280,280,-13.35423,-1.118402,0,0.2749848194226138,0.18128312000431607,0.5437320605730701,0.5499696388452278
14.23333,True,False,-120,16.4801826,11.2818069,32.95115,-27.7527733,-25,37.60602,32.95115,47.9151344,561.446,281,280,-12.81185,-1.067511,0,0.2714434261795999,0.1858215040913837,0.5427350697290164,0.5428868523591998
14.25,True,False,-120,15.8630934,11.442729,32.06263,-27.6422653,-25,38.14243,32.06263,47.7609634,562.567261,281,281,-12.31824,-1.016664,0,0.267197354128773,0.1927409008896449,0.5400617449815822,0.5343947082575459
14.26667,True,False,-120,15.4952641,11.601038,31.6616859,-27.76746,-25,38.6701241,31.6616859,47.60336,563.160339,282,281,-11.87342,-0.965858,0,0.263713320136149,0.19743763179910112,0.53884904806475,0.527426640272298
14.28333,True,False,-120,14.9085312,11.7566843,30.77874,-27.6268921,-25,39.1889458,30.77874,47.44268,564.2723,282,282,-11.47749,-0.9150947,0,0.2595317657050967,0.2046635576827574,0.5358046766121459,0.5190635314101935
14.3,True,False,-120,14.5573864,11.9085426,30.3712025,-27.7223587,-25,39.69514,30.3712025,47.2792625,564.8659,282,282,-11.13051,-0.8643738,-1,0.25612457940457467,0.20952047166560475,0.5343549489298206,0.5122491588091492
14.31667,True,False,-120,14.2077494,12.0583467,29.9616776,-27.8122749,-25,40.19449,29.9616776,47.1134567,565.4616,283,282,-10.70833,-0.9438765,0,0.25268205488278117,0.2144553466465986,0.5328625984706202,0.5053641097655623
14.33333,True,False,-120,13.6674356,12.2043562,29.0890484,-27.6259689,-25,40.6811867,29.0890484,46.9447441,566.580933,283,283,-10.33511,-0.8931316,0,0.2486758854170501,0.22205548815463708,0.529268626428313,0.4973517708341001
14.35,True,False,-120,13.3330936,12.3477268,28.67416,-27.6887932,-25,41.15909,28.67416,46.7734756,567.202454,284,283,-10.01097,-0.842429,0,0.2452966315484128,0.22716826883447833,0.5275350996171089,0.4905932630968256
14.36667,True,False,-120,12.82515,12.4882555,27.8193951,-27.482502,-25,41.6275177,27.8193951,46.5999832,568.317,284,284,-9.73597,-0.7917686,-1,0.24137914537107988,0.23503853286438658,0.5235823217645336,0.4827582907421597
14.38333,True,False,-120,12.50763,12.6252613,27.400362,-27.5179939,-25,42.0842,27.400362,46.4246178,568.9428,284,284,-9.385986,-0.8713318,0,0.23808976627761985,0.240328944181342,0.5215812895410382,0.4761795325552396
14.4,True,False,-120,12.19208,12.7601595,26.9798851,-27.547966,-25,42.5338631,26.9798851,46.2468643,569.57,285,284,-9.085152,-0.8206474,0,0.2347695206754549,0.24570840492822818,0.5195220743963169,0.46953904135090985
14.41667,True,False,-120,11.7258024,12.8909941,26.1351357,-27.3003273,-25,42.96998,26.1351357,46.0670662,570.674866,285,285,-8.833603,-0.7700052,0,0.23104149717476175,0.2540000654398731,0.5149584373853652,0.4620829943495235
14.43333,True,False,-120,11.4257774,13.0195494,25.7114868,-27.30526,-25,43.3984947,25.7114868,45.8855629,571.3051,286,285,-8.631462,-0.7194052,-1,0.2278011017829091,0.2595768842859667,0.5126220139311242,0.45560220356581815
14.45,True,False,-120,10.9882154,13.1449823,24.88045,-27.0372162,-25,43.8166046,24.88045,45.7026863,572.4007,286,286,-8.354568,-0.7990287,0,0.22418685234888158,0.2681902473461489,0.5076229003049696,0.44837370469776316
14.46667,True,False,-120,10.7063828,13.2672529,24.4543476,-27.0152168,-25,44.2241745,24.4543476,45.5179443,573.0378,287,286,-8.12706,-0.7484045,0,0.221078435863754,0.2739584016499816,0.5049631624862644,0.44215687172750795
14.48333,True,False,-120,10.2970972,13.3872623,23.64131,-26.7314758,-25,44.6242065,23.64131,45.331665,574.1226,287,287,-7.949059,-0.6978225,0,0.21757953577392072,0.2828752861066234,0.49954517811945587,0.4351590715478415
14.5,True,False,-120,10.0296412,13.5033312,23.2134018,-26.6870918,-25,45.0111,23.2134018,45.14418,574.7698,287,287,-7.82074,-0.6472827,-1,0.21455441992333174,0.28886371255719767,0.49658186751947064,0.4291088398466635
14.51667,True,False,-120,9.765022,13.6172552,22.78503,-26.6372643,-25,45.39085,22.78503,44.9558449,575.417542,288,287,-7.61792,-0.7269663,0,0.21151378740148832,0.2949545040824907,0.4935317085160211,0.4230275748029766
14.53333,True,False,-120,9.391995,13.727828,21.9891434,-26.324976,-25,45.7594261,21.9891434,44.7661438,576.4951,288,288,-7.464745,-0.6764021,0,0.20820683224521855,0.30432592665213454,0.48746724110264694,0.41641366449043704
14.55,True,False,-120,9.141892,13.8356228,21.5596657,-26.2533951,-25,46.11874,21.5596657,44.5754166,577.143433,289,288,-7.361404,-0.6258801,-1,0.20526427352086196,0.3106533158290071,0.4840824106501308,0.41052854704172403
14.56667,True,False,-120,8.791484,13.9408827,20.779459,-25.9288578,-25,46.46961,20.779459,44.384,578.209167,289,289,-7.183715,-0.7055815,0,0.2020481526244025,0.32039296158515357,0.4775588857904438,0.40409630524880513
14.58333,True,False,-120,8.555908,14.04263,20.3493862,-25.83611,-25,46.8087654,20.3493862,44.19139,578.8651,289,289,-7.055817,-0.6550351,0,0.19921586803955474,0.32696877117055173,0.47381536078989356,0.39843173607910953
14.6,True,False,-120,8.323099,14.1422272,19.9191856,-25.7383137,-25,47.1407547,19.9191856,43.9979324,579.5211,290,289,-6.977852,-0.6045309,0,0.19637123672142898,0.3336649780639918,0.46996378521457927,0.39274247344285795
14.61667,True,False,-120,8.00638,14.2383595,19.15899,-25.39097,-25,47.4611969,19.15899,43.80396,580.5772,290,290,-6.949966,-0.5540688,-1,0.19337340130192862,0.34389074781294765,0.46273585088512376,0.3867468026038573
14.63333,True,False,-120,7.787437,14.3320055,18.72881,-25.2733784,-25,47.77335,18.72881,43.6098022,581.2362,291,290,-6.84803,-0.6338301,-1,0.19064308809783231,0.35085969711923415,0.4584972147829335,0.38128617619566474
14.65,True,False,-120,7.48988676,14.42294,17.9827633,-24.9158173,-24.91582,48.0764656,17.9827633,43.4149666,582.2748,291,291,-6.671898,-0.7135249,0,0.18773720977019684,0.361517149597461,0.450745640632342,0.37547441954039373
14.66667,True,False,-120,7.283766,14.5107031,17.5529,-24.7798386,-24.77984,48.3690071,17.5529,43.21896,582.9252,291,291,-6.545647,-0.6629719,0,0.1851144350080575,0.3687845828553757,0.4461009821365668,0.37022887001611504
14.68333,True,False,-120,7.08030033,14.5963221,17.1232357,-24.6392574,-24.63926,48.6544037,17.1232357,43.0221176,583.5751,292,291,-6.46949,-0.6124611,0,0.18248263450544733,0.37619524409328037,0.44132212140127214,0.3649652690108949
14.7,True,False,-120,6.809574,14.6785088,16.3944569,-24.2633915,-24.26339,48.92836,16.3944569,42.8247681,584.6,292,292,-6.443535,-0.5619923,0,0.1797549492174095,0.38747425373911765,0.43277079704347277,0.35950989843481906
14.71667,True,False,-120,6.617794,14.7583427,15.9656115,-24.10616,-24.10616,49.1944733,15.9656115,42.62726,585.25885,293,292,-6.467995,-0.5115657,-1,0.1772223936746486,0.3952236681838051,0.42755393814154635,0.3544447873492972
14.73333,True,False,-120,6.364637,14.8355188,15.2576752,-23.7285576,-23.72856,49.45173,15.2576752,42.4299164,586.268433,293,293,-6.418762,-0.5913624,-1,0.1745753059198722,0.40692269378285284,0.41850200029727497,0.3491506118397444
14.75,True,False,-120,6.18443251,14.90967,14.8299236,-23.55516,-23.55516,49.6989,14.8299236,42.232254,586.930542,293,293,-6.295593,-0.6710926,0,0.17215310141082624,0.4150333805667084,0.41281351802246535,0.3443062028216525
14.76667,True,False,-120,6.006686,14.9816818,14.4026814,-23.3776779,-23.37768,49.93894,14.4026814,42.0337753,587.591736,294,293,-6.222626,-0.6205751,0,0.16972330958755527,0.42331838525996573,0.4069583051524791,0.33944661917511043
14.78333,True,False,-120,5.776591,15.0504274,13.7123117,-22.9861488,-22.98615,50.16809,13.7123117,41.83482,588.5857,294,294,-6.20005,-0.5700996,0,0.1672467585003914,0.43574751902903874,0.39700572247056987,0.3344935170007828
14.8,True,False,-120,5.60919857,15.11686,13.28659,-22.79425,-22.79425,50.389534,13.28659,41.63572,589.2437,295,294,-6.22805,-0.5196661,-1,0.16491507735588262,0.4444481872350702,0.3906367354090473,0.329830154711765
14.81667,True,False,-120,5.393288,15.1807728,12.612545,-22.40003,-22.40003,50.6025734,12.612545,41.4368134,590.219238,295,295,-6.182449,-0.5994561,0,0.1625139983432714,0.45743674093962333,0.38004926071710543,0.3250279966865427
14.83333,True,False,-120,5.236578,15.2417145,12.18857,-22.1937065,-22.19371,50.8057137,12.18857,41.2376137,590.8744,295,295,-6.187393,-0.5489982,0,0.16030244716645192,0.4665802998374882,0.37311725299605986,0.32060489433290384
14.85,True,False,-120,5.08237267,15.3005419,11.7653074,-21.9834766,-21.98348,51.0018044,11.7653074,41.0384521,591.5282,296,295,-6.243073,-0.4985823,-1,0.15809187440421296,0.4759374224266002,0.3659707031691868,0.31618374880842604
19.56667,True,False,-120,-19.710762,8.757982,31.02985,-59.4985962,-25,29.1932716,31.02985,37.610527,718.0516,359,359,-70.62614,-1.989565,-1,0.33128113918120483,0.1471964530792106,0.5215224077395846,0.0
19.58333,True,False,-120,-19.8405876,8.913223,31.0481529,-59.8019638,-25,29.710743,31.0481529,37.8504448,718.4087,359,359,-69.12953,-2.06813,-1,0.3317715078034185,0.1490456580075335,0.519182834189048,0.0
19.6,True,False,-120,-19.9579563,9.068484,31.0523148,-60.0787544,-25,30.22828,31.0523148,38.08206,718.772339,359,359,-67.56555,-2.146629,-1,0.33219656876678527,0.1509432741225359,0.5168601571106789,0.0
19.61667,True,False,-120,-20.0621281,9.223697,31.0417576,-60.3275833,-25,30.7456551,31.0417576,38.3048134,719.1425,359,359,-65.93437,-2.225064,-1,0.3325531573138932,0.15289352875065557,0.5145533139354513,0.0
19.63334,True,False,-120,-20.1524258,9.378778,31.0159225,-60.5471268,-25,31.2625942,31.0159225,38.518116,719.5193,359,359,-64.23618,-2.303432,-1,0.3328386833777774,0.15490046469802482,0.5122608519241977,0.0
19.65,True,False,-120,-20.2584457,9.533649,30.974268,-60.7663651,-25,31.77883,30.974268,38.7213631,719.818054,359,359,-62.47104,-2.381736,-1,0.3333825623234151,0.15689023624907536,0.5097272014275095,0.0
19.66667,True,False,-120,-20.46046,9.68823,30.91628,-61.0649719,-25,32.2940979,30.91628,38.9139481,719.818054,359,359,-60.6391,-2.459974,0,0.33506051014190297,0.15865446261580085,0.5062850272422962,0.0
19.68333,True,False,-120,-20.65154,9.842439,30.8414745,-61.335453,-25,32.80813,30.8414745,39.0952339,719.818054,360,359,-58.86463,-2.407966,0,0.3366982523411195,0.16046900183105356,0.502832745827827,0.0
19.7,True,False,-120,-20.6928139,10.0029678,31.3982182,-62.094,-25,33.3432236,31.3982182,39.26537,720.20575,360,360,-57.14684,-2.356001,-1,0.33324981372314527,0.16109395136582272,0.5056562349110321,0.0
19.71667,True,False,-120,-20.71624,10.1594744,31.30164,-62.1773529,-25,33.8649139,31.30164,39.4245224,720.6063,360,360,-55.36067,-2.434261,0,0.3331798240679085,0.16339508970809477,0.5034250862239967,0.0
19.73333,True,False,-120,-20.7235451,10.3154211,31.1886539,-62.22762,-25,34.3847351,31.1886539,39.57208,721.0133,360,360,-53.63048,-2.382274,0,0.3330280840999092,0.16576917265071497,0.5012027432493759,0.0
19.75,True,False,-120,-20.714922,10.4707174,31.05976,-62.2454,-25,34.90239,31.05976,39.7082253,721.426758,360,360,-51.95552,-2.33033,0,0.3327944265709058,0.1682167276767446,0.49898884575234975,0.0
19.76667,True,False,-120,-20.7014256,10.6252928,30.9154663,-62.2421837,-25,35.41764,30.9154663,39.8331833,721.817566,360,360,-50.33522,-2.27843,0,0.3325947779593283,0.17070886652216116,0.4966963555185106,0.0
19.78333,True,False,-120,-20.82009,10.7790775,30.7563019,-62.35547,-25,35.9302559,30.7563019,39.9471855,721.817566,360,360,-48.76892,-2.226573,0,0.3338935653974886,0.1728649884880828,0.49324144611442855,0.0
19.8,True,False,-120,-20.9279079,10.93199,30.582798,-62.4426956,-25,36.4399643,30.582798,40.0504875,721.817566,361,360,-47.25613,-2.174759,0,0.3351538174058881,0.17507235782239824,0.4897738247717136,0.0
19.81667,True,False,-120,-20.8960342,11.0905342,31.06862,-63.05519,-25,36.9684448,31.06862,40.14336,722.1723,361,361,-45.79631,-2.122989,0,0.331392780360006,0.1758861480144273,0.49272107162556666,0.0
19.83333,True,False,-120,-20.82685,11.2449207,30.87741,-62.94918,-25,37.4830666,30.87741,40.226078,722.597656,361,361,-44.38901,-2.071261,0,0.33085180408074794,0.17863490159769466,0.49051329432155744,0.0
19.85,True,False,-120,-20.7442646,11.3982849,30.6733227,-62.8158722,-25,37.99428,30.6733227,40.29894,723.0289,361,361,-43.03381,-2.019577,-1,0.3302392193799707,0.18145549048031845,0.4883052901397109,0.0
19.86667,True,False,-120,-20.6487865,11.5505676,30.4568882,-62.6562424,-25,38.5018921,30.4568882,40.3622475,723.4658,361,361,-41.60606,-2.098117,0,0.3295567327694658,0.18434823372738393,0.48609503350315025,0.0
19.88334,True,False,-120,-20.5737228,11.7017078,30.22786,-62.50329,-25,39.00569,30.22786,40.415432,723.8171,361,361,-40.23006,-2.04641,0,0.32916223454001636,0.18721746787520335,0.48362029758478026,0.0
19.9,True,False,-120,-20.6179047,11.8516407,29.9867916,-62.456337,-25,39.5054665,29.9867916,40.4588051,723.8171,361,361,-38.90543,-1.994746,0,0.3301170976453518,0.18975881822848498,0.4801240841261632,0.0
19.91667,True,False,-120,-20.65246,12.0003119,29.7342415,-62.3870125,-25,40.0010376,29.7342415,40.4926949,723.8171,362,361,-37.63191,-1.943126,0,0.3310378053776173,0.19235272288254784,0.47660947173983487,0.0
19.93333,True,False,-120,-20.5187073,12.1548929,30.1611214,-62.83472,-25,40.5163078,30.1611214,40.517437,724.265259,362,362,-36.40918,-1.891548,0,0.3265504609158641,0.19344229735554364,0.4800072417285923,0.0
19.95,True,False,-120,-20.372488,12.30437,29.8951416,-62.572,-25,41.0145645,29.8951416,40.53336,724.722534,362,362,-35.23693,-1.840014,0,0.325584736467332,0.19664338807545478,0.4777718754572133,0.0
19.96667,True,False,-120,-20.2157478,12.4524641,29.6190968,-62.2873077,-25,41.508213,29.6190968,40.54081,725.184937,362,362,-34.11496,-1.788522,-1,0.3245564501328342,0.19991976471444495,0.4755237851527208,0.0
19.98333,True,False,-120,-20.04905,12.59913,29.33351,-61.98169,-25,41.997097,29.33351,40.5401344,725.6524,362,362,-32.91875,-1.867255,0,0.32346730139174973,0.20327180494755792,0.4732608936606924,0.0
20,True,False,-120,-19.9815331,12.744319,29.0381985,-61.76405,-25,42.48106,29.0381985,40.5307846,725.8166,362,362,-31.77264,-1.81574,0,0.3235139681722882,0.20633878245025597,0.47014724937745583,0.0
20.01667,True,False,-120,-19.9641113,12.887989,28.733696,-61.5857964,-25,42.95996,28.733696,40.51311,725.8166,363,362,-30.67642,-1.764269,0,0.3241674622951981,0.20926885376652993,0.46656368393827197,0.0
20.03333,True,False,-120,-19.86782,13.0354567,29.1120586,-62.0153351,-25,43.45152,29.1120586,40.4874725,726.024,363,363,-29.62993,-1.71284,0,0.3203694683563212,0.2101973106642221,0.46943322097945667,0.0
20.05,True,False,-120,-19.6748676,13.1794424,28.7972813,-61.6515923,-25,43.9314728,28.7972813,40.4542236,726.4929,363,363,-28.63301,-1.661455,0,0.3191299232530921,0.21377294765788143,0.46709712908902645,0.0
20.06667,True,False,-120,-19.4740047,13.3218174,28.4746075,-61.27043,-25,44.4060555,28.4746075,40.4137268,726.9662,363,363,-27.68556,-1.610112,0,0.3178369211238564,0.21742653816809537,0.4647365407080482,0.0
20.08333,True,False,-120,-19.2657986,13.4625406,28.144516,-60.8728561,-25,44.8751335,28.144516,40.3663445,727.4437,363,363,-26.78745,-1.558812,-1,0.31649244210250216,0.22115835631117234,0.4623492015863254,0.0
20.1,True,False,-120,-19.0879574,13.6015759,27.807457,-60.49699,-25,45.3385849,27.807457,40.3124352,727.81604,363,363,-25.81435,-1.637736,0,0.31551912426294704,0.22483062103669643,0.45965025470035653,0.0
20.11667,True,False,-120,-19.030262,13.7388916,27.4633045,-60.23246,-25,45.7963028,27.4633045,40.2514648,727.81604,364,363,-24.8905,-1.586413,0,0.31594695950155816,0.22809780695302556,0.4559552335454162,0.0
20.13334,True,False,-120,-18.9625645,13.8783445,27.7997189,-60.64063,-25,46.2611465,27.7997189,40.1837959,727.8278,364,364,-24.01582,-1.535133,0,0.31270396030975134,0.22886215035382246,0.4584338893364262,0.0
20.15,True,False,-120,-18.73727,14.0155859,27.4480629,-60.20092,-25,46.7186165,27.4480629,40.1098,728.316162,364,364,-23.19028,-1.483895,0,0.31124558185314605,0.23281348822204356,0.4559409299248104,0.0
20.16667,True,False,-120,-18.5065269,14.1510353,27.0904427,-59.7480049,-25,47.1701164,27.0904427,40.0298271,728.8083,364,364,-22.41385,-1.4327,0,0.3097430103477815,0.2368453193321607,0.45341167032005786,0.0
20.18333,True,False,-120,-18.2709141,14.2846727,26.7272663,-59.2828522,-25,47.6155739,26.7272663,39.944252,729.304,364,364,-21.68653,-1.381548,0,0.3081989672322299,0.24095791536726832,0.4508431174005018,0.0
20.2,True,False,-120,-18.0309925,14.4164734,26.35893,-58.8063965,-25,48.05491,26.35893,39.8534355,729.803162,364,364,-21.00835,-1.330438,-1,0.30661618050291023,0.245151452990167,0.4482323665069228,0.0
20.21667,True,False,-120,-17.9406338,14.5464029,25.9858112,-58.472847,-25,48.4880066,25.9858112,39.7577438,729.815552,364,364,-20.25492,-1.409553,0,0.3068199077746647,0.24877192444734678,0.4444081677779884,0.0
20.23333,True,False,-120,-17.8495026,14.6744423,25.6078,-58.1317444,-25,48.9148064,25.6078,39.65664,729.815552,365,364,-19.55058,-1.35842,0,0.3070525859959177,0.25243423064701437,0.44051318335706796,0.0
20.25,True,False,-120,-17.642004,14.8069792,25.9093246,-58.3583069,-25,49.3565941,25.9093246,39.55049,730.1947,365,365,-18.89528,-1.307329,0,0.3023049273543192,0.2537253007874227,0.44396977185825803,0.0
20.26667,True,False,-120,-17.3974018,14.9346132,25.52667,-57.8586845,-25,49.7820435,25.52667,39.43966,730.691,365,365,-18.28913,-1.256282,0,0.3006878189506036,0.25812223696407893,0.4411899440853176,0.0
20.28333,True,False,-120,-17.1500835,15.060317,25.1400166,-57.3504181,-25,50.2010536,25.1400166,39.3244972,731.1902,365,365,-17.73215,-1.205276,-1,0.299040257546793,0.26260169954369866,0.4383580429095083,0.0
20.3,True,False,-120,-16.9005375,15.1840677,24.74969,-56.8342934,-25,50.6135559,24.74969,39.2053757,731.6922,365,365,-17.10007,-1.284495,0,0.29736512858173,0.26716382505610803,0.435471046362162,0.0
20.31667,True,False,-120,-16.75868,15.3058443,24.3555965,-56.42012,-25,51.0194778,24.3555965,39.08176,731.815063,365,365,-16.51713,-1.233466,0,0.297033748995447,0.27128343723787274,0.43168281376668016,0.0
20.33333,True,False,-120,-16.6493015,15.4256353,23.9580612,-56.0329971,-25,51.41878,23.9580612,38.9540138,731.815063,366,365,-15.98342,-1.18248,0,0.29713386922470214,0.27529555530832023,0.42757057546697746,0.0
20.35,True,False,-120,-16.46244,15.5489683,24.2269344,-56.2383423,-25,51.82989,24.2269344,38.8225,732.0931,366,366,-15.49902,-1.131536,0,0.2927262648513289,0.2764834017770584,0.43079033337161265,0.0
20.36667,True,False,-120,-16.21259,15.6680994,23.82648,-55.70717,-25,52.2269974,23.82648,38.6875648,732.6018,366,366,-15.06403,-1.080635,-1,0.2910323783207696,0.281258221675144,0.42770940000408636,0.0
20.38334,True,False,-120,-15.9618425,15.7852163,23.4232922,-55.17035,-25,52.6173859,23.4232922,38.549572,733.1129,366,366,-14.55423,-1.159958,0,0.2893192124153787,0.28611774284343416,0.42456304474118717,0.0
20.4,True,False,-120,-15.709981,15.9003029,23.0172882,-54.62757,-25,53.0010071,23.0172882,38.4079933,733.6261,366,366,-14.0938,-1.109033,0,0.28758336488470815,0.29106735461157357,0.4213492805037184,0.0
20.41667,True,False,-120,-15.5426178,16.0133476,22.6087475,-54.16471,-25,53.3778229,22.6087475,38.2632,733.8145,366,366,-13.68286,-1.05815,0,0.28695098649733636,0.29564169627491926,0.41740731722774443,0.0
20.43333,True,False,-120,-15.4228811,16.1243382,22.1979218,-53.74514,-25,53.74779,22.1979218,38.11553,733.8145,367,366,-13.32156,-1.00731,-1,0.28696326373585423,0.3000148082223567,0.41302192804178905,0.0
20.45,True,False,-120,-15.24991,16.2382717,22.4391861,-53.92737,-25,54.12757,22.4391861,37.96534,734.026367,367,367,-12.88567,-1.086694,0,0.2827860995655716,0.30111374544039954,0.41610015499402886,0.0
20.46667,True,False,-120,-15.0042458,16.3484039,22.0264473,-53.379097,-25,54.49468,22.0264473,37.8121147,734.533936,367,367,-12.49944,-1.03583,0,0.281088415564617,0.30626977260405885,0.41264181183132415,0.0
20.48333,True,False,-120,-14.7585554,16.45646,21.6116943,-52.82671,-25,54.85487,21.6116943,37.65621,735.043152,367,367,-12.16294,-0.9850086,0,0.27937676762026314,0.3115177926744887,0.4091054397052482,0.0
31.61667,True,False,120,-7.75773,0.55733037,-30.2830772,21.9680176,21.96802,1.85776782,-30.2830772,34.3924942,999.3558,499,499,100.6462,3.083893,1,0.2009871586661636,0.0144393073108579,0.7845735340229786,0.43085293195404284
31.63334,True,False,120,-7.829849,0.404652953,-30.5350418,22.30054,22.30054,1.3488431,-30.5350418,34.75319,999.629761,500,499,97.85457,3.161546,0,0.2019587604611448,0.010437392701292436,0.7876038468375627,0.42479230632487464
31.65,True,False,120,-7.89869976,0.251408875,-30.5491314,22.3990231,22.39902,0.838029563,-30.5491314,35.10677,999.8998,500,500,95.14188,3.108953,0,0.20410477706684504,0.0064964809327682695,0.7893987420003866,0.42120251599922676
31.66667,True,False,120,-7.95424032,0.09759981,-30.7634335,22.7115936,22.71159,0.3253327,-30.7634335,35.4525642,1000.194,500,500,92.50603,3.056404,0,0.2049255248287683,0.002514469199170244,0.7925600059720616,0.414879988055877
31.68333,True,False,120,-8.001656,-0.0572055541,-30.96026,23.01581,23.01581,-0.190685168,-30.96026,35.78999,1000.49371,500,500,89.94517,3.003898,1,0.2050701215532417,0.001466090260916933,0.7934637881858414,0.41014024310648334
31.7,True,False,120,-8.04057,-0.212903842,-31.1393566,23.31169,23.31169,-0.7096794,-31.1393566,36.1185341,1000.79919,500,500,87.3332,3.081618,-1,0.20411252275559452,0.005404634285253221,0.7904828429591523,0.4082250455111889
31.71667,True,False,120,-8.070379,-0.369402915,-31.2997246,23.59875,23.59875,-1.231343,-31.2997246,36.4372864,1001.1106,500,500,84.82286,2.998827,0,0.20308201353617136,0.009295609014685822,0.7876223774491428,0.4061640270723428
31.73334,True,False,120,-8.090763,-0.5266097,-31.4414024,23.8772488,23.87725,-1.75536561,-31.4414024,36.745945,1001.4281,501,500,82.38325,2.94637,0,0.20197230144463402,0.013145926171866395,0.7848817723834995,0.40394460288926815
31.75,True,False,120,-8.091639,-0.684372,-31.3351784,23.9279118,23.92791,-2.28124,-31.3351784,37.0441628,1001.77856,501,501,80.01273,2.893956,0,0.20173021845121353,0.017061872515802285,0.7812079090329842,0.40346043690242706
31.76667,True,False,120,-8.091649,-0.841547847,-31.4348755,24.1847744,24.18477,-2.80515933,-31.4348755,37.331665,1002.11475,501,501,77.7098,2.841586,0,0.20044675233548376,0.020846867290717698,0.7787063803737985,0.4008935046709675
31.78333,True,False,120,-8.081572,-0.9991249,-31.51578,24.4333324,24.43333,-3.3304162,-31.51578,37.6082344,1002.45734,501,501,75.47301,2.78926,0,0.19907077207480534,0.024611123336173046,0.7763181045890216,0.39814154414961067
31.8,True,False,120,-8.061314,-1.1570214,-31.57801,24.6737175,24.67372,-3.85673785,-31.57801,37.8737144,1002.80646,501,501,73.30105,2.736977,0,0.19759892512332733,0.028360908033688726,0.7740401668429839,0.39519785024665466
31.81667,True,False,120,-8.030766,-1.31512678,-31.6217327,24.9060936,24.90609,-4.38375568,-31.6217327,38.1279831,1003.16211,501,501,71.19259,2.684738,0,0.19602712888303822,0.03210161107926629,0.7718712600376956,0.3920542577660764
31.83334,True,False,120,-7.98991,-1.47336423,-31.64717,25.1306229,25,-4.911214,-31.64717,38.3709755,1003.52441,502,501,69.14651,2.632543,0,0.19435231483510534,0.03583917074106499,0.7698085144238297,0.3887046296702107
31.85,True,False,120,-7.916623,-1.63108015,-31.41693,25.1313858,25,-5.43693352,-31.41693,38.60267,1003.95142,502,502,67.16164,2.58039,1,0.19325506885443697,0.03981678888780675,0.7669281422577564,0.38651013770887377
31.86667,True,False,120,-7.85490274,-1.78808367,-31.4023724,25.3355541,25,-5.96027851,-31.4023724,38.823082,1004.33252,502,502,65.11265,2.658463,0,0.19137127723406056,0.043563601874625685,0.7650651208913137,0.3827425544681212
31.88334,True,False,120,-7.78281641,-1.9449296,-31.3695278,25.531641,25,-6.48309851,-31.3695278,39.0315323,1004.72021,502,502,63.12373,2.60629,0,0.18937549108442917,0.04732502717800103,0.7632994817375697,0.3787509821688585
31.9,True,False,120,-7.700408,-2.10152173,-31.3187714,25.7198849,25,-7.005072,-31.3187714,39.22807,1005.11456,502,502,61.19396,2.554159,0,0.18726353851933944,0.05110617456050171,0.7616302869201588,0.37452707703867893
31.91667,True,False,120,-7.60788,-2.25778222,-31.250515,25.9004173,25,-7.52594042,-31.250515,39.41279,1005.5155,503,502,59.32235,2.502073,0,0.18503373889290772,0.054912260152963716,0.7600540009541287,0.3700674777858154
31.93333,True,False,120,-7.47512436,-2.4129765,-30.9279938,25.8658466,25,-8.043255,-30.9279938,39.585804,1005.99805,503,503,57.50814,2.450029,0,0.18314158721622292,0.059118260090785475,0.7577401526929917,0.36628317443244574
31.95,True,False,120,-7.364063,-2.567083,-30.8223267,26.0253468,25,-8.556943,-30.8223267,39.74727,1006.41241,503,503,55.75048,2.398029,0,0.1806978034536919,0.06299053381038616,0.7563116627359219,0.3613956069073839
31.96667,True,False,120,-7.243631,-2.72058582,-30.7005825,26.1775379,25,-9.068619,-30.7005825,39.8973541,1006.83313,503,503,54.04867,2.346072,0,0.17813025321970283,0.06690272337485619,0.754967023405441,0.35626050643940577
31.98334,True,False,120,-7.114103,-2.8734045,-30.5632687,26.32257,25,-9.578014,-30.5632687,40.03626,1007.26019,503,503,52.40202,2.294159,0,0.1754369130916907,0.0708594204418706,0.7537036664664386,0.3508738261833815
32,True,False,120,-6.97584629,-3.02545571,-30.4109,26.46051,25,-10.0848522,-30.4109,40.164196,1007.69336,504,503,50.80989,2.242289,0,0.17261732706374178,0.07486490614889038,0.7525177667873678,0.34523465412748355
32.01667,True,False,120,-6.789696,-3.17554116,-30.0128765,26.3987217,25,-10.5851364,-30.0128765,40.2814064,1008.2287,504,504,49.27172,2.190462,0,0.16983532684268224,0.07943199088898682,0.7507326822683308,0.33967065368536464
32.03334,True,False,120,-6.63214159,-3.324691,-29.8288574,26.5214062,25,-11.082303,-29.8288574,40.38814,1008.68329,504,504,47.78697,2.138679,1,0.1666966588154426,0.08356499537486091,0.7497383458096964,0.3333933176308852
32.05,True,False,120,-6.46683645,-3.47284365,-29.631443,26.6374512,25,-11.5761452,-29.631443,40.4846649,1009.1438,504,504,46.23083,2.217119,0,0.16342312129119224,0.08776206935607547,0.7488148093527323,0.3268462425823846
32.06667,True,False,120,-6.29386,-3.61994624,-29.4203739,26.74646,25,-12.0664873,-29.4203739,40.5704,1009.61023,505,504,44.72766,2.165313,0,0.16000994497911503,0.09203055020126828,0.7479595048196167,0.32001988995823005
32.08334,True,False,120,-6.07404375,-3.76505661,-28.9826641,26.6736774,25,-12.5501881,-28.9826641,40.6456261,1010.17688,505,505,43.27699,2.113551,0,0.15645975484340469,0.09698313980239939,0.7465571053541961,0.31291950968680926
32.1,True,False,120,-5.88663435,-3.90877938,-28.74349,26.7656345,25,-13.0292645,-28.74349,40.7106361,1010.65814,505,505,41.87835,2.061831,0,0.15274524649795998,0.10142424930881655,0.7458305041932235,0.30549049299592
32.11667,True,False,120,-5.69282532,-4.051239,-28.4924374,26.8508511,25,-13.5041294,-28.4924374,40.76574,1011.14484,505,505,40.53143,2.010154,0,0.1488845753120325,0.1059521352049044,0.7451632894830631,0.29776915062406506
32.13334,True,False,120,-5.493053,-4.19239664,-28.23007,26.9294128,25,-13.9746542,-28.23007,40.8112526,1011.63678,506,505,39.23585,1.958521,0,0.14487611015635285,0.1105720475363634,0.7445518423072838,0.28975222031270564
32.15,True,False,120,-5.24840355,-4.331326,-27.7622623,26.8451843,25,-14.4377527,-27.7622623,40.8474922,1012.22821,506,506,37.99128,1.906931,0,0.1405496410336772,0.11599075960914494,0.7434595993571779,0.28109928206735435
32.16667,True,False,120,-5.03812551,-4.46871567,-27.4769821,26.9075718,25,-14.8957176,-27.4769821,40.8748,1012.73334,506,506,36.79742,1.855383,1,0.13622511312194438,0.12082892664092353,0.742945960237132,0.2724502262438887
32.18333,True,False,120,-4.82311249,-4.60462856,-27.1820869,26.963604,25,-15.3487616,-27.1820869,40.89351,1013.24335,507,506,35.52978,1.93406,0,0.131743653550822,0.1257757497874283,0.7424805966617497,0.2634873071016439
32.2,True,False,120,-4.56603527,-4.738921,-26.7069016,26.8797874,25,-15.7964029,-26.7069016,40.9030571,1013.8454,507,507,34.3126,1.88249,0,0.1267925494564327,0.131593349532455,0.7416141010111122,0.2535850989128654
32.21667,True,False,120,-4.34150743,-4.870878,-26.3915634,26.9209347,25,-16.23626,-26.3915634,40.9038,1014.36713,507,507,33.1457,1.830963,0,0.12193893016557288,0.13680724077144452,0.7412538290629825,0.24387786033114578
32.23333,True,False,120,-4.11336851,-5.001211,-26.06762,26.9554615,25,-16.6707039,-26.06762,40.89608,1014.89325,507,507,32.02882,1.779479,0,0.11691618395918758,0.14215174348546575,0.7409320725553465,0.23383236791837525
32.25,True,False,120,-3.88202238,-5.129891,-25.7355862,26.9834557,25,-17.0996361,-25.7355862,40.8802528,1015.42358,508,507,30.96185,1.728038,0,0.11172091307066073,0.14763338548114316,0.7406457014481962,0.22344182614132135
32.26667,True,False,120,-3.61452341,-5.256527,-25.2539959,26.896,25,-17.5217552,-25.2539959,40.85667,1016.03564,508,508,29.94452,1.676639,0,0.10591995618598765,0.15403721220620373,0.7400428316078086,0.2118399123719753
32.28334,True,False,120,-3.37725329,-5.38106155,-24.9062614,26.91007,25,-17.93687,-24.9062614,40.825695,1016.57574,508,508,28.97679,1.625284,1,0.10032068325836142,0.15984343636579812,0.7398358803758405,0.20064136651672293
32.3,True,False,120,-3.13801241,-5.50382376,-24.5519447,26.9177551,25,-18.3460789,-24.5519447,40.78768,1017.11951,508,508,27.93419,1.704153,0,0.09453615489870529,0.1658088839459161,0.7396549611553787,0.1890723097974104
32.31667,True,False,120,-2.89708042,-5.6247673,-24.190979,26.9186668,25,-18.7492237,-24.190979,40.74209,1017.66681,509,508,26.94105,1.652774,0,0.088560993056243,0.17194378670312602,0.7394952202406311,0.17712198611248586
32.33334,True,False,120,-2.62278,-5.743353,-23.7075882,26.8281612,25,-19.1445084,-23.7075882,40.6892776,1018.28485,509,509,25.9972,1.601439,0,0.08177348626451239,0.17906724836156523,0.7391592653739223,0.16354697252902484
32.35,True,False,120,-2.37571669,-5.86002254,-23.334053,26.81836,25,-19.5334072,-23.334053,40.6296158,1018.83997,509,509,25.10263,1.550146,0,0.0752528452734768,0.1856211943780664,0.7391259603484568,0.1505056905469535
32.36667,True,False,120,-2.12812948,-5.97479439,-22.955265,26.80193,25,-19.9159813,-22.955265,40.56347,1019.39807,510,509,24.25723,1.498896,0,0.06852072053871826,0.19237420491608978,0.7391050745451919,0.13704144107743665
32.38334,True,False,120,-1.85906446,-6.08747768,-22.4907665,26.71918,25,-20.2915916,-22.4907665,40.4911957,1020.00513,510,510,23.46093,1.447688,0,0.06107847714094081,0.20000052409364405,0.7389209987654152,0.12215695428188156
32.4,True,False,120,-1.61043835,-6.19800138,-22.1023,26.6898632,25,-20.6600037,-22.1023,40.4131622,1020.56372,510,510,22.71377,1.396524,1,0.053841475153647095,0.20721658628133166,0.7389419385650212,0.10768295030729425
32.41667,True,False,120,-1.36222076,-6.306548,-21.7097836,26.65411,25,-21.0218258,-21.7097836,40.32973,1021.12488,510,510,21.8914,1.475583,0,0.046367865349781996,0.2146650360004328,0.7389670986497853,0.09273573069956398
32.43333,True,False,120,-1.11461318,-6.41311932,-21.3131924,26.6116982,25,-21.3770638,-21.3131924,40.2403755,1021.68848,511,510,21.11808,1.424395,0,0.03864692910732555,0.22236177730902107,0.7389912935836535,0.07729385821465107
32.45,True,False,120,-0.8490824,-6.51745,-20.86363,26.5319977,25,-21.7248325,-20.86363,40.1454544,1022.29138,511,511,20.39379,1.37325,0,0.03007713480245512,0.23086831409797345,0.7390545510995714,0.060154269604910215
32.46667,True,False,120,-0.5976169,-6.61974955,-20.4598,26.4819336,25,-22.06583,-20.4598,40.0453262,1022.86627,511,511,19.71857,1.322147,0,0.02159241630026039,0.23917728579473133,0.7392302979050083,0.04318483260052075
32.48333,True,False,120,-0.3476857,-6.720014,-20.05296,26.4252872,25,-22.4000454,-20.05296,39.94036,1023.44312,512,511,19.09243,1.271087,1,0.012819957325743076,0.24778209948926871,0.7393979431849883,0.025639914651486073
32.5,True,False,120,-0.0950044841,-6.818205,-19.6330624,26.3562622,25,-22.7273483,-19.6330624,39.8309174,1024.02844,512,512,18.39112,1.350251,0,0.003578825852262265,0.25684228014268895,0.7395788940050487,0.007157651704524537
32.51667,True,False,120,0.154533148,-6.91430473,-19.2207928,26.28963,25,-23.0476818,-19.2207928,39.71647,1024.60876,512,512,17.73882,1.299167,0,0.005878102659286053,0.26300501572987517,0.7311168816108388,0.0
32.53334,True,False,120,0.401785851,-7.008337,-18.8061333,26.2162552,25,-23.3611221,-18.8061333,39.597374,1025.19055,513,512,17.13564,1.248126,0,0.015325828702839944,0.26732791133995204,0.717346259957208,0.0
32.55,True,False,120,0.639821231,-7.10028458,-18.41307,26.1531773,25,-23.667614,-18.41307,39.474,1025.75757,513,513,16.58158,1.197128,0,0.02446437999055135,0.27148842768890913,0.7040471923205396,0.0
32.56667,True,False,120,0.8888688,-7.1902647,-17.9945145,26.0736485,25,-23.9675484,-17.9945145,39.3466873,1026.34143,513,513,16.07679,1.146172,1,0.03409069570932306,0.27576749904731396,0.690141805243363,0.0
32.58334,True,False,120,1.13492537,-7.278129,-17.5743561,25.9874115,25,-24.26043,-17.5743561,39.2158127,1026.92639,513,513,15.49699,1.22544,0,0.04367212236518,0.2800636488349583,0.6762642287998616,0.0
32.6,True,False,120,1.37777317,-7.36388826,-17.152626,25.8942871,25,-24.5462933,-17.152626,39.08085,1027.51233,514,513,14.96636,1.17446,0,0.053207610895821426,0.2843827342191513,0.6624096548850272,0.0
32.61667,True,False,120,1.60172617,-7.44772,-16.7939739,25.84342,25,-24.8257332,-16.7939739,38.9421463,1028.05371,514,514,14.48507,1.123523,0,0.06197810373632951,0.2881863151172313,0.6498355811464392,0.0
32.63334,True,False,120,1.84468889,-7.529564,-16.3698826,25.7441349,25,-25.0985451,-16.3698826,38.80007,1028.64087,514,514,14.05315,1.072629,0,0.07165472271215118,0.2924768634365201,0.6358684138513289,0.0
32.65,True,False,120,2.0839076,-7.60929728,-15.9448671,25.638073,25,-25.3643227,-15.9448671,38.65497,1029.22876,514,514,13.67075,1.021777,1,0.08128175947183684,0.29679678276650195,0.6219214577616612,0.0
32.66667,True,False,120,2.28622937,-7.686886,-15.5191088,25.4922237,25,-25.6229515,-15.5191088,38.5071945,1029.73975,515,514,13.21372,1.101148,0,0.08968340128949996,0.30153845928619105,0.608778139424309,0.0
32.68333,True,False,120,2.52686548,-7.76290655,-15.1980333,25.4878044,25,-25.8763542,-15.1980333,38.3562279,1030.32837,515,515,12.80616,1.050272,0,0.09914017496931346,0.3045733616327805,0.596286463397906,0.0
32.7,True,False,120,2.76299429,-7.836767,-14.77112,25.370882,25,-26.1225567,-14.77112,38.20243,1030.91675,515,515,12.44827,0.9994387,0,0.1089041511178818,0.30888824516666996,0.5822076037154482,0.0
32.71667,True,False,120,2.99485159,-7.90847874,-14.3438358,25.2471657,25,-26.3615952,-14.3438358,38.04615,1031.50537,516,515,12.14014,0.9486475,1,0.11862129692414711,0.3132422347632407,0.5681364683126122,0.0
32.73333,True,False,120,3.17837143,-7.978435,-14.06191,25.2187157,25,-26.5947819,-14.06191,37.8877335,1031.98108,516,516,11.75764,1.02808,0,0.1260322442984859,0.3163695909007055,0.5575981648008086,0.0
32.75,True,False,120,3.409106,-8.046604,-13.6342211,25.0899315,25,-26.8220119,-13.6342211,37.7266731,1032.56213,516,516,11.42488,0.9772649,0,0.13587546280667148,0.3207104861280388,0.5434140510652896,0.0
32.76667,True,False,120,3.63506722,-8.112639,-13.2064905,24.9541969,24.9542,-27.04213,-13.2064905,37.56332,1033.14307,516,516,11.14207,0.9264922,0,0.14566957457246493,0.32510118802974636,0.5292292373977887,0.0
32.78334,True,False,120,3.85616159,-8.17653751,-12.77884,24.8115387,24.81154,-27.255125,-12.77884,37.39802,1033.72363,517,516,10.90936,0.8757617,1,0.15541807279500852,0.3295457600209896,0.515036167184002,0.0
32.8,True,False,120,4.016763,-8.2391,-12.5413828,24.7972469,24.79725,-27.4636669,-12.5413828,37.2311249,1034.16052,517,517,10.60263,0.955255,0,0.1619842393948444,0.33225867366286305,0.5057570869422926,0.0
32.81667,True,False,120,4.23903847,-8.299677,-12.1140347,24.65275,24.65275,-27.6655884,-12.1140347,37.06213,1034.74487,517,517,10.34592,0.9045006,0,0.17194992204798706,0.3366633313836077,0.4913867465684053,0.0
32.83334,True,False,120,4.456024,-8.358105,-11.6870289,24.5011578,24.50116,-27.8603477,-11.6870289,36.89137,1035.32849,517,517,10.13953,0.8537885,0,0.18186993521640868,0.3411310205873984,0.4769990441961928,0.0
32.85,True,False,120,4.59259462,-8.41441,-11.260457,24.2674618,24.26746,-28.04803,-11.260457,36.7192039,1035.73828,518,517,9.983536,0.8031186,1,0.18924907317933157,0.3467363060776523,0.4640146207430162,0.0
32.86667,True,False,120,4.807811,-8.469886,-11.0636024,24.3413,24.3413,-28.23295,-11.0636024,36.54598,1036.30835,518,518,9.753914,0.8826724,0,0.19751661244510224,0.34796359310218256,0.45451979445271523,0.0
32.88334,True,False,120,5.02251434,-8.523073,-10.6378088,24.1833954,24.1834,-28.410244,-10.6378088,36.37119,1036.88879,518,518,9.574684,0.8319785,0,0.20768440920887135,0.3524349082593327,0.43988068253179596,0.0
32.9,True,False,120,5.23171043,-8.574137,-10.2126579,24.0185051,24.01851,-28.5804539,-10.2126579,36.1951866,1037.46838,519,518,9.446159,0.7813268,1,0.2178199833053475,0.35698045661861344,0.4251995600760391,0.0
32.91667,True,False,120,5.33490944,-8.62354,-10.0662708,24.02472,24.02472,-28.7451324,-10.0662708,36.0183067,1037.815,519,519,9.244125,0.8608987,0,0.22205917016746912,0.3589444502934199,0.4189963795391109,0.0
32.93333,True,False,120,5.54248857,-8.671757,-9.642106,23.8563519,23.85635,-28.9058533,-9.642106,35.84006,1038.385,519,519,9.092728,0.810223,0,0.2323275859570173,0.36349887678990134,0.4041735372530813,0.0
32.95,True,False,120,5.74433851,-8.717851,-9.218768,23.6809578,23.68096,-29.0595016,-9.218768,35.6607933,1038.954,519,519,8.992188,0.7595894,0,0.24257205425812195,0.36813760576693844,0.38929033997493967,0.0
32.96667,True,False,120,5.94053555,-8.76182,-8.796296,23.4986515,23.49865,-29.2060661,-8.796296,35.48085,1039.52173,520,519,8.942703,0.7089981,1,0.25280325287431227,0.3728647995548494,0.37433194757083843,0.0
32.98333,True,False,120,6.012582,-8.804309,-8.695934,23.512825,23.51283,-29.3476963,-8.695934,35.3005829,1039.81628,520,520,8.82016,0.7886302,0,0.25571499809146714,0.37444709429853706,0.3698379076099958,0.0
33,True,False,120,6.213725,-8.845681,-8.274597,23.3340034,23.334,-29.4856033,-8.274597,35.11949,1040.3866,520,520,8.748688,0.7380147,1,0.2662948573375944,0.3790897344103367,0.35461540825206883,0.0
33.01667,True,False,120,6.40893841,-8.884959,-7.8542614,23.148159,23.14816,-29.61653,-7.8542614,34.93792,1040.95544,520,520,8.604172,0.8176227,0,0.2768660117897299,0.3838300520109487,0.3393039361993215,0.0
33.03334,True,False,120,6.598023,-8.922126,-7.435074,22.9552231,22.95522,-29.74042,-7.435074,34.75538,1041.52271,521,520,8.510696,0.766983,0,0.2874301417154606,0.38867520476712425,0.3238946535174152,0.0
33.05,True,False,120,6.63657236,-8.957829,-7.38453054,22.9789314,22.97893,-29.85943,-7.38453054,34.5722122,1041.7627,521,521,8.468552,0.7163855,1,0.2888111766413303,0.3898279101475557,0.32136091321111404,0.0
33.06667,True,False,120,6.82797956,-8.99266052,-6.966595,22.7872353,22.78724,-29.9755344,-6.966595,34.38877,1042.3186,521,521,8.353592,0.7960116,0,0.29964054594727074,0.3946358778688651,0.30572357618386403,0.0
33.08334,True,False,120,7.013082,-9.025406,-6.549945,22.5884323,22.58843,-30.0846863,-6.549945,34.2045631,1042.8728,521,521,8.289932,0.7453899,0,0.31047226693414276,0.39955874761210747,0.2899689854537497,0.0
33.1,True,False,120,7.19195461,-9.05608,-6.13458538,22.38262,22.38262,-30.1869316,-6.13458538,34.01993,1043.425,521,521,8.277802,0.6948104,1,0.32131871126852835,0.4046032146391277,0.274078074092344,0.0
33.11667,True,False,120,7.25587463,-9.084681,-5.72051525,22.06107,22.06107,-30.2822666,-5.72051525,33.8352356,1043.73621,522,521,8.1931,0.7744544,0,0.32889947498323796,0.4117969181739014,0.2593036068428605,0.0
33.13334,True,False,120,7.37488127,-9.113483,-5.721485,22.20985,22.20985,-30.3782768,-5.721485,33.64997,1044.15369,522,522,8.159927,0.7238507,0,0.33205453942281526,0.4103352026035609,0.25761025797362375,0.0
33.15,True,False,120,7.552634,-9.140035,-5.30881262,22.00148,22.00148,-30.46678,-5.30881262,33.4644966,1044.70483,522,522,8.178558,0.6732891,1,0.34327842690077887,0.4154281587877898,0.24129341431143128,0.0
33.16667,True,False,120,7.724269,-9.164519,-4.89751673,21.7863045,21.7863,-30.5483952,-4.89751673,33.27916,1045.254,522,522,8.124847,0.7529511,0,0.35454700077538115,0.4206550451568939,0.22479795406772504,0.0
35.45,True,False,-120,0.6647339,-2.8003664,25.31061,-21.8455086,-21.84551,-9.334555,25.31061,25.44645,1070.092,535,535,-68.66096,-2.363898,-1,0.023100520997391332,0.09731702087645774,0.879582458126151,0.24083508374769813
35.46667,True,False,-120,0.6822518,-2.67284727,25.5034637,-22.148365,-22.14837,-8.909491,25.5034637,25.6761055,1070.1416,535,535,-67.05399,-2.442151,-1,0.023641225844733913,0.0926188629455437,0.8837399112097224,0.23252017758055532
35.48333,True,False,-120,0.700235367,-2.544435,25.68192,-22.4372482,-22.43725,-8.48145,25.68192,25.8966064,1070.19714,535,535,-65.38206,-2.520339,-1,0.024207324752620746,0.08796180150228626,0.887830873745093,0.2243382525098141
35.5,True,False,-120,0.7186909,-2.415212,25.8451557,-22.7112522,-22.71125,-8.050706,25.8451557,26.1073742,1070.25879,535,535,-63.64534,-2.598462,0,0.024800353590506218,0.08334335608817879,0.891856290321315,0.21628741935736995
35.51667,True,False,-120,0.737592459,-2.28525162,25.9923439,-22.9695,-22.9695,-7.617505,25.9923439,26.3078117,1070.32654,535,535,-61.9683,-2.546338,0,0.025420909198790618,0.07876053126569336,0.895818559535516,0.20836288092896793
35.53334,True,False,-120,0.756980658,-2.154635,26.12349,-23.211874,-23.21187,-7.182116,26.12349,26.49807,1070.40063,535,535,-60.34986,-2.494258,0,0.026071221056205466,0.07420792696190298,0.8997208519818916,0.20055829603621678
35.55,True,False,-120,0.7768824,-2.02344131,26.23864,-23.4383163,-23.43832,-6.74480438,26.23864,26.6783237,1070.4812,535,535,-58.78897,-2.442221,0,0.026753103442615927,0.06968021759341218,0.9035666789639719,0.19286664207205628
35.56667,True,False,-120,0.797309458,-1.89174712,26.33789,-23.6488342,-23.64883,-6.30582333,26.33789,26.8487644,1070.56824,535,535,-57.28483,-2.390228,0,0.027467906617649335,0.06517210189217029,0.9073599914901804,0.18528001701963914
35.58334,True,False,-120,0.8182876,-1.75963807,26.42138,-23.8434525,-23.84345,-5.86546,26.42138,27.0096035,1070.66174,535,535,-55.83659,-2.338278,-1,0.028217489387910577,0.0606786276203971,0.9111038829916923,0.17779223401661526
35.6,True,False,-120,0.839828,-1.62719584,26.4892788,-24.0222549,-24.02225,-5.423986,26.4892788,27.1610756,1070.762,535,535,-54.3191,-2.416552,0,0.029003288522059734,0.05619487612870176,0.9148018353492385,0.17039632930152293
35.61667,True,False,-120,0.8619035,-1.49448717,26.5409126,-24.1845226,-24.18452,-4.98162365,26.5409126,27.3026028,1070.8689,535,535,-52.857,-2.36458,0,0.02982643369683541,0.05171718468108807,0.9184563816220765,0.1630872367558469
35.63334,True,False,-120,0.8845195,-1.36160266,26.5765076,-24.3303852,-24.33039,-4.53867531,26.5765076,27.4344349,1070.98254,535,535,-51.4495,-2.312651,0,0.030688369082391462,0.04724075045676887,0.9220708804608397,0.15585823907832064
35.65,True,False,-120,0.9076955,-1.2286166,26.596323,-24.46001,-24.46001,-4.09538841,26.596323,27.5568256,1071.10291,535,535,-50.09602,-2.260766,0,0.03159109830479836,0.04276031751783184,0.9256485841773697,0.14870283164526044
35.66667,True,False,-120,0.9314197,-1.09561765,26.60065,-24.5736141,-24.57361,-3.6520586,26.60065,27.6700535,1071.2301,535,535,-48.79597,-2.208924,0,0.032535624991726755,0.03827125944911509,0.9291931155591582,0.14161376888168375
35.68333,True,False,-120,0.955694556,-0.9626644,26.5898075,-24.6714478,-24.67145,-3.20888138,26.5898075,27.7744,1071.364,535,535,-47.54884,-2.157125,0,0.03352353640403481,0.03376802227831078,0.9327084413176544,0.13458311736469108
35.7,True,False,-120,0.9805377,-0.8298386,26.564127,-24.75375,-24.75375,-2.76612854,26.564127,27.8701611,1071.50476,535,535,-46.35413,-2.105369,-1,0.03455699962860671,0.029245925161269695,0.9361970752101235,0.12760584957975296
35.71667,True,False,-120,1.00595069,-0.697218657,26.5239735,-24.8208046,-24.8208,-2.324062,26.5239735,27.95764,1071.65222,536,535,-45.08717,-2.183837,0,0.03563770855068717,0.024700291516542947,0.9396619999327699,0.12067600013446023
35.73333,True,False,-120,1.0450536,-0.564936161,26.44599,-24.836,-24.836,-1.88312054,26.44599,28.036274,1071.80188,536,536,-43.87244,-2.132059,0,0.03724887203735105,0.02013603395114026,0.9426150940115087,0.11476981197698277
35.75,True,False,-120,1.10257471,-0.433064342,26.3752365,-24.8395977,-24.8396,-1.44354773,26.3752365,28.1063824,1071.964,536,536,-42.70953,-2.080324,0,0.03950340819462374,0.01551597122752991,0.9449806205778464,0.11003875884430736
35.76667,True,False,-120,1.16216981,-0.301617265,26.2902966,-24.82651,-24.82651,-1.00539088,26.2902966,28.1682816,1072.13281,536,536,-41.59818,-2.028632,0,0.041873831022814334,0.010867491376473989,0.9472586776007117,0.10548264479857661
35.78334,True,False,-120,1.22367871,-0.170658231,26.1915951,-24.7972584,-24.79726,-0.568860769,26.1915951,28.2222977,1072.30823,536,536,-40.53799,-1.976984,0,0.04435879520696598,0.006186422512255764,0.9494547822807783,0.10109043543844343
35.8,True,False,-120,1.28709769,-0.04026404,26.07957,-24.7522087,-24.75221,-0.134213462,26.07957,28.2687645,1072.49023,536,536,-39.52875,-1.925378,-1,0.046962487544387366,0.0014691188490803017,0.9515683936065323,0.09686321278693533
35.81667,True,False,-120,1.35246277,0.0895149,25.954668,-24.691721,-24.69172,0.298383,25.954668,28.30802,1072.679,536,536,-38.4458,-2.003996,0,0.0493659985346666,0.0032673671469942395,0.9473666343183391,0.09873199706933322
35.83334,True,False,-120,1.41944051,0.218597129,25.81646,-24.6156158,-24.61562,0.728657067,25.81646,28.33951,1072.874,536,536,-37.41376,-1.952368,0,0.05170156557458327,0.007962160949886613,0.9403362734755301,0.10340313114916644
35.85,True,False,-120,1.48809373,0.346924037,25.6654224,-24.5242519,-24.52425,1.15641344,25.6654224,28.36358,1073.07556,536,536,-36.43237,-1.900783,0,0.05411163315799155,0.012615217607182237,0.9332731492348262,0.108223266315983
35.86667,True,False,-120,1.55824554,0.4744371,25.5020256,-24.4182167,-24.41822,1.5814569,25.5020256,28.3805771,1073.28345,536,536,-35.50143,-1.849241,0,0.05659204834922921,0.017230511246557518,0.9261774404042132,0.11318409669845841
35.88334,True,False,-120,1.62988007,0.601073,25.3267479,-24.2979412,-24.29794,2.00357676,25.3267479,28.3908482,1073.49756,536,536,-34.62079,-1.797741,-1,0.05914426866647287,0.02181143487456893,0.9190442964589582,0.11828853733294564
35.9,True,False,-120,1.702863,0.726763248,25.1400642,-24.1639652,-24.16397,2.422544,25.1400642,28.3947487,1073.7179,537,536,-33.66599,-1.876466,0,0.06176576422618236,0.02636095060155896,0.9118732851722586,0.12353152845236481
35.91667,True,False,-120,1.79073346,0.851199448,24.8848457,-23.9453125,-23.94531,2.8373313,24.8848457,28.3917313,1073.956,537,537,-32.76149,-1.824944,0,0.06505423266199287,0.03092259577924673,0.9040231715587603,0.1301084653239858
35.93333,True,False,-120,1.876709,0.974566162,24.6736488,-23.7715054,-23.77151,3.24855375,24.6736488,28.3821526,1074.19019,537,537,-31.90718,-1.773465,0,0.06818216837186988,0.035406679536897315,0.8964111520912328,0.13636433674373982
35.95,True,False,-120,1.963888,1.09682882,24.4517059,-23.5846462,-23.58465,3.656096,24.4517059,28.3663731,1074.4303,537,537,-31.10298,-1.722029,0,0.07138186338538492,0.03986667518025108,0.888751461434364,0.14276372677076976
35.96667,True,False,-120,2.05215454,1.21792138,24.2195053,-23.385273,-23.38527,4.05973768,24.2195053,28.3447533,1074.676,537,537,-30.34877,-1.670635,-1,0.07465208449617844,0.0443048357213206,0.881043079782501,0.14930416899235688
35.98333,True,False,-120,2.141397,1.337811,23.9775238,-23.1739388,-23.17394,4.45936966,23.9775238,28.3176517,1074.92749,537,537,-29.52025,-1.749466,0,0.07799169309728261,0.04872433506452505,0.8732839718381924,0.1559833861945652
36,True,False,-120,2.23141241,1.456439,23.7254753,-22.9505024,-22.9505,4.85479641,23.7254753,28.2845268,1075.18445,537,537,-28.74181,-1.69805,0,0.08139881866968053,0.05312886740844596,0.8654723139218735,0.16279763733936115
36.01667,True,False,-120,2.32208467,1.57375956,23.46385,-22.7155247,-22.71552,5.245865,23.46385,28.2457466,1075.4469,538,537,-28.01338,-1.646677,0,0.08487246423440749,0.05752109459887045,0.857606441166722,0.16974492846881506
36.03334,True,False,-120,2.42570019,1.6897155,23.0982647,-22.36228,-22.36228,5.632385,23.0982647,28.2016735,1075.74792,538,538,-27.33502,-1.595346,0,0.08913532294188894,0.062090664540210685,0.8487740125179004,0.17827064588377783
36.05,True,False,-120,2.521473,1.80379879,22.8170967,-22.0994225,-22.09942,6.01266241,22.8170967,28.1526737,1076.02319,538,538,-26.7067,-1.544058,-1,0.09289804612773495,0.0664569413190514,0.8406450125532136,0.1857960922554699
36.06667,True,False,-120,2.61752677,1.91643918,22.5278111,-21.8267231,-21.82672,6.38813,22.5278111,28.0991116,1076.30347,538,538,-26.00409,-1.622995,0,0.09672412736103005,0.07081719638954752,0.8324586762494225,0.19344825472206006
38.38334,True,False,120,21.08296,-0.575284541,-24.4946747,46.15292,25,-1.917615,-24.4946747,24.64802,1104.02356,552,552,63.97699,1.818478,1,0.45680664076544325,0.01246474871927376,0.5307286105152831,0.0
38.4,True,False,120,21.4941368,-0.698562562,-24.655159,46.84786,25,-2.32854176,-24.655159,24.8505764,1104.07336,552,552,62.9609,1.897186,1,0.458807244376291,0.014911301955408691,0.5262814536683004,0.0
38.41667,True,False,120,21.9072361,-0.822582662,-24.80393,47.53375,25,-2.74194217,-24.80393,25.0470085,1104.12915,552,552,61.87283,1.975828,1,0.46087751693410184,0.01730523435293618,0.521817248712962,0.0
38.43333,True,False,120,22.3213787,-0.9472826,-24.9403172,48.2089767,25,-3.15760851,-24.9403172,25.2368011,1104.19092,552,552,60.71336,2.054404,1,0.4630128949942385,0.019649505745076096,0.5173375992606855,0.0
38.45,True,False,120,22.7357769,-1.07259738,-25.0636368,48.87201,25,-3.57532454,-25.0636368,25.4194317,1104.25879,552,552,59.48301,2.132915,1,0.4652105857232507,0.021947068604241275,0.512842345672508,0.0
38.46667,True,False,120,23.14958,-1.19846976,-25.1731987,49.5212479,25,-3.994899,-25.1731987,25.5943661,1104.33289,552,552,58.18225,2.211361,1,0.4674676168291416,0.024201121685533532,0.5083312614853248,0.0
38.48333,True,False,120,23.5618725,-1.32480907,-25.2683163,50.155,25,-4.41603,-25.2683163,25.7610645,1104.41321,552,552,56.81157,2.289741,1,0.4697811484524742,0.02641429820082654,0.5038045533466992,0.0
38.5,True,False,120,23.9713135,-1.45155418,-25.3482952,50.7711639,25,-4.838514,-25.3482952,25.9189682,1104.49988,552,552,55.37128,2.368056,0,0.47214426734044507,0.028590130650164854,0.4992656020093901,0.0
38.51667,True,False,120,24.3768272,-1.57861459,-25.4124546,51.367897,25,-5.26204824,-25.4124546,26.0675182,1104.5929,552,552,53.98602,2.316125,0,0.4745537371225803,0.030731540532917663,0.4947147223445021,0.0
38.53334,True,False,120,24.778635,-1.70591688,-25.4610043,51.9455566,25,-5.68638945,-25.4610043,26.2069626,1104.69226,552,552,52.65511,2.264236,1,0.47701164107547345,0.032840477712640405,0.4901478812118862,0.0
38.55,True,False,120,25.1773186,-1.83339119,-25.4941883,52.5048981,25,-6.111304,-25.4941883,26.3375587,1104.79822,552,552,51.25362,2.342572,0,0.4795232352768862,0.03491847916469311,0.4855582855584208,0.0
38.56667,True,False,120,25.5715446,-1.96094775,-25.51138,53.0438728,25,-6.53649235,-25.51138,26.458746,1104.91064,552,552,49.9061,2.290662,0,0.4820829148986518,0.036968412431525655,0.4809486726698225,0.0
38.58334,True,False,120,25.9611778,-2.08851242,-25.5128746,53.5625648,25,-6.96170759,-25.5128746,26.5707989,1105.02954,552,552,48.61198,2.238795,0,0.4846888472806332,0.03899201666347686,0.4763191360558898,0.0
38.6,True,False,120,26.34663,-2.21600723,-25.4989872,54.0616226,25,-7.38669062,-25.4989872,26.6740017,1105.15491,552,552,47.37076,2.186971,0,0.48734440146381675,0.0409903929703283,0.47166520556585506,0.0
38.61667,True,False,120,26.72834,-2.34335876,-25.4700642,54.5417633,25,-7.811196,-25.4700642,26.76865,1105.28687,552,552,46.18195,2.13519,0,0.4900527329782521,0.04296448506291554,0.46698278195883236,0.0
38.63334,True,False,120,27.10659,-2.470489,-25.4264679,55.0035477,25,-8.234963,-25.4264679,26.8550472,1105.42529,552,552,45.04515,2.083453,1,0.4928153096977824,0.04491508528516367,0.46226960501705383,0.0
38.65,True,False,120,27.4813213,-2.59733248,-25.3685818,55.4472351,25,-8.657775,-25.3685818,26.93351,1105.57019,552,552,43.83563,2.16194,0,0.4956301430095571,0.04684331784679391,0.4575265391436491,0.0
38.66667,True,False,120,27.8497581,-2.723814,-25.2959042,55.8694763,25,-9.07938,-25.2959042,27.003479,1105.72058,552,552,42.67798,2.11018,0,0.4984789538827304,0.0487531686421052,0.45276787747516434,0.0
38.68333,True,False,120,27.97737,-2.84985757,-25.208849,56.0360756,25,-9.499525,-25.208849,27.0652752,1105.72058,552,552,41.57185,2.058463,0,0.4992742481720825,0.05085755007204995,0.44986820175586745,0.0
38.7,True,False,120,28.08902,-2.975396,-25.1078529,56.1722679,25,-9.917986,-25.1078529,27.1192265,1105.72058,552,552,40.51689,2.006789,0,0.5000513696536834,0.05296912619458032,0.4469795041517363,0.0
38.71667,True,False,120,28.1852989,-3.100364,-24.993351,56.2790146,25,-10.3345461,-24.993351,27.1656647,1105.72058,552,552,39.51289,1.955159,0,0.5008136594234108,0.0550891670829364,0.4440971734936529,0.0
38.73333,True,False,120,28.26683,-3.22469282,-24.865799,56.3573227,25,-10.7489758,-24.865799,27.2049274,1105.72058,552,552,38.5596,1.903571,1,0.5015644655770124,0.05721870230631907,0.44121683211666857,0.0
38.75,True,False,120,28.33426,-3.348322,-24.72565,56.4082336,25,-11.1610727,-24.72565,27.2373562,1105.72058,553,552,37.53246,1.982208,0,0.5023071809802513,0.059358747496287424,0.4383340715234614,0.0
38.76667,True,False,120,28.5776863,-3.48607516,-25.4342957,57.49806,25,-11.62025,-25.4342957,27.2624035,1105.87268,553,553,36.55597,1.930598,0,0.49702003357220914,0.060629442666198075,0.4423505237615928,0.0
38.78334,True,False,120,28.81852,-3.61257124,-25.2993259,57.7304153,25,-12.0419035,-25.2993259,27.2804127,1106.034,553,553,35.63,1.879031,0,0.4991912656739206,0.06257656568181866,0.43823216864426073,0.0
38.8,True,False,120,29.0535221,-3.73832965,-25.151968,57.94382,25,-12.4610987,-25.151968,27.2917366,1106.20166,553,553,34.75436,1.827506,0,0.5014084716083979,0.06451645173081638,0.4340750766607857,0.0
38.81667,True,False,120,29.2828331,-3.86329341,-24.9926834,58.13881,25,-12.8776445,-24.9926834,27.2967262,1106.37512,553,553,33.92897,1.776025,1,0.5036710098698337,0.06644947524692116,0.429879514883245,0.0
38.83334,True,False,120,29.5069218,-3.987405,-24.8219376,58.3162651,25,-13.2913494,-24.8219376,27.29574,1106.55469,553,553,33.02934,1.854768,0,0.5059810003879467,0.06837552166664503,0.4256434779454083,0.0
38.85,True,False,120,29.7241421,-4.110603,-24.639349,58.4740944,25,-13.7020092,-24.639349,27.288229,1106.74011,553,553,32.17998,1.803264,0,0.5083300999784108,0.07029784835948404,0.4213720516621052,0.0
38.86667,True,False,120,29.9351025,-4.23282957,-24.4454041,58.6133347,25,-14.1094313,-24.4454041,27.2745533,1106.9314,553,553,31.38075,1.751803,0,0.5107216967342946,0.0722161515891751,0.4170621516765303,0.0
38.88334,True,False,120,30.139967,-4.35402775,-24.24058,58.7345734,25,-14.5134258,-24.24058,27.2550735,1107.12854,553,553,30.63167,1.700385,0,0.5131554476777751,0.07413057417258308,0.4127139781496418,0.0
38.9,True,False,120,30.3390675,-4.474157,-24.0253525,58.8385773,25,-14.9138556,-24.0253525,27.23015,1107.33118,553,553,29.93262,1.64901,1,0.515632244131261,0.07604121697232752,0.40832653889641146,0.0
38.91667,True,False,120,30.5327568,-4.593155,-23.8001938,58.9261055,25,-15.3105164,-23.8001938,27.20015,1107.53943,553,553,29.15932,1.727859,0,0.5181533123410755,0.07794771015717693,0.4038989775017475,0.0
38.93333,True,False,120,30.6782455,-4.71098,-23.564785,58.95401,25,-15.7032661,-23.564785,27.1645279,1107.72009,553,553,28.43613,1.676461,0,0.5203758868957693,0.07990940667217203,0.3997147064320586,0.0
38.95,True,False,120,30.5859871,-4.82757759,-23.3196068,58.73317,25,-16.0919247,-23.3196068,27.1236515,1107.72009,553,553,27.76308,1.625105,0,0.5207617147868069,0.0821950776286949,0.3970432075844981,0.0
38.96667,True,False,120,30.48286,-4.942903,-23.065136,58.4909,25,-16.4763432,-23.065136,27.0778866,1107.72009,553,553,27.14017,1.573793,0,0.5211556074732242,0.08450721538747422,0.3943371771393016,0.0
38.98333,True,False,120,30.36974,-5.05690956,-22.80184,58.22849,25,-16.8563652,-22.80184,27.0275974,1107.72009,553,553,26.56743,1.522523,1,0.5215615282053008,0.08684596832602436,0.39159250346867486,0.0
39,True,False,120,30.2475071,-5.16955853,-22.5301743,57.94724,25,-17.2318611,-22.5301743,26.9731522,1107.72009,553,553,25.92058,1.601477,0,0.5219835687866903,0.08921147126670405,0.3888049599466057,0.0
39.01667,True,False,120,30.1150246,-5.28080845,-22.24987,57.6457024,25,-17.6026936,-22.24987,26.9140167,1107.72009,553,553,25.32402,1.550184,0,0.5224157744052356,0.09160801535232556,0.3859762102424389,0.0
39.03334,True,False,120,29.9731827,-5.39061642,-21.9613914,57.32519,25,-17.9687214,-21.9613914,26.85056,1107.72009,554,553,24.77774,1.498934,0,0.5228623302968833,0.09403573492039745,0.38310193478271937,0.0
39.05,True,False,120,29.8825569,-5.5242815,-23.01659,58.4234276,25,-18.41427,-23.01659,26.783144,1107.79382,554,554,24.28188,1.447727,1,0.5114824261152056,0.09455592818308485,0.39396164570170966,0.0
39.06667,True,False,120,29.90464,-5.63799,-22.7410717,58.2837029,25,-18.7932987,-22.7410717,26.7121449,1108.01807,554,554,23.71216,1.526743,0,0.5130875206575974,0.09673356076489562,0.39017891857750686,0.0
39.08334,True,False,120,29.919878,-5.750278,-22.4573746,58.12753,25,-19.167593,-22.4573746,26.6370258,1108.24719,554,554,23.19295,1.475513,0,0.5147281794214048,0.09892520705154469,0.38634661352705046,0.0
39.1,True,False,120,29.9291553,-5.86110544,-22.1659527,57.9562149,25,-19.5370178,-22.1659527,26.5581589,1108.48132,554,554,22.72432,1.424325,0,0.5164097777192533,0.10112988913721552,0.3824603331435312,0.0
39.11667,True,False,120,29.93267,-5.970442,-21.86724,57.7703552,25,-19.9014721,-21.86724,26.4759121,1108.72009,554,554,22.3064,1.37318,1,0.5181320342309841,0.10334785566132607,0.3785201101076898,0.0
39.13334,True,False,120,29.9313354,-6.078247,-21.56166,57.5712433,25,-20.2608223,-21.56166,26.3906574,1108.9635,554,554,21.81499,1.452258,0,0.5199008072822134,0.10557783272712558,0.3745213599906609,0.0
39.15,True,False,120,29.9236355,-6.184494,-21.2489719,57.3571,25,-20.6149788,-21.2489719,26.3018684,1109.21155,554,554,21.37439,1.40109,0,0.5217075962628753,0.10782438179485827,0.37046802194226647,0.0
39.16667,True,False,120,29.9102783,-6.289144,-20.929594,57.1290169,25,-20.9638119,-20.929594,26.2099133,1109.464,554,554,20.98474,1.349964,1,0.5235566834011809,0.11008668461879327,0.3663566319800259,0.0
39.18333,True,False,120,29.8908558,-6.392164,-20.6039467,56.8869667,25,-21.3072128,-20.6039467,26.1151619,1109.71948,554,554,20.52185,1.429062,0,0.525442955373618,0.11236605488534883,0.36219098974103325,0.0
39.2,True,False,120,29.6667747,-6.493522,-20.2718124,56.43211,25,-21.6450729,-20.2718124,26.01709,1109.71948,554,554,20.11,1.377913,0,0.5257073530147396,0.1150678594786031,0.35922478750665726,0.0
39.21667,True,False,120,29.436842,-6.59319162,-19.93361,55.9636459,25,-21.9773045,-19.93361,25.91607,1109.71948,554,554,19.7494,1.326806,0,0.525999382739976,0.11781205070864541,0.35618856655137854,0.0
39.23333,True,False,120,29.2019787,-6.69113874,-19.5897388,55.4828568,25,-22.3037949,-19.5897388,25.8124771,1109.71948,554,554,19.44016,1.275742,1,0.5263243581707862,0.12059831078372038,0.3530773310454934,0.0
39.25,True,False,120,28.9630814,-6.787343,-19.2405834,54.99101,25,-22.6244755,-19.2405834,25.7066765,1109.71948,554,554,19.05815,1.354902,0,0.5266875905482132,0.12342641590940255,0.3498859935423842,0.0
39.26667,True,False,120,28.7190552,-6.881774,-18.8859634,54.4867935,25,-22.9392452,-18.8859634,25.5981522,1109.71948,554,554,18.72762,1.303815,0,0.5270828732906551,0.12630169021914495,0.34661543649020005,0.0
39.28334,True,False,120,28.47081,-6.97440624,-18.5262642,53.97148,25,-23.24802,-18.5262642,25.487278,1109.71948,554,554,18.44879,1.25277,0,0.5275158244297365,0.12922391943191988,0.34326025613834354,0.0
39.3,True,False,120,28.2192345,-7.065214,-18.1618576,53.4463043,25,-23.5507126,-18.1618576,25.3744221,1109.71948,554,554,18.2218,1.201768,1,0.5279922329374976,0.1321927466190222,0.3398150204434802,0.0
39.31667,True,False,120,27.96522,-7.154181,-17.7930946,52.9124947,25,-23.84727,-17.7930946,25.25996,1109.71948,555,554,17.92262,1.280989,0,0.5285182579821467,0.13520777878411014,0.3362739632337432,0.0
39.33334,True,False,120,27.7305737,-7.28276873,-19.190836,54.2041779,25,-24.2758942,-19.190836,25.14338,1109.81091,555,555,17.67537,1.229964,0,0.5115947608321678,0.13435806871245295,0.35404717045537926,0.0
39.35,True,False,120,27.5355949,-7.37694836,-18.8353386,53.7478828,25,-24.5898266,-18.8353386,25.0250473,1110.07471,555,555,17.48033,1.17898,1,0.5123103264185079,0.1372509595673953,0.35043871401409676,0.0
39.36667,True,False,120,27.3385277,-7.46932268,-18.4752846,53.2831345,25,-24.8977413,-18.4752846,24.9053421,1110.34216,555,555,17.21339,1.258221,0,0.5130803153804971,0.14018174198653355,0.34673794263296925,0.0
39.38334,True,False,120,27.1381359,-7.55988026,-18.1104946,52.80851,25,-25.1996,-18.1104946,24.7837543,1110.613,555,555,16.99879,1.207214,0,0.513897012232276,0.1431564751817667,0.3429465125859572,0.0
39.4,True,False,120,26.9352779,-7.648584,-17.7413235,52.3251839,25,-25.49528,-17.7413235,24.6606541,1110.88721,555,555,16.8367,1.15625,1,0.5147669844663368,0.1461740448988452,0.3390589706348178,0.0
39.41667,True,False,120,26.7307281,-7.735429,-17.36811,51.8342667,25,-25.7847614,-17.36811,24.5364189,1111.16467,555,555,16.60304,1.235509,0,0.5156960751163008,0.14923388393003822,0.33507004095366094,0.0
45.65,True,False,120,-2.976534,4.0855546,-28.8770657,21.8149776,21.81498,13.6185141,-28.8770657,44.55964,1297.42993,649,648,170.2597,1.55692,1,0.08282148141699595,0.11367976457921271,0.8034987540037913,0.3930024919924173
45.66667,True,False,120,-3.30884361,3.939472,-29.1690617,21.9207458,21.92075,13.1315727,-29.1690617,44.79446,1297.95581,649,649,168.288,1.635846,1,0.09085892105391705,0.1081756098596986,0.8009654690863843,0.39806906182723123
45.68333,True,False,120,-3.67759919,3.79164863,-29.5641918,22.094944,22.09494,12.6388283,-29.5641918,45.04008,1298.52319,649,649,166.2552,1.714706,1,0.09930482363333877,0.10238445763899044,0.7983107187276709,0.4033785625446583
45.7,True,False,120,-4.055826,3.64185834,-29.9587612,22.261076,22.26108,12.1395273,-29.9587612,45.2964821,1299.09058,649,649,164.1621,1.7935,1,0.10770602328070925,0.09671274831639354,0.7955812284028972,0.4088375431942055
45.71667,True,False,120,-4.443946,3.49009871,-30.3524,22.4183559,22.41835,11.6336622,-30.3524,45.5636139,1299.658,650,649,162.0095,1.872228,1,0.11607100198674991,0.09115755553788531,0.7927714424753648,0.4144571150492703
45.73334,True,False,120,-4.82592869,3.33703828,-30.60211,22.4391422,22.43914,11.1234608,-30.60211,45.84136,1300.17322,650,650,159.7982,1.950891,1,0.12449165762613472,0.08608362322052163,0.7894247191533438,0.42115056169331266
45.75,True,False,120,-5.25029373,3.18207,-30.99242,22.5600567,22.56006,10.6068993,-30.99242,46.1295547,1300.737,650,650,157.5291,2.029488,1,0.13317241677104819,0.08071242753777308,0.7861151556911786,0.42776968861764264
45.76667,True,False,120,-5.687136,3.025171,-31.38032,22.6680126,22.66801,10.0839033,-31.38032,46.4279823,1301.30164,651,650,155.2031,2.10802,1,0.14184992168260763,0.07545454679235661,0.7826955315250358,0.4346089369499284
45.78334,True,False,120,-6.108303,2.86661458,-31.5811977,22.60628,22.60628,9.555382,-31.5811977,46.7363625,1301.81836,651,651,152.8209,2.186486,1,0.15061361172854423,0.07068267165651472,0.7787037166149411,0.44259256677011793
45.8,True,False,120,-6.5918355,2.70680428,-31.9620724,22.6634331,22.66343,9.02268,-31.9620724,47.05436,1302.39465,651,651,150.3833,2.264887,1,0.15976058462692294,0.06560246144544372,0.7746369539276333,0.45072609214473325
45.81667,True,False,120,-7.0907445,2.54511571,-32.33857,22.70271,22.70271,8.483719,-32.33857,47.3815651,1302.97253,651,651,147.891,2.343223,1,0.16893009540629095,0.0606349079014693,0.7704349966922398,0.4591300066155204
45.83334,True,False,120,-7.60558271,2.38156748,-32.70996,22.72281,22.72281,7.938558,-32.70996,47.7175331,1303.55225,652,651,145.3448,2.421493,1,0.17812874632862827,0.05577818895475933,0.7660930647166124,0.46781387056677526
45.85,True,False,120,-8.120628,2.217051,-32.8470154,22.5093365,22.50934,7.39017,-32.8470154,48.06172,1304.0863,652,652,142.7453,2.499698,1,0.18804412333643838,0.051338814151710196,0.7606170625118513,0.4787658749762972
45.86667,True,False,120,-8.698559,2.05102563,-33.2048149,22.45523,22.45523,6.83675146,-33.2048149,48.4135551,1304.67493,652,652,140.0931,2.577838,1,0.19789962081186002,0.04666257876188531,0.7554378004262546,0.48912439914749073
45.88334,True,False,120,-9.295523,1.88325322,-33.5548668,22.376091,22.37609,6.27751064,-33.5548668,48.7723732,1305.26624,653,652,137.3888,2.655913,1,0.2077971381817496,0.042099258921479185,0.7501036028967711,0.4997927942064577
45.9,True,False,120,-9.883931,1.714165,-33.6159363,22.01784,22.01784,5.713883,-33.6159363,49.137455,1305.81531,653,653,134.633,2.733923,1,0.21860317466088952,0.03791223460509626,0.7434845907340143,0.5130308185319714
45.91667,True,False,120,-10.5567579,1.54443371,-33.94609,21.8448982,21.8449,5.1481123,-33.94609,49.50802,1306.41589,653,653,131.8261,2.811868,1,0.2292590904586083,0.033540171232705265,0.7372007383086864,0.5255985233826271
47,True,False,-120.0027,-23.1035957,-4.84651947,3.39296222,-21.6500378,-21.65004,-16.1550636,3.39296222,53.72378,1365.06128,683,682,-231.9808,0.05759062,-1,0.7371195691004864,0.1546280669793541,0.1082523639201594,0.3092561339587083
47.01667,True,False,-120,-24.0881786,-4.82564735,4.61857557,-23.8811073,-23.88111,-16.0854912,4.61857557,53.53654,1366.21,683,683,-231.5431,-0.0226804,-1,0.7183553073475185,0.1439099835161463,0.13773470913633507,0.28781996703229273
47.03334,True,False,-120,-24.8508968,-4.800706,4.98843145,-25.0386219,-25,-16.0023518,4.98843145,53.35225,1367.096,684,683,-231.0289,-0.1028845,-1,0.7174039327054073,0.1385883733645558,0.14400769393003704,0.2771767467291114
47.05,True,False,-120,-25.9643116,-4.771524,6.27175,-27.4645386,-25,-15.90508,6.27175,53.17145,1368.25378,684,684,-230.4353,-0.1830218,-1,0.7015943131399526,0.1289336746139959,0.16947201224605152,0.2578673492279918
47.06667,True,False,-120,-26.8100338,-4.73833561,6.638213,-28.7099113,-25,-15.7944508,6.638213,52.99471,1369.131,685,684,-229.7622,-0.2630923,-1,0.7020799481908913,0.12408378312375926,0.1738362686853495,0.24816756624751857
47.08334,True,False,-120,-28.07554,-4.70047045,7.99684429,-31.3719139,-25,-15.6682339,7.99684429,52.8225861,1370.29517,685,685,-229.0095,-0.3430961,-1,0.6885841126168837,0.11528431060257911,0.1961315767805372,0.2305686212051583
47.1,True,False,-120,-29.0107441,-4.65866375,8.360508,-32.71259,-25,-15.5288792,8.360508,52.65564,1371.15332,686,685,-228.1771,-0.4230332,-1,0.6902403565007377,0.11084161497315966,0.1989180285261028,0.22168322994631906
47.11667,True,False,-120,-30.4568653,-4.61182451,9.795688,-35.640728,-25,-15.3727474,9.795688,52.4944458,1372.331,686,686,-227.2651,-0.5029036,-1,0.6788652108134519,0.10279479478197627,0.2183399944045719,0.20558958956395257
47.13334,True,False,-120,-31.5089016,-4.561034,10.1571693,-37.1050377,-25,-15.2034464,10.1571693,52.339592,1373.18823,687,686,-226.2733,-0.5827076,-1,0.6816109654316682,0.09866579379925651,0.2197232407690753,0.197331587598513
47.15,True,False,-120,-33.1779747,-4.50462437,11.6790352,-40.3523865,-25,-15.0154142,11.6790352,52.19167,1374.37585,687,687,-225.2019,-0.662445,-1,0.6721409286921488,0.09125760191326826,0.23660146939458288,0.18251520382653663
47.16667,True,False,-120,-34.3613434,-4.444428,12.0389118,-41.9558258,-25,-14.8147593,12.0389118,52.05126,1375.21228,688,687,-224.0509,-0.742116,-1,0.6758099615811943,0.08741185351706547,0.2367781849017401,0.17482370703413097
47.18333,True,False,-120,-36.2765656,-4.378043,13.6645536,-45.563076,-25,-14.5934772,13.6645536,51.918972,1376.401,688,688,-222.8205,-0.8217205,-1,0.6678410367676842,0.08059850009984139,0.2515604631324745,0.16119700019968275
47.2,True,False,-120,-37.595314,-4.307931,14.0233231,-47.3107071,-25,-14.3597689,14.0233231,51.7954063,1377.21582,689,688,-221.5107,-0.9012588,-1,0.6722263724957585,0.07702834531697289,0.2507452821872687,0.15405669063394567
47.21667,True,False,-120,-39.8093033,-4.2310977,15.7749052,-51.35311,-25,-14.1036577,15.7749052,51.68117,1378.4082,689,689,-220.1218,-0.9807307,-1,0.6655370644913626,0.07073603679052971,0.26372689871810767,0.1414720735810594
47.23334,True,False,-120,-41.30209,-4.15043259,16.13293,-53.2845879,-25,-13.834774,16.13293,51.5768776,1379.20044,690,689,-218.6541,-1.060136,-1,0.6706468534860855,0.06739306793166168,0.26196007858225273,0.13478613586332344
47.25,True,False,-120,-43.86495,-4.062754,18.00203,-57.8042221,-25,-13.5425138,18.00203,51.48313,1380.40588,690,690,-217.1078,-1.139476,-1,0.6653287877666851,0.06162248432550934,0.27304872790780566,0.12324496865101864
47.26667,True,False,-120,-45.5647354,-3.97096157,18.3596859,-59.95346,-25,-13.2365379,18.3596859,51.4005356,1381.19067,691,690,-215.4834,-1.21875,-1,0.6711021202611565,0.05848647436900446,0.27041140536983904,0.1169729487380089
47.28334,True,False,-120,-48.5322533,-3.87164569,20.3622017,-65.02281,-25,-12.9054852,20.3622017,51.3296928,1382.40137,691,691,-213.7812,-1.297957,-1,0.6669624019948293,0.053206721993996675,0.27983087601117407,0.10641344398799335
47.3,True,False,-120,-50.454174,-3.76804972,20.7197323,-67.40585,-25,-12.5601654,20.7197323,51.2712,1383.1593,692,691,-212.0019,-1.377098,-1,0.6732433563187906,0.05027957528883298,0.27647706839237635,0.10055915057766596
47.31667,True,False,-120,-53.85487,-3.656779,22.8657856,-73.06387,-25,-12.1892633,22.8657856,51.2256355,1384.37769,692,692,-210.1459,-1.456174,-1,0.670024743486899,0.045495094714057965,0.284480161799043,0.09099018942811599
47.33334,True,False,-120,-56.0138168,-3.54066777,23.22333,-75.69648,-25,-11.8022251,23.22333,51.19357,1385.12268,693,692,-208.2138,-1.535183,-1,0.676676680714162,0.04277314867990239,0.28055017060593557,0.08554629735980479
47.35,True,False,-120,-59.864975,-3.416731,25.5208778,-81.9691238,-25,-11.3891029,25.5208778,51.1755524,1386.339,693,693,-206.2065,-1.614127,-1,0.6741355086562244,0.038475580932364715,0.2873889104114108,0.07695116186472939
47.36667,True,False,-120,-62.2552872,-3.28733468,25.8784542,-84.846405,-25,-10.9577818,25.8784542,51.1721039,1387.05249,694,693,-204.1246,-1.693005,-1,0.6809730301743785,0.03595817092683689,0.2830687988987845,0.07191634185367379
47.38334,True,False,-120,-66.4564362,-3.15074944,28.3321781,-91.63786,-25,-10.5024977,28.3321781,51.1837349,1388.262,694,694,-201.9689,-1.771817,-1,0.6785467422110496,0.0321704095236345,0.28928284826531586,0.06434081904726896
47.4,True,False,-120,-68.9805145,-3.007305,28.6896877,-94.6628952,-25,-10.0243492,28.6896877,51.210907,1388.95508,695,694,-199.7404,-1.850564,-1,0.6851631155603344,0.029870674032739658,0.28496621040692593,0.05974134806547937
47.41667,True,False,-120,-73.2489853,-2.85789943,31.2973385,-101.688423,-25,-9.526331,31.2973385,51.25406,1390.14612,695,695,-197.4401,-1.929245,-1,0.6819935296505193,0.026608818015283923,0.29139765233419673,0.05321763603056795
47.43333,True,False,-120,-75.646,-2.69962883,31.6545639,-104.600937,-25,-8.998762,31.6545639,51.3135757,1390.79883,696,695,-195.0689,-2.00786,-1,0.6876897041960301,0.024542037272846876,0.28776825853112303,0.049084074545693634
47.45,True,False,-120,-79.64403,-2.53861332,34.3986359,-111.504051,-25,-8.462044,34.3986359,51.38981,1391.9502,696,696,-192.6279,-2.08641,-1,0.6831631161784056,0.021775480051212978,0.2950614037703815,0.04355096010242587
47.46667,True,False,-120,-81.71842,-2.364837,34.75527,-114.108856,-25,-7.88278961,34.75527,51.4830475,1392.57031,696,696,-190.1183,-2.164894,-1,0.6876424848315394,0.01989958189232689,0.2924579332761336,0.039799163784653646
47.48334,True,False,-120,-83.85423,-2.18925524,35.11774,-116.782715,-25,-7.297517,35.11774,51.5935364,1393.18762,697,696,-187.5413,-2.243313,-1,0.692087999555129,0.018068942730345074,0.28984305771452595,0.03613788546069008
47.5,True,False,-120,-86.8349152,-2.00399,37.9543,-122.785225,-25,-6.67996645,37.9543,51.721447,1394.2406,697,697,-184.898,-2.321667,-1,0.6848546423527118,0.015805184487914497,0.2993401731593737,0.03161036897582903
47.51667,True,False,-120,-88.49963,-1.812411,38.31618,-125.0034,-25,-6.04136944,38.31618,51.8668823,1394.80542,697,697,-182.1896,-2.399955,-1,0.6880265412362346,0.014090306045669403,0.297883152718096,0.02818061209133882
47.53334,True,False,-120,-90.23422,-1.61899757,38.68387,-127.299095,-25,-5.39665842,38.68387,52.02988,1395.36755,698,697,-179.4175,-2.478178,-1,0.6912535102456018,0.01240258688268818,0.29634390287171014,0.024805173765376276
47.55,True,False,-120,-92.01698,-1.41314566,41.55329,-132.157135,-25,-4.71048546,41.55329,52.2104034,1396.27979,698,698,-176.583,-2.556336,-1,0.6816910029286483,0.010469031718381396,0.30783996535297037,0.020938063436762744
47.56667,True,False,-120,-93.1787949,-1.20353985,41.92033,-133.895584,-25,-4.01179934,41.92033,52.4083252,1396.79358,698,698,-173.6873,-2.634429,-1,0.6836168248867637,0.008829906973627235,0.30755326813960915,0.017659813947254466
47.58334,True,False,-120,-94.40995,-0.992078,42.292923,-135.7108,-25,-3.30692649,42.292923,52.62344,1397.30518,699,698,-170.7318,-2.712456,-1,0.6856456922665232,0.0072048974402845025,0.30714941029319226,0.014409794880569149
47.6,True,False,-120,-95.3430252,-0.7718798,45.086937,-139.658081,-25,-2.57293248,45.086937,52.8554535,1398.02075,699,699,-167.7177,-2.790419,-1,0.675225080987258,0.005466499509262776,0.31930841950347927,0.010932999018525513
47.61667,True,False,-120,-95.98393,-0.54458636,45.4589462,-140.898285,-25,-1.81528771,45.4589462,53.1039734,1398.46643,699,699,-164.6463,-2.868317,-1,0.676002854543864,0.00383545385051073,0.3201616916056254,0.00767090770102119
47.63334,True,False,-120,-96.68327,-0.315409482,45.83598,-142.203842,-25,-1.0513649,45.83598,53.36852,1398.9104,699,699,-161.5188,-2.94615,-1,0.676889421311527,0.0022082139107122514,0.3209023647777607,0.0044164278214245956
47.65,True,False,-120,-97.43929,-0.0843219757,46.21722,-143.572189,-25,-0.281073242,46.21722,53.6485023,1399.35266,700,699,-158.3363,-3.023917,-1,0.6778817727761067,0.0005866250705593174,0.321531602153334,0.0011732501411185758
47.66667,True,False,-120,-98.10914,0.151879877,48.64723,-146.908249,-25,0.506266236,48.64723,53.9432449,1399.755,700,700,-155.1002,-3.10162,-1,0.6678259395380626,0.0010338417149966903,0.33114021874694066,0.0
47.68333,True,False,-120,-98.42856,0.397026777,49.02863,-147.854218,-25,1.32342255,49.02863,54.25197,1400.13452,700,700,-151.8113,-3.179259,-1,0.6657135802116089,0.002685258396105216,0.33160116139228585,0.0
47.7,True,False,-120,-98.78551,0.6440876,49.413044,-148.842636,-25,2.14695859,49.413044,54.57379,1400.51306,700,700,-148.4708,-3.256832,-1,0.6636909217553151,0.0043273056234175294,0.3319817726212674,0.0
47.71667,True,False,-120,-99.17571,0.8930811,49.7993355,-149.868134,-25,2.976937,49.7993355,54.9077225,1400.89087,700,700,-145.0796,-3.334341,-1,0.6617531842824811,0.005959112989939784,0.3322877027275792,0.0
47.73334,True,False,-120,-99.59303,1.1440078,50.1863022,-150.92334,-25,3.81335926,50.1863022,55.25269,1401.26855,700,700,-141.6385,-3.411786,-1,0.6598915051840226,0.007580058856370394,0.33252843595960707,0.0
47.75,True,False,-120,-100.033844,1.39687717,50.5726242,-152.003342,-25,4.656257,50.5726242,55.6075058,1401.64575,700,700,-138.1484,-3.489166,-1,0.6581029105412247,0.009189779123609297,0.33270731033516593,0.0
47.76667,True,False,-120,-101.345535,1.65166044,50.95691,-153.9541,-25,5.50553465,50.95691,55.9708939,1401.64575,701,700,-134.6099,-3.566481,-1,0.658284069205917,0.010728264993515849,0.33098766580056715,0.0
47.78334,True,False,-120,-101.593689,1.91994059,52.84299,-156.356613,-25,6.39980173,52.84299,56.3414879,1401.9635,701,701,-131.0235,-3.643732,-1,0.6497562384400486,0.012279240847202305,0.33796452071274924,0.0
47.8,True,False,-120,-101.834229,2.186057,53.22353,-157.24382,-25,7.28685665,53.22353,56.717823,1402.28369,701,701,-127.3899,-3.720918,1,0.6476199292950255,0.013902340044965584,0.3384777306600089,0.0
47.81667,True,False,-120,-102.063766,2.4540534,53.5991,-158.116913,-25,8.180178,53.5991,57.09835,1402.60522,701,701,-123.8625,-3.637595,0,0.6454955382845639,0.015520498434400941,0.3389839632810352,0.0
47.83334,True,False,-120,-102.274704,2.7238977,53.9683151,-158.966919,-25,9.07965851,53.9683151,57.48138,1402.92847,701,701,-120.4115,-3.584605,0,0.6433709985623878,0.017134997361916506,0.33949400407569585,0.0
47.85,True,False,-120,-102.459869,2.99554968,54.329834,-159.785248,-25,9.985166,54.329834,57.8653336,1403.25378,701,701,-117.036,-3.53166,0,0.6412348278798616,0.018747347641644697,0.3400178244784937,0.0
47.86667,True,False,-120,-102.610764,3.26895261,54.6824,-160.562119,-25,10.8965082,54.6824,58.248745,1403.58167,701,701,-113.7353,-3.478758,0,0.6390720685953468,0.020359426488753735,0.3405685049158994,0.0
47.88334,True,False,-120,-103.721268,3.544083,55.024868,-162.290222,-25,11.81361,55.024868,58.6302376,1403.64526,701,701,-110.5082,-3.425901,0,0.6391097913300616,0.021837933437011386,0.339052275232927,0.0
47.9,True,False,-120,-105.064079,3.820867,55.35616,-164.2411,-25,12.7362232,55.35616,59.00854,1403.64526,702,701,-107.3538,-3.373088,0,0.6396941761948437,0.023263768084951886,0.3370420557202044,0.0
47.91667,True,False,-120,-105.834923,4.109123,56.8280449,-166.7721,-25,13.6970768,56.8280449,59.38247,1403.7688,702,702,-104.2711,-3.320319,0,0.634608119553174,0.024639152617351997,0.340752727829474,0.0
47.93333,True,False,-120,-105.818039,4.394863,57.14781,-167.360718,-25,14.6495438,57.14781,59.7509422,1404.05688,702,702,-101.259,-3.267593,0,0.632275267805983,0.026259824946251422,0.3414649072477655,0.0
47.95,True,False,-120,-105.736427,4.68213463,57.4548569,-167.873413,-25,15.6071148,57.4548569,60.1129646,1404.34875,702,702,-98.31654,-3.214912,0,0.6298580676195872,0.02789086366977911,0.3422510687106337,0.0
47.96667,True,False,-120,-105.583641,4.97087574,57.7484169,-168.302933,-25,16.5695858,57.7484169,60.4676476,1404.64478,702,702,-95.44256,-3.162275,0,0.6273428437429583,0.029535288734970626,0.34312186752207113,0.0
47.98334,True,False,-120,-105.35524,5.261016,58.0278053,-168.644058,-25,17.5367184,58.0278053,60.81417,1404.94531,702,702,-92.63611,-3.109681,0,0.6247195376336683,0.03119597547310728,0.3440844868932245,0.0
48,True,False,-120,-105.048386,5.552479,58.2924156,-168.89328,-25,18.5082626,58.2924156,61.1518135,1405.25049,702,702,-89.89608,-3.057132,0,0.6219808486566871,0.03287566551063844,0.3451434858326744,0.0
48.01667,True,False,-120,-104.658287,5.84518671,58.54173,-169.0452,-25,19.4839554,58.54173,61.4799347,1405.56055,702,702,-87.22154,-3.004626,0,0.6191142055680154,0.03457765486223152,0.3463081395697529,0.0
48.03334,True,False,-120,-105.326706,6.13906527,58.7753029,-170.241074,-25,20.46355,58.7753029,61.7979622,1405.64478,702,702,-84.61149,-2.952164,0,0.6186915027029403,0.036061011127488704,0.3452474861695711,0.0
48.05,True,False,-120,-106.377342,6.43402672,58.99277,-171.804138,-25,21.4467545,58.99277,62.1054153,1405.64478,702,702,-82.06493,-2.899745,0,0.6191779941539699,0.03744977721686867,0.3433722286291614,0.0
48.06667,True,False,-120,-107.395317,6.72999668,59.19383,-173.319138,-25,22.433321,59.19383,62.4018669,1405.64478,702,702,-79.58096,-2.84737,0,0.6196390930610903,0.03883008268507042,0.3415308242538393,0.0
48.08334,True,False,-120,-108.378891,7.02689075,59.3782578,-174.784042,-25,23.4229679,59.3782578,62.6869659,1405.64478,703,702,-77.15868,-2.795039,0,0.6200731558730015,0.04020327467022432,0.33972356945677423,0.0
48.1,True,False,-120,-107.884491,7.339155,60.5456,-175.769241,-25,24.46385,60.5456,62.96042,1405.90857,703,703,-74.79725,-2.742752,0,0.6137847971424989,0.04175448872324342,0.34446071413425755,0.0
48.11667,True,False,-120,-107.179474,7.64273262,60.71542,-175.537628,-25,25.4757748,60.71542,63.2219925,1406.19958,703,703,-72.49581,-2.690508,0,0.6105783475813978,0.043538999399512335,0.3458826530190898,0.0
48.13334,True,False,-120,-106.376595,7.94707727,60.86873,-175.1924,-25,26.4902573,60.86873,63.47151,1406.4967,703,703,-70.25359,-2.638307,-1,0.6071986776918348,0.04536199725004205,0.34743932505812314,0.0
48.15,True,False,-120,-105.476517,8.252106,61.00548,-174.7341,-25,27.507019,61.00548,63.70884,1406.79993,703,703,-67.94553,-2.716332,0,0.603640132001021,0.04722664813748464,0.3491332198614943,0.0
48.16667,True,False,-120,-104.477287,8.55773,61.12486,-174.159882,-25,28.5257645,61.12486,63.933197,1407.10938,703,703,-65.69582,-2.66411,0,0.5998929764976809,0.04913720741775673,0.35096981608456235,0.0
48.18333,True,False,-120,-103.377388,8.863857,61.2269,-173.46814,-25,29.5461884,61.2269,64.14451,1407.42517,703,703,-63.50372,-2.611932,0,0.5959445061224353,0.05109789465956415,0.3529575992180005,0.0
48.2,True,False,-120,-102.766968,9.170419,61.31168,-173.249069,-25,30.5680618,61.31168,64.34274,1407.64429,703,703,-61.36855,-2.559797,0,0.5931747268803474,0.05293199645340659,0.3538932766662461,0.0
48.21667,True,False,-120,-103.359329,9.477316,61.3793449,-174.215988,-25,31.591053,61.3793449,64.527916,1407.64429,703,703,-59.28957,-2.507705,0,0.5932826777801984,0.05439980569774325,0.35231751652205834,0.0
48.23334,True,False,-120,-103.911606,9.784466,61.4300652,-175.126129,-25,32.6148834,61.4300652,64.70008,1407.64429,703,703,-57.26625,-2.455657,0,0.59335292641857,0.055870963389238734,0.3507761101921912,0.0
48.25,True,False,-120,-104.423729,10.0917873,61.4640541,-175.979568,-25,33.63929,61.4640541,64.85932,1407.64429,703,703,-55.29795,-2.403653,0,0.5933855206183637,0.05734635717692376,0.34926812220471243,0.0
48.26667,True,False,-120,-104.8958,10.3991966,61.481575,-176.776566,-25,34.6639862,61.481575,65.00576,1407.64429,704,703,-53.38409,-2.351691,0,0.5933806671924392,0.058826780641106184,0.34779255216645466,0.0
48.28334,True,False,-120,-104.458847,10.7205706,62.4231567,-177.60257,-25,35.7352333,62.4231567,65.13956,1407.79956,704,704,-51.5242,-2.299773,0,0.5881606582095584,0.06036269824496569,0.35147664354547586,0.0
48.3,True,False,-120,-103.084961,11.0327139,62.4276123,-176.545288,-25,36.77571,62.4276123,65.26089,1408.11365,704,704,-49.71773,-2.247898,0,0.5839009504865446,0.062492259493177785,0.35360679002027756,0.0
48.31667,True,False,-120,-101.621956,11.3447933,62.4165421,-175.383286,-25,37.8159752,62.4165421,65.3699341,1408.43445,704,704,-47.96427,-2.196067,0,0.5794278074541825,0.0646857132708595,0.35588647927495787,0.0
48.33334,True,False,-120,-100.072731,11.6567392,62.3902931,-174.119766,-25,38.8557968,62.3902931,65.46695,1408.762,704,704,-46.26334,-2.144279,0,0.5747350507683581,0.06694667497288058,0.3583182742587613,0.0
48.35,True,False,-120,-98.44014,11.9684868,62.3492165,-172.757843,-25,39.8949547,62.3492165,65.5521545,1409.09619,704,704,-44.61456,-2.092533,0,0.5698157497200013,0.06927897785350508,0.3609052724264937,0.0
48.36667,True,False,-120,-96.7259,12.27995,62.2936821,-171.29953,-25,40.9331665,62.2936821,65.625824,1409.437,704,704,-43.01754,-2.040831,0,0.5646594524469224,0.07168700258230302,0.3636535449707746,0.0
48.38334,True,False,-120,-95.7337341,12.5910778,62.2240829,-170.548889,-25,41.9702568,62.2240829,65.68823,1409.6438,704,704,-41.47192,-1.989172,-1,0.5613272030420685,0.07382679210419603,0.3648460048537353,0.0
48.4,True,False,-120,-95.88372,12.9017811,62.1408157,-170.926315,-25,43.0059357,62.1408157,65.73967,1409.6438,704,704,-39.85308,-2.067738,0,0.560965226391633,0.07548153696599165,0.36355323664237527,0.0
48.41667,True,False,-120,-96.0000839,13.2119989,62.0434074,-171.2555,-25,44.0399933,62.0434074,65.77955,1409.6438,704,704,-38.28529,-2.016057,0,0.5605664600176422,0.07714788521273346,0.36228565476962443,0.0
48.43333,True,False,-120,-96.08368,13.521657,61.93228,-171.537613,-25,45.07219,61.93228,65.80818,1409.6438,704,704,-36.76821,-1.964418,0,0.5601318339405402,0.07882619122544998,0.3610419748340097,0.0
48.45,True,False,-120,-96.13539,13.8307009,61.80789,-171.773987,-25,46.1023331,61.80789,65.82589,1409.6438,705,704,-35.30158,-1.912823,0,0.5596621181875397,0.08051685608923324,0.359821025723227,0.0
48.46667,True,False,-120,-96.03902,14.1517286,62.5801849,-172.770935,-25,47.17243,62.5801849,65.83299,1409.66687,705,705,-33.88512,-1.861271,0,0.5558748688476584,0.08191035559809602,0.3622147755542457,0.0
48.48334,True,False,-120,-94.29284,14.4639635,62.4469452,-171.203751,-25,48.21321,62.4469452,65.82984,1410.01086,705,705,-32.51855,-1.809761,0,0.5507638747164886,0.08448391819588702,0.36475220708762435,0.0
48.5,True,False,-120,-92.4864349,14.77548,62.30164,-169.563553,-25,49.2516,62.30164,65.8167648,1410.36121,705,705,-31.2017,-1.758295,0,0.5454381689186913,0.08713830049572757,0.367423530585581,0.0
48.51667,True,False,-120,-90.62305,15.0861988,62.1447067,-167.853958,-25,50.2873268,62.1447067,65.79412,1410.7179,705,705,-29.93435,-1.706871,0,0.5398922517497659,0.08987693352272536,0.37023081472750874,0.0
48.53334,True,False,-120,-88.70531,15.3960791,61.9765968,-166.077988,-25,51.3202629,61.9765968,65.76226,1411.081,705,705,-28.71631,-1.655491,0,0.5341184114155373,0.09270391266227417,0.3731776759221886,0.0
48.55,True,False,-120,-86.7364349,15.7050676,61.7977524,-164.239258,-25,52.3502235,61.7977524,65.72154,1411.45032,705,705,-27.54743,-1.604153,0,0.5281102556925932,0.09562310550886455,0.37626663879854216,0.0
48.56667,True,False,-120,-85.63672,16.0131073,61.6086235,-163.258453,-25,53.37702,61.6086235,65.6723251,1411.64319,705,705,-26.42757,-1.552858,0,0.5245469351225769,0.09808440066368682,0.3773686642137364,0.0
48.58334,True,False,-120,-85.487236,16.3201561,61.4096451,-163.217041,-25,54.4005165,61.4096451,65.61498,1411.64319,705,705,-25.35659,-1.501605,-1,0.5237641698840984,0.09999051802418087,0.3762453120917208,0.0
48.6,True,False,-120,-85.31764,16.6261635,61.20126,-163.145065,-25,55.4205437,61.20126,65.5498657,1411.64319,705,705,-24.21008,-1.580577,0,0.5229556945803635,0.10191030695819982,0.37513399846143675,0.0
48.61667,True,False,-120,-85.12661,16.93108,60.9830856,-163.040771,-25,56.4369278,60.9830856,65.47644,1411.64319,705,705,-23.11225,-1.529302,0,0.5221185294704891,0.10384567871253429,0.3740357918169766,0.0
48.63334,True,False,-120,-84.91519,17.2348614,60.75557,-162.905624,-25,57.4495354,60.75557,65.39508,1411.64319,705,705,-22.06304,-1.478069,0,0.5212538970125434,0.10579660328406568,0.3729494997033908,0.0
48.65,True,False,-120,-84.6844,17.5374584,60.519146,-162.741013,-25,58.45819,60.519146,65.30615,1411.64319,706,705,-21.06237,-1.426879,0,0.5203630167591616,0.10776299719089111,0.3718739860499472,0.0
48.66667,True,False,-120,-83.06399,17.8553886,61.1707,-162.090073,-25,59.51796,61.1707,65.2100143,1411.97876,706,706,-20.11012,-1.375731,0,0.5124557327471122,0.1101571962591423,0.3773870709937456,0.0
48.68333,True,False,-120,-81.25889,18.16004,60.9307442,-160.34967,-25,60.5334625,60.9307442,65.10704,1412.35742,706,706,-19.20625,-1.324627,0,0.506760555675641,0.11325274024161379,0.3799867040827452,0.0
48.7,True,False,-120,-79.42485,18.4634552,60.68296,-158.571259,-25,61.54485,60.68296,64.9976,1412.74182,706,706,-18.35068,-1.273565,0,0.5008779484720918,0.11643632392484687,0.38268572760306135,0.0
48.71667,True,False,-120,-77.56496,18.7655926,60.4277573,-156.7583,-25,62.55197,60.4277573,64.88205,1413.13171,706,706,-17.54345,-1.222545,0,0.49480604919433363,0.11971035291188734,0.38548359789377906,0.0
48.73334,True,False,-120,-75.6812,19.0664177,60.16552,-154.913132,-25,63.55472,60.16552,64.76075,1413.52722,706,706,-16.78445,-1.171568,-1,0.4885395849805966,0.12307811966809061,0.3883822953513129,0.0
48.75,True,False,-120,-74.9213257,19.3658981,59.8966522,-154.183868,-25,64.55299,59.8966522,64.63407,1413.6427,706,706,-15.94942,-1.250815,0,0.4859219241576207,0.12560261554197794,0.3884754603004013,0.0
48.76667,True,False,-120,-74.61426,19.6640053,59.62079,-153.899048,-25,65.5466843,59.62079,64.50148,1413.6427,706,706,-15.16254,-1.199814,0,0.48482597800585725,0.1277720988063791,0.38740192318776373,0.0
48.78334,True,False,-120,-74.2950058,19.9607,59.33832,-153.594025,-25,66.53566,59.33832,64.36334,1413.6427,706,706,-14.42379,-1.148856,0,0.4837102576941505,0.12995752859549045,0.3863322137103591,0.0
48.8,True,False,-120,-73.96447,20.255949,59.049633,-153.27005,-25,67.51983,59.049633,64.22001,1413.6427,706,706,-13.73324,-1.09794,0,0.48257613953181144,0.13215855762872708,0.38526530283946137,0.0
48.81667,True,False,-120,-73.62358,20.5497246,58.7550926,-152.9284,-25,68.49908,58.7550926,64.071846,1413.6427,707,706,-13.09087,-1.047067,0,0.48142517248588546,0.13437481184822095,0.38420001566589357,0.0
48.83334,True,False,-120,-73.25031,20.8543453,59.30768,-153.412338,-25,69.51448,59.30768,63.9192,1413.64978,707,707,-12.49668,-0.996236,0,0.4774734043175732,0.1359365611586515,0.3865900345237753,0.0
48.85,True,False,-120,-71.60943,21.14941,59.01294,-151.771774,-25,70.49803,59.01294,63.7624168,1414.04822,707,707,-11.95074,-0.9454475,0,0.47182308858735134,0.13935008207718194,0.3888268293354667,0.0
48.86667,True,False,-120,-69.9580841,21.4429779,58.71324,-150.1143,-25,71.47659,58.71324,63.6018562,1414.45166,707,707,-11.45307,-0.8947013,-1,0.4660321046558241,0.14284433671083518,0.3911235586333406,0.0
48.88334,True,False,-120,-68.296936,21.7350178,58.40891,-148.440857,-25,72.45006,58.40891,63.43785,1414.86011,707,707,-10.8794,-0.9741787,0,0.4600952477076599,0.14642206494624294,0.39348268734609726,0.0
48.9,True,False,-120,-66.62597,22.0255146,58.0996,-146.751083,-25,73.41838,58.0996,63.2698936,1415.27356,707,707,-10.35395,-0.9234086,0,0.4540066615630314,0.1500875762522303,0.3959057621847382,0.0
48.91667,True,False,-120,-65.10353,22.3144455,57.78565,-145.203629,-25,74.381485,57.78565,63.0983276,1415.64221,707,707,-9.876732,-0.8726807,0,0.44836022362265326,0.15367691697202146,0.39796285940532516,0.0
48.93333,True,False,-120,-64.74325,22.6017838,57.4673767,-144.812408,-25,75.33928,57.4673767,62.9234924,1415.64221,707,707,-9.447838,-0.8219951,0,0.4470835736830719,0.15607629016022767,0.3968401361567005,0.0
48.95,True,False,-120,-64.37796,22.8875122,57.145092,-144.410568,-25,76.2917,57.145092,62.74573,1415.64221,707,707,-9.067337,-0.7713518,0,0.4457981336520531,0.1584891820538985,0.3957126842940483,0.0
48.96667,True,False,-120,-64.00841,23.1716061,56.8191032,-143.999115,-25,77.2386856,56.8191032,62.56538,1415.64221,707,707,-8.735283,-0.7207507,-1,0.44450556580591527,0.1609149154011527,0.3945795187929319,0.0
48.98334,True,False,-120,-63.63531,23.4540558,56.4897,-143.579071,-25,78.18018,56.4897,62.38277,1415.64221,707,707,-8.327454,-0.8003731,0,0.44320743867104895,0.16335289319036647,0.3934396681385846,0.0
49,True,False,-120,-63.2576942,23.7348366,56.1565552,-143.149078,-25,79.11612,56.1565552,62.197403,1415.64221,708,707,-7.968025,-0.7497478,0,0.44190079006162847,0.1658050167361879,0.3922941932021836,0.0
49.01667,True,False,-120,-62.4718132,24.0273685,56.6416054,-143.1408,-25,80.0912247,56.6416054,62.0096054,1415.80432,708,708,-7.657036,-0.6991646,0,0.4364361442022558,0.16785829522660212,0.39570556057114203,0.0
49.03334,True,False,-120,-61.0457535,24.308918,56.31029,-141.664963,-25,81.0297241,56.31029,61.81971,1416.22522,708,708,-7.394646,-0.6486236,0,0.43091638788889935,0.17159442774422382,0.3974891843668768,0.0
49.05,True,False,-120,-59.6194458,24.5887966,55.9759674,-140.1842,-25,81.9626541,55.9759674,61.6280556,1416.65051,708,708,-7.180916,-0.5981248,-1,0.4252935896636198,0.17540346830132073,0.39930294203505934,0.0
49.06667,True,False,-120,-58.19354,24.8669987,55.6389122,-138.699448,-25,82.88999,55.6389122,61.43496,1417.08032,708,708,-6.891602,-0.6778494,0,0.4195657561900269,0.17928692967882545,0.40114731413114774,0.0
49.08334,True,False,-120,-56.76804,25.1434917,55.2987862,-137.210312,-25,83.81164,55.2987862,61.239933,1417.5144,708,708,-6.650902,-0.6273262,0,0.41373011059833714,0.1832478204614669,0.40302206894019593,0.0
49.1,True,False,-120,-56.09623,25.41827,54.955864,-136.470367,-25,84.72756,54.955864,61.043293,1417.64172,708,708,-6.458931,-0.576845,0,0.41105063660561497,0.1862548706911927,0.40269449270319235,0.0
49.11667,True,False,-120,-55.7330551,25.6913242,54.610405,-136.03479,-25,85.63774,54.610405,60.84537,1417.64172,708,708,-6.315758,-0.526406,-1,0.4096970887761388,0.1888584918350181,0.401444419388843,0.0
49.13334,True,False,-120,-55.3693275,25.9626369,54.26267,-135.594635,-25,86.54212,54.26267,60.6465,1417.64172,708,708,-6.097198,-0.6061903,0,0.40834453180988106,0.19147245032875723,0.40018301786136157,0.0
49.15,True,False,-120,-55.0041428,26.2321987,53.9123268,-135.148666,-25,87.44066,53.9123268,60.4461746,1417.64172,708,708,-5.927383,-0.5557268,0,0.40698989854567436,0.19409883227092073,0.3989112691834049,0.0
49.16667,True,False,-120,-54.63811,26.4999943,53.55963,-134.697739,-25,88.33331,53.55963,60.2447166,1417.64172,708,708,-5.80648,-0.5053053,0,0.40563495951839484,0.19673674867447272,0.39762829180713255,0.0
49.18333,True,False,-120,-54.271862,26.76602,53.204834,-134.242722,-25,89.22006,53.204834,60.04246,1417.64172,709,708,-5.73452,-0.4549259,-1,0.4042816148028471,0.19938526869495102,0.3963331165022019,0.0
49.2,True,False,-120,-53.0873528,27.04553,53.64431,-133.777191,-25,90.1517639,53.64431,59.8397331,1418.06787,709,709,-5.587372,-0.5347698,0,0.39683410668787783,0.2021684670901541,0.4009974262219681,0.0
49.21667,True,False,-120,-51.8841171,27.3120022,53.2925873,-132.488708,-25,91.04,53.2925873,59.63603,1418.5094,709,709,-5.489166,-0.4843659,0,0.3916116205786856,0.20614588896590524,0.4022424904554091,0.0
49.23334,True,False,-120,-50.68487,27.5766945,52.9388351,-131.200409,-25,91.92231,52.9388351,59.43168,1418.955,709,709,-5.440041,-0.4340039,-1,0.3863164300911169,0.21018758009941305,0.40349598980947005,0.0
49.25,True,False,-120,-49.4903145,27.8396034,52.5833,-129.913223,-25,92.7986755,52.5833,59.227005,1419.40454,709,709,-5.315727,-0.5138652,0,0.38094903120708545,0.21429384823205122,0.40475712056086327,0.0
49.26667,True,False,-120,-48.7052727,28.1007347,52.2256622,-129.031677,-25,93.66911,52.2256622,59.0215149,1419.64124,709,709,-5.240448,-0.4634787,0,0.3774675849036678,0.21778168714016238,0.40475072795616995,0.0
49.28334,True,False,-120,-48.3659,28.3600636,51.86615,-128.592117,-25,94.53354,51.86615,58.8155251,1419.64124,709,709,-5.21431,-0.4131341,-1,0.37611871090670057,0.22054279073611865,0.4033384983571807,0.0
