plan_time,end_time,x,z,vx,vz,yaw,omega,e_post,relative_yaw,progress,advance,planner_segment,independent_segment,velocity_yaw,e,edot,e_pred,T,curvature,position_correction,velocity_correction,acceleration_correction,correction,raw_lateral,a_lat,a_lat_now,pace,mode,side,theta,target,car,coordinate_offset,phi,remaining,key,side_changed,mode_changed,recovery,recovery_changed,reanchored,provisional_target,invariant
0,0.0166666675,318.168762,182.520615,55.75486,-23.1866169,1.96624315,0.08022302,0,0.0766074061,1.00366211,1.00366211,0,0,1.964906,0,-4.58803356E-07,1.81294908E-07,0.495474368,13.9431305,0,3.40987967E-08,-6.12930364E-08,-2.7194238E-08,13.9431305,13.9431305,3.32895138E-06,62.6358376,0,1,33.8986244,33.8986244,0,0,33.8986244,33.8986244,1,False,False,False,False,False,33.8986244,
0.0166666675,0.0333333351,319.1039,182.1317,56.1091766,-23.33457,1.96891618,0.160379186,-6.810042E-05,-0.097258,2.01367188,1.01000977,0,1,1.9649061,0,1.73132548E-08,0.004282401,0.5061929,13.6778736,0,-1.31457711E-09,-0.000642358849,-0.0006423602,13.6772308,13.6772308,0.03342599,62.6358376,0,1,33.16755,33.16755,0.07660675,0,33.0909424,33.0294838,1,False,False,False,False,False,33.16931,
0.0333333351,0.0500000045,320.044952,181.740311,56.4630623,-23.4835472,1.972924,0.240468562,-0.005852465,0.13237296,3.03686523,1.02319336,1,1,1.96491528,-6.810042E-05,-0.34627676,-0.1654495,0.5160619,13.4008827,1.02150625E-05,0.0268050376,-0.00199782662,0.0248174258,13.4257,13.4257,0.1000214,62.3157959,0,1,32.4815521,32.1550751,-0.09725952,0,32.2523346,32.0067139,1,False,False,False,False,False,32.0877037,
0.0500000045,0.06666667,320.991882,181.3464,56.8163,-23.6340618,1.97826552,0.3204912,-0.0119894082,0.10448911,4.066162,1.02929688,1,2,1.96494246,-0.005852465,-0.346799,-0.160903335,0.526986063,13.2055855,0.0008778698,0.0274137352,-0.004156104,0.0241355021,13.2297211,13.2297211,0.199538559,61.9941025,0,1,31.9506664,31.6257153,0.132377625,0,31.4933376,30.9411469,1,False,False,False,False,False,31.5629177,
0.06666667,0.0833333358,321.9447,180.949966,57.168663,-23.78662,1.98493969,0.40044713,-0.02371836,0.4868909,5.09838867,1.03222656,2,2,1.96499646,-0.0119894082,-0.7042839,-0.342465043,0.537196934,13.0064259,0.00179841125,0.056750875,-0.007179529,0.05136976,13.0577955,13.0577955,0.331716925,61.9941025,0,1,31.4874516,30.83169,0.104492188,0,30.7271976,29.7463455,1,False,False,False,False,False,30.69856,
0.0833333358,0.100000009,322.903381,180.550934,57.5199165,-23.9417229,1.99294531,0.480336457,-0.03621552,0.6016689,6.136963,1.03857422,2,3,1.96508574,-0.02371836,-0.7031537,-0.3347545,0.548535764,12.8922234,0.00355775421,0.0578557476,-0.0112003265,0.0502131768,12.9424362,12.9424362,0.4963174,61.6707268,0,1,31.1779289,30.5272636,0.4868927,0,30.04037,28.5090656,1,False,False,False,False,False,30.4023666,
0.100000009,0.116666675,323.8679,180.149277,57.86982,-24.0998688,2.00228119,0.5601592,-0.0540236123,1.13657522,7.18359375,1.04663086,3,3,1.96521842,-0.03621552,-1.0731771,-0.528102458,0.559391558,12.7857151,0.005432328,0.09004893,-0.0162658878,0.07921537,12.86493,12.86493,0.6930821,61.34565,0,1,30.9705334,29.9835644,0.6016693,0,29.381897,27.1786537,1,False,False,False,False,False,29.7865582,
0.116666675,0.13333334,324.8382,179.744919,58.2181129,-24.261549,2.01294637,0.6399154,-0.07314688,1.39510584,8.236328,1.05273438,3,4,1.9654026,-0.0540236123,-1.06824553,-0.514048636,0.5715938,12.7731457,0.008103542,0.09159038,-0.0225866269,0.0771072954,12.8502531,12.8502531,0.921754062,61.34565,0,1,30.9313145,29.9549046,1.13657379,0,28.81833,25.8219681,1,False,False,False,False,False,29.7707157,
0.13333334,0.15,325.81427,179.3378,58.5645332,-24.4272461,2.02493978,0.719605148,-0.09709744,2.08227754,9.296631,1.06030273,4,4,1.965646,-0.07314688,-1.44742668,-0.929538965,1,12.7864733,0.0109720323,0.217114016,-0.08865519,0.139430851,12.9259043,12.9259043,1.18206918,61.01884,2,1,148.866348,147.551346,1.39511108,0,146.156235,142.2459,1,False,True,False,False,False,147.894669,
0.15,0.166666672,326.796082,178.927841,58.90879,-24.597435,2.03826022,0.7992285,-0.12305022,2.48491764,10.3615723,1.06494141,4,5,1.96595633,-0.09709744,-1.43654275,-0.7967732,1,12.9013243,0.0145646166,0.215481415,-0.110530056,0.119515985,13.0208406,13.0208406,1.473734,60.6902733,2,1,148.611816,147.314575,2.082283,0,145.2323,140.287354,1,False,False,False,False,False,147.595932,
0.166666672,0.183333337,327.7836,178.514969,59.2505836,-24.7725811,2.05290675,0.8787855,-0.153125748,3.324102,11.4313965,1.06982422,5,5,1.9663409,-0.12305022,-1.8222841,-1.04711747,1,13.0651426,0.0184575338,0.273342639,-0.13473253,0.157067627,13.22221,13.22221,1.79643369,60.3599167,2,1,148.069626,146.433884,2.48491669,0,143.948975,137.8492,1,False,False,False,False,False,146.807434,
0.183333337,0.200000018,328.776764,178.099091,59.5895958,-24.9531384,2.068878,0.9582762,-0.186081439,3.86626625,12.503418,1.07202148,5,6,1.96680689,-0.153125748,-1.8033,-0.8815068,1,13.3264408,0.0229688622,0.270495027,-0.161237851,0.13222602,13.4586668,13.4586668,2.149838,60.3599167,2,1,147.428848,145.819778,3.32410431,0,142.495667,135.1211,1,False,False,False,False,False,146.116425,
0.200000018,0.216666684,329.7755,177.6801,59.9254837,-25.1395473,2.086173,1.03770065,-0.222240284,4.857204,13.57959,1.07617188,6,6,1.96736121,-0.186081439,-2.19851661,-1.11781693,1,13.6284828,0.0279122163,0.3297775,-0.190017179,0.167672545,13.796155,13.796155,2.53356218,60.02774,2,1,146.506241,144.556046,3.866272,0,140.689774,131.9207,1,False,False,False,False,False,144.939285,
0.216666684,0.233333349,330.779816,177.257889,60.257885,-25.3322334,2.10479069,1.11705887,-0.262239516,5.54239225,14.6630859,1.08349609,6,7,1.96801066,-0.222240284,-2.16933,-0.917974055,1,13.9774418,0.0333360434,0.3253995,-0.221039429,0.137696117,14.1151381,14.1151381,2.94719219,59.693718,2,1,145.625092,143.7121,4.85720825,0,138.854889,128.571991,1,False,False,False,False,False,144.001389,
0.233333349,0.25,331.789581,176.832367,60.58641,-25.5316067,2.12472987,1.196351,-0.304344445,6.68482351,15.7561035,1.09301758,7,7,1.96876168,-0.262239516,-2.56796479,-1.13507986,1,14.3352,0.03933593,0.385194749,-0.254268676,0.170261979,14.5054626,14.5054626,3.39024878,59.3840523,2,1,144.5341,142.282608,5.54239655,0,136.7402,124.8244,1,False,False,False,False,False,142.650177,
0.25,0.266666681,332.804749,176.4034,60.91065,-25.73806,2.14598942,1.27557707,-0.351472825,7.51334143,16.8588867,1.1027832,7,8,1.9696207,-0.304344445,-2.526467,-0.8997123,1,14.701313,0.0456516668,0.3789701,-0.2896649,0.134956852,14.83627,14.83627,3.86219835,59.3840523,2,1,143.597733,141.395462,6.684822,0,134.710632,121.043152,1,False,False,False,False,False,141.649338,
0.266666681,0.283333361,333.825256,175.970871,61.2301636,-25.9519653,2.16856837,1.35473716,-0.3993044,8.80702,17.9719238,1.11303711,8,8,1.97059369,-0.351472825,-2.92595387,-1.09620333,1,15.0770311,0.0527209267,0.4388931,-0.3271835,0.1644305,15.2414618,15.2414618,4.362447,59.10047,2,1,142.4352,139.8991,7.513344,0,132.385742,116.848122,1,False,False,False,False,False,140.22139,
0.283333361,0.3,334.850983,175.534637,61.544487,-26.1736679,2.19246554,1.43383121,-0.453623325,9.776913,19.0810547,1.10913086,8,9,1.97168648,-0.3993044,-2.870061,-0.8242099,1,15.460494,0.05989566,0.43050915,-0.3667733,0.123631492,15.5841255,15.5841255,4.890311,58.8468742,2,1,141.437729,138.964249,8.807022,0,130.157227,112.631287,1,False,False,False,False,False,139.1508,
0.3,0.3166667,335.881866,175.094574,61.8531227,-26.4034939,2.21768,1.51285934,-0.5083774,10.8118486,20.1965332,1.11547852,9,10,1.97290456,-0.453623325,-3.27053142,-1.00164008,1,15.852293,0.0680435,0.490579724,-0.4083772,0.150246024,16.0025387,16.0025387,5.44502926,58.8468742,2,1,140.200623,137.397614,9.7769165,0,127.620689,107.988564,1,False,False,False,False,False,137.64238,
0.3166667,0.333333343,336.9178,174.650543,62.1555519,-26.641737,2.24421024,1.59182167,-0.568360567,12.3319206,21.3259277,1.12939453,10,10,1.97425342,-0.5083774,-3.67853022,-1.174037,1,16.25111,0.07625661,0.551779568,-0.4519306,0.176105559,16.4272156,16.4272156,6.025741,58.6191559,2,1,138.921783,135.786316,10.8118515,0,124.974457,103.118568,1,False,False,False,False,False,136.0892,
0.333333343,0.350000024,337.958649,174.2024,62.4512253,-26.8886623,2.27205563,1.67071819,-0.630205333,13.508131,22.4555664,1.12963867,10,11,1.97573769,-0.568360567,-3.59862971,-0.8512535,1,16.6610432,0.08525409,0.5397945,-0.497360528,0.127688035,16.78873,16.78873,6.63147354,58.4222641,2,1,137.813263,134.762848,12.3319168,0,122.430939,98.23401,1,False,False,False,False,False,134.893951,
0.350000024,0.366666675,339.0043,173.749985,62.73956,-27.1445026,2.30121469,1.74954891,-0.6953059,15.1788225,23.5935059,1.13793945,11,11,1.97736239,-0.630205333,-4.00468731,-1.004313,1,17.0773983,0.0945308059,0.6007031,-0.544586957,0.150646955,17.2280445,17.2280445,7.26115942,58.2527733,2,1,136.439362,133.0628,13.5081329,0,119.55468,92.8997345,1,False,False,False,False,False,133.240036,
0.366666675,0.383333355,340.054626,173.293167,63.0199432,-27.4094524,2.3316865,1.828314,-0.7641374,16.49253,24.7253418,1.13183594,11,12,1.97913182,-0.6953059,-3.90549254,-0.644013,1,17.50244,0.104295887,0.5858239,-0.59351784,0.0966019556,17.599041,17.599041,7.913571,58.2527733,2,1,135.254288,131.979141,15.1788177,0,116.800323,87.57068,1,False,False,False,False,False,131.954315,
0.383333355,0.400000036,341.1095,172.831772,63.29174,-27.6836681,2.36347,1.90701342,-0.8340039,18.3135967,25.8647461,1.1394043,12,12,1.98105013,-0.7641374,-4.31207371,-0.782518,1,17.9346161,0.114620611,0.646811068,-0.644054,0.117377706,18.0519943,18.0519943,8.587386,58.1139374,2,1,133.773544,130.1761,16.49253,0,113.683571,81.76283,1,False,False,False,False,False,130.185242,
0.400000036,0.4166667,342.168732,172.365646,63.554287,-27.9672623,2.39656425,1.9856472,-0.9095458,19.7667141,27.0134277,1.14868164,12,13,1.983121,-0.8340039,-4.1918,-0.3852477,1,18.3748837,0.1251006,0.628770053,-0.6960835,0.0577871576,18.43267,18.43267,9.281113,58.00151,2,1,132.4975,129.0187,18.313591,0,110.705116,75.97719,1,False,False,False,False,False,128.789841,
0.4166667,0.433333367,343.232178,171.894638,63.8068848,-28.2602978,2.43096781,2.06421542,-0.9851523,21.286377,28.1682129,1.15478516,13,14,1.98534775,-0.9095458,-4.594824,-0.50781,1,18.8223515,0.136431873,0.6892236,-0.749483943,0.0761715,18.8985233,18.8985233,9.993119,57.9186668,2,1,130.892349,127.098106,19.766716,0,107.33139,69.68047,1,False,False,False,False,False,126.886681,
0.433333367,0.450000018,344.299652,171.4186,64.04882,-28.5627937,2.46667981,2.14271832,-1.06593239,23.3325233,29.3359375,1.16772461,14,14,1.98773324,-0.9851523,-5.00050545,-0.6248613,1,19.2754631,0.147772849,0.7500759,-0.8041195,0.0937292,19.3691921,19.3691921,10.7215929,57.9186668,2,1,129.216034,125.106934,21.286377,0,103.820557,63.1311455,1,False,False,False,False,False,124.910606,
0.450000018,0.4666667,345.370972,170.937347,64.279335,-28.874712,2.503699,2.22115564,-1.14805889,24.9922047,30.5007324,1.16479492,14,15,1.99028,-1.06593239,-4.846986,-0.180634141,1,19.7380848,0.159889862,0.7270479,-0.859842658,0.0270951223,19.76518,19.76518,11.4645681,57.8654442,2,1,127.757706,123.79454,23.33252,0,100.462021,56.6188927,1,False,False,False,False,False,123.294708,
0.4666667,0.483333349,346.445923,170.450745,64.4976654,-29.1959572,2.54202461,2.29952765,-1.23248935,27.188097,31.6806641,1.17993164,15,15,1.99299049,-1.14805889,-5.24579525,-0.283910751,1,20.2056026,0.172208846,0.786869347,-0.916491568,0.0425866134,20.24819,20.24819,12.2198868,57.8408775,2,1,125.911148,121.641922,24.9922028,0,96.64972,49.5379562,1,False,False,False,False,False,121.132294,
0.483333349,0.5,347.5243,169.958633,64.70304,-29.5263748,2.58165526,2.37783432,-1.320905,28.98505,32.85376,1.1730957,15,16,1.99586582,-1.23248935,-5.067412,0.1927054,1,20.6827011,0.1848734,0.7601118,-0.973891,-0.02890581,20.6537952,20.6537952,12.9852133,57.8408775,2,1,124.294571,120.190079,27.1880951,0,93.00198,42.50695,1,False,False,False,False,False,119.310593,
0.5,0.5166667,348.605865,169.460876,64.89464,-29.8657417,2.62258983,2.456076,-1.40889847,30.8439312,34.02954,1.17578125,16,17,1.99890733,-1.320905,-5.46126,0.09684062,1,21.1604347,0.198135749,0.819189,-1.03185081,-0.0145260934,21.1459084,21.1459084,13.7580109,57.8408775,2,1,122.23835,117.834419,28.985054,0,88.8493652,34.8567238,1,False,False,False,False,False,116.908867,
0.5166667,0.533333361,349.6904,168.957321,65.0716553,-30.213768,2.66482735,2.53425217,-1.5030086,33.26396,35.2124023,1.18286133,17,17,2.00211573,-1.40889847,-5.86167431,-0.00281012058,1,21.6404057,0.21133478,0.8792512,-1.09016442,0.0004215181,21.6408272,21.6408272,14.5355253,57.8408775,2,1,120.044937,115.338333,30.84394,0,84.49439,26.8900871,1,False,False,False,False,False,115.2934,
0.533333361,0.55,350.777618,168.447815,65.23325,-30.5700932,2.70836663,2.61236334,-1.59677863,35.25974,36.3898926,1.17749023,17,18,2.005491,-1.5030086,-5.64547729,0.508919954,1,22.1277733,0.2254513,0.8468216,-1.148611,-0.07633799,22.0514355,22.0514355,15.3148117,57.8408775,2,1,120.000008,115.486794,33.26397,0,82.2228241,20.893095,1,False,False,False,False,False,115.486794,
0.55,0.5666667,351.867249,167.932251,65.37862,-30.93428,2.75320673,2.69040942,-1.69338024,37.8288879,37.5915527,1.20166016,18,18,2.00903249,-1.59677863,-6.039712,0.4098618,1,22.6143417,0.23951681,0.9059568,-1.20695293,-0.0614792742,22.5528622,22.5528622,16.0927048,57.8408775,2,1,120.000008,115.190865,35.2597427,0,79.93112,14.7625,1,False,False,False,False,False,115.190865,
0.5666667,0.5833334,352.959045,167.410492,65.5069046,-31.3058147,2.79934669,2.76839042,-1.79277039,39.9658737,38.7851563,1.19360352,18,19,2.012739,-1.69338024,-5.79655838,0.942978,1,23.1077118,0.254007041,0.869483769,-1.26493752,-0.14144671,22.9662647,22.9662647,16.8658333,57.8408775,2,1,120.000008,115.403206,37.8288956,0,77.57431,8.45361,1,False,False,False,False,False,115.403206,
0.5833334,0.6,354.052673,166.882431,65.61729,-31.6840973,2.846785,2.84630656,-1.89125335,42.68389,39.989502,1.2043457,19,19,2.016609,-1.79277039,-6.178416,0.8441014,1,23.5997238,0.268915564,0.9267624,-1.32229316,-0.126615226,23.4731083,23.4731083,17.6305752,57.8408775,2,1,120.000008,115.118324,39.9658737,0,75.15245,1.96677792,1,False,False,False,False,False,115.118324,
0.6,0.6166667,355.147827,166.347961,65.70896,-32.0684433,2.89284682,2.76371169,-1.99600017,44.80416,41.1967773,1.20727539,19,20,2.02064,-1.89125335,-5.90812349,1.39217627,1,24.0932674,0.283688,0.886218548,-1.378733,-0.208826452,23.8844414,23.8844414,18.3831062,57.8408775,2,1,120.000008,115.349281,42.68389,0,72.66539,-4.697862,-1,False,False,False,False,False,115.349281,
0.6166667,0.6333334,356.2442,165.806992,65.78221,-32.4578171,2.93753314,2.68118548,-2.099644,46.8315544,42.3928223,1.19604492,20,21,2.0248282,-1.99600017,-6.283069,1.25905192,1,24.5851612,0.299400032,0.9424604,-1.43071818,-0.1888578,24.3963032,24.3963032,19.0762424,57.8408775,2,1,120.000008,115.070381,44.80416,0,70.26622,-2.67228436,-1,False,False,False,False,False,115.070381,
0.6333334,0.650000036,357.3415,165.259476,65.83739,-32.85124,2.98134971,2.6289928,-2.205639,49.34206,43.605957,1.21313477,21,21,2.02916074,-2.099644,-6.66655874,1.0900948,1,25.0709972,0.3149466,0.999983847,-1.4784447,-0.163514227,24.9074821,24.9074821,19.712595,57.8408775,2,1,120.000008,114.785652,46.8315659,0,67.95409,-0.693474531,0,False,False,False,False,False,114.785652,
0.650000036,0.6666667,358.4394,164.705353,65.87468,-33.2478333,3.024297,2.57684374,-2.314223,51.2574768,44.80664,1.20068359,21,22,2.033624,-2.205639,-6.359839,1.58565474,1,25.5589771,0.330845833,0.953975856,-1.52266991,-0.237848222,25.3211288,25,20.3022652,57.8408775,2,1,120.000008,115.041389,49.3420639,0,65.6993256,-0.301624835,0,False,False,False,False,False,115.041389,
0.6666667,0.6833334,359.537628,164.144577,65.89432,-33.6467667,3.066376,2.524738,-2.42145228,53.11495,46.0114746,1.204834,22,23,2.03820753,-2.314223,-6.740679,1.368521,1,26.0389252,0.347133458,1.01110184,-1.56351352,-0.205278158,25.8336468,25,20.8468456,57.8408775,2,1,120.000008,114.758736,51.2574768,0,63.50126,0.09274897,0,False,False,False,False,False,114.758736,
0.6833334,0.700000048,360.6359,163.577118,65.8965759,-34.047245,3.10758734,2.4726758,-2.534558,55.4761848,47.2473145,1.23583984,23,23,2.04290152,-2.42145228,-7.12458563,1.12797713,1,26.5149231,0.36321786,1.06868792,-1.60110235,-0.169196576,26.345726,25,21.34803,57.8408775,2,1,120.000008,114.47419,53.1149521,0,61.3592377,0.48913306,0,False,False,False,False,False,114.47419,
0.700000048,0.7166667,361.733917,163.002975,65.88177,-34.44852,3.14793158,2.420657,-2.64670014,57.2225227,48.458252,1.2109375,23,24,2.04769635,-2.534558,-6.788325,1.58089328,1,26.99598,0.380183727,1.0182488,-1.63556647,-0.237134,26.7588444,25,21.8075523,57.8408775,2,1,120.000008,114.748909,55.47619,0,59.2727242,0.8871243,0,False,False,False,False,False,114.748909,
0.7166667,0.733333349,362.831421,162.42215,65.85023,-34.84988,3.18740964,2.36868143,-2.760373,59.4844475,49.6943359,1.236084,24,24,2.052583,-2.64670014,-7.17251062,1.2943871,1,27.4639721,0.397005051,1.07587659,-1.66703975,-0.194158077,27.2698135,25,22.2271957,57.8408775,2,1,120.000008,114.463692,57.2225266,0,57.2411652,1.28629875,0,False,False,False,False,False,114.463692,
0.733333349,0.75000006,363.928131,161.834641,65.80232,-35.2506676,3.22602224,2.31674933,-2.87744,61.1163177,50.89795,1.20361328,24,25,2.057553,-2.760373,-6.819197,1.7248168,1,27.9324684,0.414055973,1.0228796,-1.69565809,-0.258722544,27.6737461,25,22.6087742,57.8408775,2,1,120.000008,114.748451,59.48446,0,55.2639923,1.68621552,0,False,False,False,False,False,114.748451,
0.75000006,0.7666667,365.023773,161.240463,65.7384338,-35.6502647,3.26593971,2.3950417,-2.992804,62.81124,52.10034,1.20239258,25,26,2.06259871,-2.87744,-7.210517,1.38910437,1,28.384222,0.431616,1.08157754,-1.72155929,-0.208365664,28.1758556,25,22.9541225,57.8408775,2,1,120.000008,114.457069,61.116333,0,53.3407364,2.08653259,1,False,False,False,False,False,114.457069,
0.7666667,0.783333361,366.118073,160.639664,65.65809,-36.0479774,3.30448675,2.31282282,-3.11344481,65.01982,53.3427734,1.24243164,26,26,2.06771231,-2.992804,-7.61198044,1.03765631,1,28.8281136,0.448920637,1.14179707,-1.74636614,-0.155648455,28.6724644,25,23.2848816,57.8408775,2,1,120.000008,114.157906,62.81125,0,51.3466568,-3.43025422,-1,False,False,False,False,False,114.157906,
0.783333361,0.8000001,367.2108,160.032272,65.5619354,-36.44324,3.34166455,2.23067236,-3.23386645,66.5491,54.5556641,1.21289063,26,27,2.07289124,-3.11344481,-7.23819065,1.43612528,1,29.273344,0.467016727,1.08572865,-1.76816416,-0.2154188,29.0579262,25,23.5755215,57.8408775,2,1,120.000008,114.454628,65.01984,0,49.43479,-1.64582217,-1,False,False,False,False,False,114.454628,
0.8000001,0.8166667,368.301636,159.41835,65.45063,-36.83556,3.3779788,2.17885518,-3.3547864,68.62975,55.80591,1.25024414,27,27,2.07812715,-3.23386645,-7.640444,1.04026628,1,29.7013912,0.485079974,1.14606667,-1.7871865,-0.156039953,29.545351,25,23.8291531,57.8408775,2,1,120.000008,114.153755,66.54911,0,47.6046448,0.08830908,0,False,False,False,False,False,114.153755,
0.8166667,0.8333334,369.390381,158.797943,65.32464,-37.22445,3.41343021,2.12708116,-3.48040676,70.04904,57.017334,1.21142578,27,28,2.08341312,-3.3547864,-7.255033,1.41630936,1,30.1309528,0.503218,1.088255,-1.80391943,-0.2124464,29.9185066,25,24.0522575,57.8408775,2,1,120.000008,114.456612,68.62977,0,45.8268433,0.492418319,0,False,False,False,False,False,114.456612,
0.8333334,0.85,370.476776,158.171112,65.18444,-37.6094742,3.4480195,2.07535028,-3.60438347,71.40343,58.22461,1.20727539,28,29,2.08874249,-3.48040676,-7.66326666,0.9796748,1,30.53784,0.52206105,1.14949,-1.81850231,-0.146951228,30.3908882,25,24.2466965,57.8408775,2,1,120.000008,114.150032,70.04906,0,44.100975,0.895427763,0,False,False,False,False,False,114.150032,
0.85,0.866666734,371.5606,157.537949,65.03052,-37.99024,3.48174715,2.02366257,-3.732555,73.33588,59.463623,1.23901367,29,29,2.09411,-3.60438347,-8.088259,0.27040118,0.984876931,30.9336052,0.5406575,1.194891,-1.77610874,-0.04056018,30.8930454,25,24.4143028,57.8408775,2,1,120.000008,113.830147,71.4034348,0,42.426712,1.2971375,0,False,False,False,False,False,113.830147,
0.866666734,0.8833334,372.641663,156.898514,64.86336,-38.3663826,3.514614,1.97201788,-3.86186266,74.58086,60.6669922,1.20336914,29,30,2.09951043,-3.732555,-7.690008,0.255754352,0.9634474,31.3260746,0.559883237,1.11133778,-1.70958424,-0.038363155,31.2877121,25,24.55688,57.8408775,2,1,120.000008,114.139565,73.3359,0,40.8036652,1.69728959,0,False,False,False,False,False,114.139565,
0.8833334,0.900000036,373.719727,156.252884,64.68346,-38.7375946,3.54879069,2.05059767,-3.99048829,76.53903,61.9177246,1.25073242,30,30,2.104939,-3.86186266,-8.122636,-0.5626119,0.942157865,31.6965942,0.5792794,1.14792085,-1.64280844,0.08439179,31.7809868,25,24.6762,57.8408775,2,1,120.000008,113.812447,74.58087,0,39.231575,2.09574986,1,False,False,False,False,False,113.812447,
0.900000036,0.9166667,374.794556,155.601166,64.49048,-39.10324,3.58160186,1.96866584,-4.125404,77.77253,63.12549,1.20776367,30,31,2.11039162,-3.99048829,-7.717618,-0.184536472,0.9471607,32.0687141,0.598573267,1.09647369,-1.6673665,0.0276804715,32.0963936,25,24.7812061,57.8408775,2,1,120.000008,114.124855,76.53905,0,37.5858078,-2.5685153,-1,False,False,False,False,False,114.124855,
0.9166667,0.9333334,375.865967,154.943451,64.28513,-39.46311,3.613553,1.917067,-4.25871849,78.94648,64.329834,1.2043457,31,32,2.11586547,-4.125404,-8.155677,-1.11908472,0.919175744,32.412468,0.6188106,1.12447512,-1.575423,0.167862713,32.58033,25,24.8621559,57.8408775,2,1,120.000008,113.79203,77.7725449,0,36.0194855,-0.990201235,0,False,False,False,False,False,113.79203,
0.9333334,0.950000048,376.933777,154.279831,64.06793,-39.816967,3.644645,1.86551118,-4.39526749,80.72791,65.58081,1.25097656,32,32,2.12135649,-4.25871849,-8.604584,-1.94212234,0.8976067,32.7429161,0.6388078,1.15852976,-1.50601923,0.291318357,33.0342331,25,24.9228153,57.8408775,2,1,120.000008,113.449928,78.94649,0,34.50344,-0.59161824,0,False,False,False,False,False,113.449928,
0.950000048,0.9666667,377.997772,153.610428,63.83938,-40.1646,3.67487836,1.81399834,-4.53450632,81.78952,66.77173,1.190918,32,33,2.12686062,-4.39526749,-8.192098,-1.99042487,0.8761751,33.0696526,0.659290135,1.07665682,-1.43738329,0.298563749,33.3682175,25,24.96488,57.74292,2,1,120.000008,113.7653,80.7279358,0,33.03736,-0.195450187,0,False,False,False,False,False,113.7653,
0.9666667,0.9833334,379.05777,152.935333,63.59998,-40.5058441,3.704254,1.76252842,-4.67183828,83.47262,67.98291,1.21118164,33,33,2.132375,-4.53450632,-8.655072,-2.80185819,0.85488826,33.36758,0.68017596,1.10986793,-1.36976528,0.420278758,33.78786,25,24.989994,57.3956,2,1,120.000008,113.410591,81.7895355,0,31.6210537,0.198234349,0,False,False,False,False,False,113.410591,
0.9833334,1,380.113617,152.254654,63.3502274,-40.8405571,3.73277235,1.71110141,-4.817083,84.42419,69.2043457,1.22143555,33,34,2.1378963,-4.67183828,-8.239103,-2.85198736,0.833754,33.65943,0.700775743,1.03040791,-1.3033855,0.427798122,34.08723,25,24.999754,57.3956,2,1,120.000008,113.726967,83.4726257,0,30.2543411,0.5893888,0,False,False,False,False,False,113.726967,
1,1.01666677,381.165131,151.568512,63.09062,-41.16864,3.76043439,1.6597172,-4.960644,85.32139,70.39453,1.19018555,34,35,2.143422,-4.817083,-8.714057,-3.64347625,0.8127798,33.93151,0.722562432,1.0623914,-1.23843241,0.5465215,34.47803,25,24.995697,57.0461655,2,1,120.000008,113.361122,84.4241943,0,28.9369259,0.977845967,0,False,False,False,False,False,113.361122,
1.01666677,1.03333342,382.212158,150.877014,62.8216248,-41.4900169,3.78724074,1.60837579,-5.106884,86.85728,71.64307,1.24853516,35,35,2.14894938,-4.960644,-9.193868,-4.408137,0.7919754,34.1832962,0.7440966,1.09219754,-1.17507362,0.661220551,34.8445168,25,24.97931,57.0461655,2,1,120.000008,112.99012,85.3213959,0,27.6687241,1.36364734,0,False,False,False,False,False,112.99012,
1.03333342,1.05000007,383.254547,150.180267,62.5437241,-41.8046379,3.81319213,1.55707717,-5.2568574,87.64303,72.81787,1.17480469,35,36,2.154477,-5.106884,-8.77477551,-4.45231962,0.7713502,34.433094,0.766032636,1.0152638,-1.11344838,0.667848,35.10094,25,24.9520149,56.6945763,2,1,120.000008,113.306831,86.8573,0,26.4495316,1.74671745,0,False,False,False,False,False,113.306831,
1.05000007,1.06666672,384.292175,149.4784,62.2573738,-42.1124954,3.84045887,1.63600266,-5.404791,88.49502,73.98413,1.16625977,36,37,2.16000247,-5.2568574,-9.269387,-5.19287252,0.7509151,34.6477661,0.7885286,1.04407847,-1.05367625,0.7789309,35.4266968,25,24.91519,56.3407936,2,1,120.000008,112.922249,87.6430359,0,25.279213,2.12704563,1,False,False,False,False,False,112.922249,
1.06666672,1.08333337,385.3249,148.771515,61.962326,-42.4130135,3.866366,1.5544163,-5.560693,89.9793854,75.22778,1.24365234,37,37,2.165525,-5.404791,-9.773801,-5.6827507,0.756613,34.8482628,0.810718656,1.1092478,-1.06755376,0.852412641,35.700676,25,24.8645649,56.3407936,2,1,120.000008,112.528389,88.4950256,0,24.0333633,-1.52537453,-1,False,False,False,False,False,112.528389,
1.08333337,1.1,386.352539,148.059738,61.6592064,-42.7063332,3.8914187,1.50316262,-5.71521044,90.6995,76.39966,1.171875,37,38,2.17104149,-5.560693,-9.353204,-5.78393936,0.7294198,35.04307,0.834103942,1.02336192,-0.9898749,0.867590964,35.9106636,25,24.80641,55.9847755,2,1,120.000008,112.84446,89.9794,0,22.8650589,-0.20804733,0,False,False,False,False,False,112.84446,
1.1,1.11666667,387.375,147.3432,61.348465,-42.992485,3.915618,1.45195174,-5.87257242,92.08601,77.64087,1.24121094,38,38,2.17655134,-5.71521044,-9.861653,-6.491031,0.708697557,35.2082138,0.8572816,1.04833949,-0.9319664,0.9736547,36.18187,25,24.7409916,55.9847755,2,1,120.000008,112.444862,90.69951,0,21.7453537,0.168738231,0,False,False,False,False,False,112.444862,
1.11666667,1.13333344,388.392181,146.622009,61.03053,-43.27153,3.93896437,1.40078354,-6.0337925,92.69961,78.8042,1.16333008,38,39,2.18205333,-5.87257242,-9.440899,-6.528004,0.6881742,35.3685379,0.8808859,0.9745475,-0.876232743,0.979200661,36.34774,25,24.6695614,55.62648,2,1,120.000008,112.760078,92.08603,0,20.67405,0.542566657,0,False,False,False,False,False,112.760078,
1.13333344,1.1500001,389.403931,145.896286,60.705822,-43.5435524,3.96145868,1.34965789,-6.192754,93.9884338,79.97949,1.175293,39,39,2.18754673,-6.0337925,-9.958357,-7.19978857,0.6678646,35.49443,0.905068934,0.9976252,-0.8227258,1.07996833,36.574398,25,24.5933075,55.62648,2,1,120.000008,112.350777,92.6996155,0,19.6511612,0.9135837,0,False,False,False,False,False,112.350777,
1.1500001,1.16666675,390.4102,145.166138,60.37475,-43.8086472,3.98310161,1.29857492,-6.36081,94.494,81.18286,1.20336914,39,40,2.19303083,-6.192754,-9.537975,-7.228105,0.6477837,35.61011,0.9289131,0.9267818,-0.77147907,1.08421576,36.69433,25,24.51336,55.26586,2,1,120.000008,112.664986,93.98845,0,18.6765366,1.28176224,0,False,False,False,False,False,112.664986,
1.16666675,1.1833334,391.410828,144.431686,60.0377,-44.06694,4.003894,1.24753451,-6.5265975,94.94228,82.3227539,1.13989258,40,41,2.19850564,-6.36081,-10.0665941,-7.865343,0.627949,35.70764,0.95412153,0.9481962,-0.722516239,1.17980146,36.8874435,25,24.4307938,55.26586,2,1,120.000008,112.244209,94.49402,0,17.75019,1.64724112,0,False,False,False,False,False,112.244209,
1.1833334,1.2,392.405731,143.693039,59.6950531,-44.31857,4.02600574,1.326718,-6.69633627,96.2092,83.55151,1.22875977,41,41,2.20397067,-6.5265975,-10.6038074,-8.472087,0.608378053,35.7814331,0.978989661,0.9676686,-0.675845146,1.27081311,37.0522461,25,24.3466282,54.902874,2,1,120.000008,111.814308,94.94229,0,16.8720169,2.01004219,1,False,False,False,False,False,111.814308,
1.2,1.2166667,393.394836,142.950317,59.3465919,-44.5629959,4.04726648,1.27565408,-6.868873,96.6835861,84.69092,1.1394043,41,42,2.20942616,-6.69633627,-10.1842108,-8.374956,0.6147761,35.849247,1.00445044,0.9391514,-0.6873584,1.25624347,37.10549,25,24.2486763,54.902874,2,1,120.000008,112.126869,96.20921,0,15.917655,-0.8908313,0,False,False,False,False,False,112.126869,
1.2166667,1.23333335,394.378052,142.203644,58.9927,-44.80037,4.067677,1.22463274,-7.04058,97.85303,85.91675,1.22583008,42,42,2.21486926,-6.868873,-10.7198544,-8.974712,0.594374835,35.88581,1.030331,0.955741763,-0.6398659,1.3462069,37.2320175,25,24.1494274,54.53747,2,1,120.000008,111.694984,96.68361,0,15.0113764,-0.528130531,0,False,False,False,False,False,111.694984,
1.23333335,1.25000012,395.3553,141.453125,58.6337357,-45.0308571,4.087238,1.173654,-7.219991,98.21839,87.03247,1.11572266,42,43,2.22030044,-7.04058,-10.30147,-8.990906,0.5742253,35.9213066,1.056087,0.8873047,-0.5947558,1.34863591,37.2699432,25,24.0498714,54.1696,2,1,120.000008,112.006172,97.85304,0,14.15313,-0.16819261,0,False,False,False,False,False,112.006172,
1.25000012,1.26666677,396.326447,140.698883,58.2700462,-45.2546425,4.10595,1.12271762,-7.396686,98.5306854,88.14258,1.11010742,43,44,2.22572,-7.219991,-10.8493872,-9.554243,0.5543495,35.9163322,1.08299875,0.902152836,-0.5520151,1.43313646,37.34947,25,23.9509315,54.1696,2,1,120.000008,111.561287,98.2184143,0,13.3428726,0.1890641,0,False,False,False,False,False,111.561287,
1.26666677,1.28333342,397.291473,139.941025,57.90196,-45.4719238,4.12381363,1.07182372,-7.57973862,99.5542,89.35864,1.21606445,44,44,2.231128,-7.396686,-11.4000263,-10.0822792,0.534772158,35.90072,1.10950291,0.914462566,-0.511623561,1.512342,37.41306,25,23.8534775,54.1696,2,1,120.000008,111.111336,98.5307,0,12.5806351,0.5437955,0,False,False,False,False,False,111.111336,
1.28333342,1.30000007,398.2503,139.179642,57.5297966,-45.68291,4.14083,1.02097225,-7.76306629,99.7686844,90.46924,1.1105957,44,45,2.23652554,-7.57973862,-10.9830885,-10.0847235,0.5155197,35.8753548,1.13696086,0.8492998,-0.473552,1.51270854,37.38806,25,23.75833,53.7992172,2,1,120.000008,111.4206,99.5542145,0,11.8663864,0.896096468,0,False,False,False,False,False,111.4206,
1.30000007,1.31666672,399.202881,138.414841,57.15386,-45.88783,4.15699959,0.9701631,-7.94834661,100.695129,91.67822,1.20898438,45,45,2.24191332,-7.76306629,-11.5314608,-10.5714006,0.496620864,35.82458,1.16446,0.85901463,-0.437764466,1.58571017,37.41029,25,23.6662426,53.7992172,2,1,120.000008,110.968819,99.76871,0,11.2001114,1.24607372,0,False,False,False,False,False,110.968819,
1.31666672,1.33333337,400.1491,137.646729,56.7744331,-46.0869141,4.17232275,0.9193963,-8.138066,100.809929,92.77759,1.09936523,45,46,2.24729228,-7.94834661,-11.1158791,-10.56813,0.478107125,35.76598,1.192252,0.79718715,-0.404219657,1.5852195,37.3512,25,23.5779324,53.4262657,2,1,120.000008,111.276985,100.695145,0,10.5818405,1.59388542,0,False,False,False,False,False,111.276985,
1.33333337,1.35,401.088959,136.875381,56.3917923,-46.28042,4.18680048,0.8686718,-8.325544,101.639442,93.9760742,1.19848633,46,46,2.25266385,-8.138066,-11.6641951,-11.0179367,0.460013,35.6807861,1.22071,0.804852247,-0.372871727,1.65269053,37.333477,25,23.4940529,53.4262657,2,1,120.000008,110.8216,100.809952,0,10.01165,1.93973,0,False,False,False,False,False,110.8216,
1.35,1.36666679,402.0224,136.1009,56.0062,-46.468586,4.20260334,0.9481709,-8.521613,101.773285,95.05591,1.079834,46,47,2.258029,-8.325544,-11.2498789,-11.0110817,0.44237408,35.5935669,1.24883175,0.7464982,-0.3436676,1.65166235,37.2452278,25,23.415205,53.0506935,2,1,120.000008,111.129005,101.639465,0,9.48954,2.28373051,1,False,False,False,False,False,111.129005,
1.36666679,1.38333344,402.949371,135.3234,55.61746,-46.6509,4.21756029,0.897422433,-8.714298,101.856834,96.1247559,1.06884766,47,48,2.263389,-8.521613,-11.8049841,-11.4730682,0.45046863,35.4751968,1.278242,0.7976663,-0.354947954,1.72096026,37.1961555,25,23.3224564,53.0506935,2,1,120.000008,110.664528,101.773315,0,8.891212,0.306126863,0,False,False,False,False,False,110.664528,
1.38333344,1.4000001,403.8698,134.542938,55.22583,-46.82762,4.23167229,0.8467162,-8.913391,102.66539,97.31714,1.19238281,48,48,2.26874137,-8.714298,-12.3586617,-11.8850555,0.431961656,35.349514,1.30714476,0.8007702,-0.325156629,1.78275836,37.13227,25,23.2349072,52.6724434,2,1,120.000008,110.197762,101.856857,0,8.340904,0.6502155,0,False,False,False,False,False,110.197762,
1.4000001,1.41666675,404.783661,133.759628,54.831562,-46.999012,4.24494,0.7960523,-9.111951,102.65551,98.3847656,1.067627,48,49,2.27408719,-8.913391,-11.94549,-11.8744736,0.413926542,35.20772,1.33700871,0.7416833,-0.297520876,1.78117108,36.98889,25,23.1531258,52.6724434,2,1,120.000008,110.504036,102.665421,0,7.83861542,0.9924538,0,False,False,False,False,False,110.504036,
1.41666675,1.4333334,405.690918,132.973541,54.43488,-47.1653557,4.257364,0.7454305,-9.313273,103.367355,99.57031,1.18554688,49,49,2.27942824,-9.111951,-12.4908257,-12.2502213,0.396411061,35.0515938,1.36679268,0.742725253,-0.2719847,1.83753324,36.8891258,25,23.0776539,52.29146,2,1,120.000008,110.040047,102.655533,0,7.384514,1.33313179,0,False,False,False,False,False,110.040047,
1.4333334,1.45,406.591522,132.184753,54.03601,-47.3269272,4.26894474,0.694851,-9.517396,103.254723,100.617676,1.04736328,49,50,2.2847662,-9.313273,-12.0787954,-12.2401686,0.379461,34.88313,1.396991,0.6875148,-0.248480514,1.83602536,36.7191544,25,23.00895,52.29146,2,1,120.000008,110.345863,103.367386,0,6.97847748,1.67225146,0,False,False,False,False,False,110.345863,
1.45,1.4666667,407.485443,131.393356,53.6351624,-47.484024,4.281853,0.774494946,-9.721011,103.994324,101.783447,1.16577148,50,50,2.29010224,-9.517396,-12.6271334,-12.589716,0.3631285,34.6987534,1.42760944,0.6877909,-0.226942793,1.88845742,36.58721,25,22.9474487,51.9076767,2,1,120.000008,109.875435,103.254745,0,6.62068939,2.010118,1,False,False,False,False,False,109.875435,
1.4666667,1.48333347,408.37265,130.599426,53.23215,-47.63612,4.293918,0.7238912,-9.930156,103.911377,102.823242,1.03979492,50,51,2.29543877,-9.721011,-12.215992,-12.6841421,0.372356117,34.5049553,1.4581517,0.6823049,-0.237835228,1.90262139,36.4075775,25,22.8716717,51.9076767,2,1,120.000008,110.18119,103.994354,0,6.18683624,0.458762944,0,False,False,False,False,False,110.18119,
1.48333347,1.50000012,409.2531,129.80304,52.8271866,-47.7835045,4.3051405,0.6733296,-10.1359472,104.554375,103.973389,1.15014648,51,51,2.30077267,-9.930156,-12.7571955,-13.0227909,0.355154067,34.28757,1.48952341,0.6796155,-0.215720251,1.95341873,36.24099,25,22.8032131,51.5210342,2,1,120.000008,109.712593,103.911407,0,5.80118561,0.797178,0,False,False,False,False,False,109.712593,
1.50000012,1.51666677,410.1268,129.004272,52.4204636,-47.9264755,4.315521,0.6228101,-10.349968,104.37809,105.02417,1.05078125,51,52,2.30610585,-10.1359472,-12.34708,-13.01302,0.3386134,34.0605278,1.52039218,0.627133,-0.195572183,1.951953,36.01248,25,22.742466,51.5210342,2,1,120.000008,110.018135,104.5544,0,5.46373749,1.13434649,0,False,False,False,False,False,110.018135,
1.51666677,1.53333342,410.993683,128.203186,52.0121651,-48.06534,4.32505941,0.5723328,-10.559762,104.156578,106.046631,1.02246094,52,53,2.31144,-10.349968,-12.8793707,-13.32528,0.322797865,33.57811,1.55249524,0.623615,-0.177318126,1.998792,35.5769,25,22.6897945,51.13147,2,1,120.000008,109.552742,104.378113,0,5.174629,1.470529,0,False,False,False,False,False,109.552742,
1.53333342,1.55000007,411.853729,127.399849,51.60247,-48.2004,4.333758,0.5218975,-10.7763071,104.654961,107.205078,1.15844727,53,53,2.31677723,-10.559762,-13.403348,-13.6123886,0.3077693,33.0819359,1.58396435,0.6187709,-0.1608769,2.04185843,35.1237946,25,22.6454945,51.13147,2,1,120.000008,109.090523,104.1566,0,4.933922,1.80590785,0,False,False,False,False,False,109.090523,
1.55000007,1.56666672,412.7069,126.594315,51.19154,-48.331974,4.343786,0.6016856,-10.9902658,104.458458,108.210693,1.00561523,53,54,2.32211947,-10.7763071,-12.9933186,-13.6568613,0.3,32.20662,1.61644614,0.5846994,-0.152616277,2.04852939,34.25515,25,22.6098156,51.13147,2,1,120.000008,109.396614,104.655,0,4.7416153,2.1406064,1,False,False,False,False,False,109.396614,
1.56666672,1.58333337,413.553223,125.786659,50.7792053,-48.45953,4.352973,0.551225841,-11.20871,104.984848,109.3501,1.1394043,54,54,2.32746983,-10.9902658,-13.5153913,-14.0619955,0.3048255,31.3565884,1.6485399,0.6179754,-0.157215983,2.10929942,33.46589,25,22.5596714,50.7389145,2,1,120.000008,108.932106,104.458496,0,4.47361,1.01652074,0,False,False,False,False,False,108.932106,
1.58333337,1.60000014,414.392639,124.976936,50.3656273,-48.58338,4.36132,0.5008081,-11.426239,104.697441,110.339355,0.9892578,54,55,2.332824,-11.20871,-13.1058159,-14.1271353,0.3,30.16656,1.68130648,0.589761734,-0.151997939,2.11907029,32.28563,25,22.5182114,50.7389145,2,1,120.000008,109.238869,104.984879,0,4.25399,1.3524369,0,False,False,False,False,False,109.238869,
1.60000014,1.61666679,415.225159,124.165207,49.9509621,-48.703846,4.36882734,0.45043245,-11.6463585,105.127579,111.482422,1.14306641,55,55,2.3381846,-11.426239,-13.6158361,-14.4991341,0.3,29.0176163,1.713936,0.6127127,-0.15177834,2.17487025,31.1924858,25,22.4856777,50.3432961,2,1,120.000008,108.780342,104.697479,0,4.082863,1.68781567,0,False,False,False,False,False,108.780342,
1.61666679,1.63333344,416.050751,123.351517,49.5353546,-48.8212433,4.37766552,0.5302801,-11.8672466,104.874527,112.466309,0.9838867,55,56,2.343554,-11.6463585,-13.2066126,-14.59754,0.3,27.5332222,1.74695385,0.5942976,-0.151620328,2.189631,29.7228527,25,22.4622688,50.3432961,2,1,120.000008,109.08802,105.127609,0,3.960411,2.02296,1,False,False,False,False,False,109.08802,
1.63333344,1.6500001,416.8694,122.535934,49.1186447,-48.9350433,4.38566351,0.479879856,-12.0888014,105.332779,113.603027,1.13671875,56,56,2.34893417,-11.8672466,-13.7033482,-14.9691629,0.3,26.114872,1.78008711,0.6166507,-0.151363254,2.24537444,28.3602467,25,22.4241829,49.9445457,2,1,120.000008,108.636818,104.874557,0,3.76226044,1.07702672,0,False,False,False,False,False,108.636818,
1.6500001,1.66666675,417.681061,121.718506,48.70098,-49.0455666,4.39282227,0.42952162,-12.3124409,105.00045,114.571289,0.9682617,56,57,2.354322,-12.0888014,-13.2943726,-15.0693264,0.3,24.3698883,1.81332028,0.5982468,-0.151168,2.260399,26.6302872,25,22.3952579,49.9445457,2,1,120.000008,108.9455,105.332809,0,3.61269379,1.413637,0,False,False,False,False,False,108.9455,
1.66666675,1.6833334,418.485779,120.899284,48.2824936,-49.1531372,4.39914227,0.379205346,-12.53505,105.362556,115.688721,1.11743164,57,57,2.35971975,-12.3124409,-13.7653084,-15.4351292,0.3,22.7450447,1.84686625,0.619438946,-0.1510357,2.31526947,25.0603142,25,22.3756561,49.9445457,2,1,120.000008,108.512276,105.000488,0,3.51178741,1.750049,0,False,False,False,False,False,108.512276,
1.6833334,1.7,419.2835,120.078316,47.86331,-49.25808,4.406794,0.459112346,-12.7561522,105.421364,116.72876,1.04003906,57,58,2.36513,-12.53505,-13.3565,-15.535553,0.3,20.81987,1.88025761,0.6010425,-0.150967166,2.330333,23.1502037,23.1502037,22.3655033,49.5425873,2,1,120.000008,108.822273,105.362595,0,3.45967865,2.08652139,1,False,False,False,False,False,108.822273,
1.7,1.7166667,420.074219,119.255653,47.44329,-49.3598633,4.41577673,0.538952768,-12.9726009,105.936035,117.853271,1.12451172,58,58,2.37055469,-12.7561522,-13.3951664,-15.7693768,0.3,19.20304,1.913423,0.602782547,-0.150798872,2.36540651,21.5684452,21.5684452,22.34057,49.5425873,2,1,120.374611,109.12809,105.4214,0,3.70668769,1.69384742,1,False,False,False,False,False,111.118126,
1.7166667,1.73333347,420.8579,118.431351,47.02229,-49.45795,4.426089,0.6187267,-13.1864,106.28392,118.915771,1.0625,58,59,2.37599063,-12.9726009,-12.987299,-16.4041157,0.4051491,17.5505772,1.94589019,0.7892689,-0.274541676,2.46061754,20.0111942,20.0111942,22.3006344,49.1373367,2,1,126.827118,115.892059,105.936066,0,9.955994,7.18220854,1,False,False,False,False,False,117.817314,
1.73333347,1.75000012,421.634583,117.605484,46.6001778,-49.551796,4.43772936,0.698434055,-13.3940477,106.950874,119.969727,1.05395508,59,59,2.3814342,-13.1864,-12.8649139,-16.765461,0.465747267,16.34528,1.97796011,0.8987698,-0.361910641,2.51481915,18.8601,18.8601,22.24536,49.1373367,2,1,131.026688,120.160568,106.283951,0,13.8766174,10.22093,1,False,False,False,False,False,122.001335,
1.75000012,1.76666677,422.4042,116.778137,46.176857,-49.64086,4.45069742,0.778075039,-13.6002645,107.427414,121.082275,1.11254883,59,60,2.38688231,-13.3940477,-12.458972,-16.8705082,0.5156571,15.2043419,2.00910735,0.963683665,-0.4422145,2.53057623,17.7349186,17.7349186,22.1742859,48.7287178,2,1,134.814148,124.2602,106.950912,0,17.309288,12.6510439,1,False,False,False,False,False,125.931557,
1.76666677,1.78333342,423.166748,115.949394,45.7522354,-49.7245979,4.46499157,0.8576497,-13.8005867,107.961021,122.124512,1.04223633,60,61,2.392331,-13.6002645,-12.3647728,-17.06046,0.5509903,14.3972473,2.04003978,1.02193046,-0.5029014,2.559069,16.956316,16.956316,22.0868435,48.7287178,2,1,137.292755,126.784492,107.427444,0,19.357048,13.5758972,1,False,False,False,False,False,128.3829,
1.78333342,1.80000007,423.92218,115.119354,45.3262444,-49.80245,4.480611,0.937158,-13.9987392,108.855942,123.22998,1.10546875,61,61,2.397776,-13.8005867,-12.2925367,-17.2322311,0.5812678,13.6949043,2.07008815,1.07178831,-0.5570417,2.58483481,16.27974,16.27974,21.98234,48.7287178,2,1,139.368652,128.886963,107.96106,0,20.9259033,13.9017944,1,False,False,False,False,False,130.423935,
1.80000007,1.81666672,424.6705,114.288124,44.89884,-49.8738556,4.4975543,1.0166,-14.1920071,109.517769,124.253418,1.0234375,61,62,2.403214,-13.9987392,-11.8904009,-17.1947346,0.6027475,13.2753687,2.099811,1.07503641,-0.595637143,2.57921028,15.854579,15.854579,21.8599758,48.3166428,2,1,140.640579,130.470474,108.855972,0,21.614502,13.2276888,1,False,False,False,False,False,131.877457,
1.81666672,1.83333337,425.411682,113.455818,44.470005,-49.9382629,4.5158205,1.09597588,-14.3828363,110.564346,125.3418,1.08837891,62,62,2.40864062,-14.1920071,-11.846838,-17.3620529,0.620391846,12.9727144,2.128801,1.10245228,-0.6269455,2.60430813,15.5770226,15.5770226,21.7188263,48.3166428,2,1,141.458527,131.290375,109.517807,0,21.7725677,11.9036036,1,False,False,False,False,False,132.670578,
1.83333337,1.85000014,426.1457,112.622566,44.03975,-49.9951057,4.5354085,1.17528558,-14.5694828,111.357979,126.348145,1.00634766,62,63,2.41405129,-14.3828363,-11.448514,-17.3143749,0.6313346,12.90375,2.15742564,1.08417654,-0.6444457,2.59715629,15.5009069,15.5009069,21.55787,47.9010239,2,1,141.681229,131.8231,110.564377,0,21.258728,9.7884655,1,False,False,False,False,False,133.096542,
1.85000014,1.86666679,426.8725,111.788506,43.6081047,-50.043808,4.55631733,1.25452924,-14.7534189,112.555969,127.440186,1.092041,63,63,2.41944146,-14.5694828,-11.4297056,-17.5094471,0.638771236,12.938797,2.18542242,1.09514511,-0.654150546,2.62641716,15.5652142,15.5652142,21.3759651,47.9010239,2,1,141.493134,131.615143,111.358017,0,20.2571259,7.066718,1,False,False,False,False,False,132.895416,
1.86666679,1.88333344,427.592072,110.953773,43.17515,-50.0838051,4.57854557,1.33370686,-14.9339724,113.483131,128.438965,0.9987793,63,64,2.424806,-14.7534189,-11.0362148,-17.4810429,0.6398226,13.1722431,2.213013,1.059183,-0.6500395,2.62215662,15.7943993,15.7943993,21.171875,47.9010239,2,1,140.818741,131.248123,112.556015,0,18.6921082,3.66300917,1,False,False,False,False,False,132.447647,
1.88333344,1.9000001,428.3044,110.11853,42.74099,-50.11453,4.59992266,1.28263712,-15.1115189,114.707947,129.52417,1.08520508,64,64,2.43013978,-14.9339724,-11.0405293,-17.7121754,0.6393003,13.4082308,2.24009585,1.058732,-0.6420016,2.6568265,16.0650578,16.0650578,20.9442616,47.4817657,2,1,140.01387,130.402451,113.483154,0,16.9192963,-0.0667447448,0,False,False,False,False,False,131.637878,
1.9000001,1.91666675,429.009521,109.282928,42.3058662,-50.1363,4.62044954,1.23161,-15.2864475,115.517593,130.507813,0.9836426,64,65,2.4354372,-15.1115189,-10.65308,-17.7560349,0.609253943,13.7108316,2.266728,0.9735647,-0.5768873,2.66340542,16.3742371,16.3742371,20.7220631,47.4817657,2,1,139.082672,129.77475,114.707977,0,15.0667725,-0.643329144,0,False,False,False,False,False,130.967178,
1.91666675,1.9333334,429.707367,108.447105,41.8700027,-50.1494522,4.64012671,1.18062532,-15.4581671,116.645012,131.584473,1.07666016,65,65,2.44069934,-15.2864475,-10.6836433,-18.0337734,0.5800415,13.96561,2.29296732,0.929543555,-0.51744473,2.7050662,16.6706753,16.6706753,20.5061684,47.058773,2,1,138.177368,128.8045,115.517639,0,13.2868652,-1.19811,0,False,False,False,False,False,130.059662,
1.9333334,1.95,430.397919,107.6112,41.4335938,-50.1543236,4.65895462,1.12968314,-15.6278687,117.338425,132.55249,0.9680176,65,66,2.44592786,-15.4581671,-10.3024654,-18.055191,0.5492358,14.2454662,2.318725,0.848772466,-0.459218949,2.70827866,16.9537449,16.9537449,20.2974186,47.058773,2,1,137.300781,128.227478,116.64505,0,11.582428,-1.72810853,0,False,False,False,False,False,129.43071,
1.95,1.96666682,431.0812,106.775345,40.9968262,-50.15126,4.67642975,1.04851866,-15.7942371,118.339676,133.6211,1.06860352,66,66,2.45112562,-15.6278687,-10.3572311,-18.2966251,0.5193364,14.4772243,2.34418035,0.8068331,-0.406519622,2.744494,17.2217178,17.2217178,20.0966053,47.058773,2,1,136.459381,127.298553,117.33847,0,9.960083,-2.226576,-1,False,False,False,False,False,128.551285,
1.96666682,1.98333347,431.7572,105.939667,40.559864,-50.1408157,4.69255352,0.9674219,-15.9590855,118.858345,134.57251,0.951416,66,67,2.45629358,-15.7942371,-9.982063,-18.2923527,0.4814551,14.7374086,2.36913562,0.7208873,-0.34617,2.743853,17.4812622,17.4812622,19.9120789,46.6319427,2,1,135.6331,126.768387,118.339722,0,8.428665,-2.06974936,-1,False,False,False,False,False,127.957718,
1.98333347,2,432.4259,105.104271,40.1228447,-50.12355,4.707327,0.8863927,-16.1206074,119.704796,135.631592,1.059082,67,67,2.46143675,-15.9590855,-10.0611544,-18.4813519,0.4450339,14.9486217,2.393863,0.671633244,-0.293293357,2.772203,17.7208252,17.7208252,19.74489,46.6319427,2,1,134.859955,125.884766,118.8584,0,7.026367,-1.91086841,-1,False,False,False,False,False,127.101143,
2,2.016667,433.087341,104.269272,39.68588,-50.10003,4.720751,0.805431,-16.2809238,120.046806,136.559082,0.927490234,67,68,2.46655965,-16.1206074,-9.691296,-18.44085,0.406368315,15.191391,2.4180913,0.5907353,-0.242699131,2.76612759,17.95752,17.95752,19.595993,46.6319427,2,1,134.085648,125.403976,119.704834,0,5.69914246,-1.80366409,-1,False,False,False,False,False,126.538918,
2.016667,2.03333354,433.7415,103.434761,39.249054,-50.0708122,4.732826,0.7245368,-16.43811,120.738678,137.598145,1.0390625,68,68,2.47166729,-16.2809238,-9.795731,-18.57191,0.3696262,15.3809786,2.44213867,0.5431138,-0.1994657,2.78578663,18.1667652,18.1667652,19.4662132,46.20117,2,1,133.392014,124.575851,120.046844,0,4.529007,-1.665804,-1,False,False,False,False,False,125.710464,
2.03333354,2.05000019,434.388367,102.600822,38.81243,-50.03646,4.74355459,0.643709958,-16.59399,120.9067,138.510742,0.912597656,68,69,2.4767642,-16.43811,-9.430209,-18.4958858,0.329919666,15.6033754,2.4657166,0.466681749,-0.15801543,2.774383,18.377758,18.377758,19.3562756,46.20117,2,1,132.683456,124.159355,120.738708,0,3.42064667,-1.5922904,-1,False,False,False,False,False,125.192772,
2.05000019,2.06666684,435.027954,101.767532,38.3760567,-49.9975357,4.75344133,0.593215168,-16.7472076,121.473167,139.55127,1.04052734,69,69,2.481856,-16.59399,-9.555687,-18.59369,0.3,15.7747736,2.48909855,0.430005938,-0.130050778,2.78905368,18.5638275,18.5638275,19.2667789,46.20117,2,1,132.050644,123.3716,120.906754,0,2.46484375,-1.49202693,0,False,False,False,False,False,124.388023,
2.06666684,2.08333349,435.660278,100.934959,37.93996,-49.9543953,4.76248741,0.542762458,-16.89889,121.527771,140.450928,0.8996582,69,70,2.48694825,-16.7472076,-9.193417,-18.641674,0.3,15.9839573,2.51208115,0.413703769,-0.129533723,2.7962513,18.7802086,18.7802086,19.1901779,45.766346,2,1,131.30484,122.917572,121.473221,0,1.4443512,-1.91608667,0,False,False,False,False,False,123.894821,
2.08333349,2.10000014,436.285339,100.103172,37.50417,-49.9073868,4.770189,0.462087125,-17.0484982,121.969032,141.482666,1.03173828,70,70,2.49204445,-16.89889,-9.335759,-18.838913,0.3,16.1406479,2.53483343,0.420109183,-0.129105568,2.82583714,18.9664841,18.9664841,19.126749,45.766346,2,1,130.653854,122.094864,121.5278,0,0.5670624,-2.24607539,-1,False,False,False,False,False,123.108177,
2.10000014,2.11666679,436.903137,99.2722244,37.0686874,-49.8570747,4.776547,0.381479025,-17.1960945,121.849731,142.364258,0.8815918,70,71,2.497148,-17.0484982,-8.975896,-18.8824482,0.3,16.3383427,2.55727482,0.403915346,-0.128822848,2.83236742,19.17071,19.17071,19.0848637,45.766346,2,1,129.930069,121.663506,121.969055,0,-0.305549622,-2.34455848,-1,False,False,False,False,False,122.635948,
2.11666679,2.13333344,437.5137,98.4421539,36.633503,-49.80402,4.781563,0.3009381,-17.3423958,122.137115,143.3855,1.02124023,71,71,2.50226521,-17.1960945,-9.136885,-19.0792446,0.3,16.47992,2.57941437,0.411159843,-0.128687412,2.86188674,19.3418064,19.3418064,19.0648,45.34895,2,1,129.3152,120.858223,121.849777,0,-0.99155426,-2.38122773,-1,False,False,False,False,False,121.869164,
2.13333344,2.15,438.117,97.61301,36.198597,-49.74878,4.78523731,0.2204643,-17.4859333,121.844383,144.249023,0.8635254,71,72,2.507402,-17.3423958,-8.778311,-19.1178856,0.3,16.6644154,2.60135937,0.395024,-0.128700614,2.867683,19.5320988,19.5320988,19.0667553,45.34895,2,1,128.621719,120.459068,122.137161,0,-1.678093,-2.542913,-1,False,False,False,False,False,121.426765,
2.15,2.16666675,438.713074,96.7848053,35.7639351,-49.69191,4.78757143,0.140057564,-17.6292114,121.978119,145.261475,1.01245117,72,72,2.51256418,-17.4859333,-8.955993,-19.3136463,0.3,16.7915726,2.62289,0.4030197,-0.128862858,2.897047,19.68862,19.68862,19.0907917,45.34895,2,1,128.04335,119.673164,121.844437,0,-2.17127228,-2.63541126,-1,False,False,False,False,False,120.681465,
2.16666675,2.1833334,439.3019,95.95757,35.329483,-49.6339722,4.78856659,0.05971783,-17.76861,121.507828,146.104,0.8425293,72,73,2.51775837,-17.6292114,-8.597451,-19.3472881,0.3,16.9663048,2.64438176,0.386885345,-0.129173934,2.90209341,19.8683987,19.8683987,19.1368771,44.9672928,2,1,127.369682,119.297112,121.978165,0,-2.68105316,-2.86837316,-1,False,False,False,False,False,120.259674,
2.1833334,2.2,439.883484,95.13132,34.8952026,-49.57552,4.788224,-0.0205549523,-17.9091835,121.488213,147.094727,0.990722656,73,73,2.5229907,-17.76861,-8.794801,-19.5428314,0.3,17.0802917,2.66529155,0.395766079,-0.1296329,2.93142486,20.0117168,20.0117168,19.2048721,44.9672928,2,1,126.825127,118.525047,121.507858,0,-2.982811,-3.01686573,-1,False,False,False,False,False,119.53093,
2.2,2.2166667,440.457825,94.30603,34.4610519,-49.5171127,4.786545,-0.10076084,-18.0437679,121.391991,147.962646,0.8679199,73,73,2.52826762,-17.9091835,-8.435016,-19.5714359,0.3,17.2437611,2.68637753,0.379575729,-0.130237952,2.93571544,20.1794758,20.1794758,19.29451,44.9672928,2,1,126.178787,118.181046,121.488235,0,-3.30719,-3.30315518,-1,False,False,False,False,False,119.138184,
2.2166667,2.23333335,441.024933,93.4817047,34.0269966,-49.4593048,4.78352976,-0.180899888,-18.1821175,120.672729,148.90332,0.9406738,73,74,2.533595,-18.0437679,-8.075324,-19.59312,0.3,17.36205,2.70656538,0.3633896,-0.130986646,2.93896818,20.3010178,20.3010178,19.405426,44.6198463,2,1,125.704208,118.0117,121.392014,0,-3.3803103,-3.28335857,-1,False,False,False,False,False,118.914505,
2.23333335,2.25,441.5848,92.6583252,33.593,-49.4026451,4.77918,-0.260972172,-18.314127,120.423508,149.892334,0.9890137,74,74,2.53897977,-18.1821175,-8.282956,-19.7878342,0.3,17.5078659,2.72731781,0.372733057,-0.1318756,2.96817517,20.4760418,20.4760418,19.5371246,44.6198463,2,1,125.011024,117.080544,120.672775,0,-3.59223175,-3.27973318,-1,False,False,False,False,False,118.031456,
2.25,2.266667,442.137451,91.83586,33.1590233,-49.3476944,4.773497,-0.340977728,-18.448204,119.531387,150.6936,0.801269531,74,75,2.54442716,-18.314127,-7.920251,-19.8041973,0.3,17.6659813,2.74711919,0.3564113,-0.132900819,2.97062969,20.6366119,20.6366119,19.6890087,44.6198463,2,1,124.3644,116.746056,120.423538,0,-3.67748284,-3.027114,-1,False,False,False,False,False,117.643318,
2.266667,2.28333354,442.682861,91.0142746,32.7250481,-49.2950058,4.766482,-0.4209166,-18.5777378,119.129448,151.672119,0.9785156,75,75,2.54994345,-18.448204,-8.139495,-19.99634,0.3,17.7607365,2.76723075,0.3662773,-0.13405703,2.99945116,20.7601871,20.7601871,19.8602982,44.3093262,2,1,123.85939,115.990555,119.531433,0,-3.5408783,-2.43062162,-1,False,False,False,False,False,116.934242,
2.28333354,2.30000019,443.221039,90.19352,32.29106,-49.2451324,4.75813532,-0.500788867,-18.7072029,118.060555,152.448975,0.776855469,75,76,2.55553484,-18.5777378,-7.772663,-20.00728,0.3,17.9116821,2.78666067,0.349769861,-0.13533847,3.0010922,20.912775,20.912775,20.05014,44.3093262,2,1,123.2265,115.67804,119.129486,0,-3.45144653,-1.75959039,-1,False,False,False,False,False,116.564476,
2.30000019,2.31666684,443.751984,89.37354,31.8570576,-49.19863,4.75062847,-0.4504132,-18.8344364,117.630447,153.408936,0.959960938,76,76,2.56120658,-18.7072029,-8.006455,-20.1975517,0.3,17.9975548,2.80608058,0.360290527,-0.136738151,3.02963281,21.0271873,21.0271873,20.2575016,44.3093262,2,1,122.744865,114.930717,118.060577,0,-3.12986,-0.734996736,0,False,False,False,False,False,115.8661,
2.31666684,2.33333349,444.2757,88.55429,31.4230824,-49.15515,4.74396038,-0.400079519,-18.9587269,116.636833,154.166748,0.7578125,76,77,2.56696343,-18.8344364,-7.63450766,-20.2045383,0.3,18.1442661,2.82516551,0.343552858,-0.1380377,3.030681,21.1749477,21.1749477,20.4500275,44.0371933,2,1,122.113373,114.629059,117.630493,0,-3.00143433,-1.06414878,0,False,False,False,False,False,115.504471,
2.33333349,2.35000014,444.792175,87.73572,30.9891758,-49.11434,4.73813057,-0.349787772,-19.0837479,116.302811,155.127441,0.960693359,77,77,2.57280231,-18.9587269,-7.878723,-20.3940716,0.3,18.2241764,2.84380913,0.354542583,-0.139240935,3.05911088,21.283287,21.283287,20.6282845,44.0371933,2,1,121.643227,113.881905,116.636856,0,-2.75495148,-1.22645652,0,False,False,False,False,False,114.81028,
2.35000014,2.36666679,445.301422,86.9177856,30.5553646,-49.07586,4.733138,-0.299537927,-19.2024822,116.016762,155.960449,0.8330078,77,77,2.57871914,-19.0837479,-7.502057,-20.3986912,0.3,18.37285,2.86256218,0.3375926,-0.140351146,3.05980372,21.4326534,21.4326534,20.79276,44.0371933,2,1,120.984566,113.562263,116.302841,0,-2.7405777,-1.57220709,0,False,False,False,False,False,114.429451,
2.36666679,2.38333344,445.803436,86.1004639,30.1216736,-49.0393524,4.72898245,-0.249329969,-19.3255939,115.147209,156.825928,0.8654785,77,78,2.58471036,-19.2024822,-7.12450075,-20.3973541,0.3,18.4775543,2.88037252,0.320602566,-0.141371742,3.05960321,21.5371571,21.5371571,20.9439583,44.0371933,2,1,120.516136,113.437096,116.0168,0,-2.57970428,-1.722913,0,False,False,False,False,False,114.236595,
2.38333344,2.4,446.298248,85.28372,29.6881218,-49.00447,4.725663,-0.199163869,-19.44219,114.957031,157.775635,0.949707031,78,78,2.59077215,-19.3255939,-7.37571049,-20.5896015,0.3,18.596674,2.89883924,0.331907,-0.1423058,3.08844042,21.6851139,21.6851139,21.0823383,43.80168,2,1,120.000008,112.636818,115.147247,0,-2.51042938,-1.91679335,0,False,False,False,False,False,113.340378,
2.4,2.41666675,446.785828,84.4675446,29.2547226,-48.9708672,4.72317934,-0.149039567,-19.559803,114.161324,158.498047,0.7224121,78,79,2.59690118,-19.44219,-6.994545,-20.5861778,0.3,18.7412033,2.91632867,0.314754546,-0.143156379,3.08792686,21.82913,21.82913,21.20835,43.80168,2,1,120.000008,112.987984,114.957062,0,-1.96907806,-1.59029329,0,False,False,False,False,False,112.987984,
2.41666675,2.4333334,447.266174,83.65191,28.8214855,-48.9381943,4.72153,-0.09895703,-19.67438,114.066818,159.438721,0.9406738,79,79,2.60309434,-19.559803,-7.258683,-20.7779,0.3,18.8135548,2.93397045,0.326640785,-0.143926218,3.11668515,21.93024,21.93024,21.3224,43.80168,2,1,120.000008,112.68943,114.161362,0,-1.47193146,-1.259815,0,False,False,False,False,False,112.68943,
2.4333334,2.45,447.739319,82.83681,28.38842,-48.906105,4.72071457,-0.04891623,-19.7860832,113.339455,160.138916,0.7001953,79,80,2.60934782,-19.67438,-6.8745594,-20.7726269,0.3,18.9572163,2.951157,0.3093552,-0.144617975,3.115894,22.07311,22.07311,21.4248829,43.60307,2,1,120.000008,113.047737,114.066849,0,-1.01911163,-0.9256001,0,False,False,False,False,False,113.047737,
2.45,2.4666667,448.205231,82.02224,27.9555321,-48.8742523,4.72071457,0,-19.89892,113.339455,161.062256,0.923339844,80,80,2.61565876,-19.7860832,-7.15722227,-20.965023,0.3,19.02124,2.96791267,0.322075039,-0.145234033,3.14475369,22.1659946,22.1659946,21.51615,43.60307,2,1,120.000008,112.728676,113.339478,0,-0.6108017,-0.587952137,0,False,False,False,False,False,112.728676,
2.4666667,2.48333335,448.66394,81.2082,27.5228252,-48.8422966,4.72071457,0,-20.005331,113.339455,161.958984,0.8967285,80,80,2.6220243,-19.89892,-6.770717,-20.9582825,0.3,19.1599312,2.984838,0.304682285,-0.14577806,3.14374256,22.3036728,22.3036728,21.5967464,43.60307,2,1,120.000008,113.093391,113.339478,0,-0.246086121,-0.246086121,0,False,False,False,False,False,113.093391,
2.48333335,2.50000024,449.115448,80.39469,27.0903034,-48.8102379,4.72071457,0,-20.1154327,112.635689,162.661377,0.7023926,80,81,2.62844086,-20.005331,-6.38441944,-20.9451866,0.3,19.2870178,3.0008,0.2872989,-0.146320462,3.14177823,22.4287968,22.4287968,21.677103,43.44461,2,1,120.000008,113.461037,113.339478,0,0.121559143,0.121559143,0,False,False,False,False,False,113.461037,
2.50000024,2.516667,449.559753,79.5817261,26.6579685,-48.7780762,4.72071457,0,-20.220314,112.635689,163.583008,0.921630859,81,81,2.63490915,-20.1154327,-6.67957258,-21.14023,0.3,19.3537712,3.01731515,0.3005808,-0.146861151,3.17103457,22.5248051,22.5248051,21.757206,43.44461,2,1,120.000008,113.127876,112.635712,0,0.4921646,0.4921646,0,False,False,False,False,False,113.127876,
2.516667,2.53333354,449.996857,78.7692947,26.2258224,-48.74581,4.72071457,0,-20.32392,111.910927,164.244385,0.661376953,81,82,2.64142871,-20.220314,-6.291299,-21.1250381,0.3,19.4903412,3.0330472,0.283108473,-0.147399917,3.16875577,22.6590977,22.6590977,21.8370228,43.44461,2,1,120.000008,113.501411,112.635712,0,0.865699768,0.865699768,0,False,False,False,False,False,113.501411,
2.53333354,2.55000019,450.426758,77.9574051,25.7938671,-48.7134438,4.72071457,0,-20.4274178,111.910927,165.158936,0.9145508,82,82,2.648,-20.32392,-6.598938,-21.3173561,0.3,19.5417824,3.048588,0.296952248,-0.147936612,3.19760346,22.7393856,22.7393856,21.9165325,43.44461,2,1,120.000008,113.153145,111.91095,0,1.24219513,1.24219513,0,False,False,False,False,False,113.153145,
2.55000019,2.56666684,450.849457,77.14606,25.3621063,-48.6809769,4.72071457,0,-20.5243874,111.910927,165.958008,0.799072266,82,82,2.654623,-20.4274178,-6.208685,-21.3002167,0.3,19.67697,3.064113,0.279390842,-0.148471072,3.1950326,22.8720016,22.8720016,21.9957123,43.325386,2,1,120.000008,113.532631,111.91095,0,1.62168121,1.62168121,0,False,False,False,False,False,113.532631,
2.56666684,2.58333349,451.264954,76.33525,24.93054,-48.648407,4.72205162,0.08022302,-20.62641,111.238892,166.7085,0.7504883,82,83,2.66129756,-20.5243874,-5.81864929,-21.2766285,0.3,19.7721558,3.07865834,0.261839241,-0.1490031,3.19149446,22.96365,22.96365,22.0745316,43.325386,2,1,120.000008,113.915047,111.91095,0,2.004097,2.004097,1,False,False,False,False,False,113.915047,
2.58333349,2.60000014,451.673279,75.525,24.4991779,-48.61518,4.724725,0.160379186,-20.7222137,111.392052,167.612061,0.903564453,83,83,2.66802382,-20.62641,-6.13908,-21.4719486,0.3,19.8537254,3.09396148,0.276258618,-0.149427816,3.22079253,23.0745182,23.0745182,22.1374512,43.325386,2,1,120.000008,113.551796,111.238907,0,2.312889,2.25143218,1,False,False,False,False,False,113.551796,
2.60000014,2.61666679,452.0744,74.7153244,24.0680256,-48.58074,4.72873259,0.240468562,-20.8170547,110.843239,168.226563,0.614501953,83,84,2.6747973,-20.7222137,-5.747262,-21.4480724,0.3,19.9828987,3.10833216,0.258626819,-0.149748057,3.217211,23.20011,23.20011,22.1848946,43.2445335,2,1,120.000008,113.939888,111.392075,0,2.54781342,2.30219126,1,False,False,False,False,False,113.939888,
2.61666679,2.63333344,452.468353,73.90625,23.6371,-48.5445328,4.734074,0.3204912,-20.9119911,111.149284,169.113281,0.88671875,84,84,2.68161321,-20.8170547,-6.088543,-21.6438446,0.3,20.0185146,3.12255836,0.273984462,-0.149965927,3.24657679,23.26509,23.26509,22.21717,43.2445335,2,1,120.000008,113.551979,110.843277,0,2.708702,2.156513,1,False,False,False,False,False,113.551979,
2.63333344,2.65,452.855133,73.09782,23.206419,-48.506,4.74074841,0.40044713,-21.0004,111.531693,169.957275,0.843994141,84,84,2.688467,-20.9119911,-5.6956954,-21.6201477,0.3,20.1440544,3.13679886,0.25630632,-0.150082767,3.2430222,23.3870773,23.3870773,22.2344818,43.2445335,2,1,120.000008,113.944649,111.149307,0,2.79534149,1.81448925,1,False,False,False,False,False,113.944649,
2.65,2.66666675,453.234741,72.29007,22.77601,-48.464592,4.74658442,0.3501551,-21.093256,111.062393,170.591309,0.6340332,84,85,2.6953547,-21.0004,-5.30386829,-21.5909,0.3,20.2520714,3.15006018,0.238674089,-0.150099218,3.2386353,23.4907074,23.4907074,22.23692,43.2445335,2,1,120.000008,114.3393,111.531723,0,2.807579,1.27627385,0,False,False,False,False,False,114.3393,
2.66666675,2.6833334,453.607178,71.4830551,22.3458843,-48.42066,4.75158262,0.299904943,-21.18107,111.34877,171.477051,0.8857422,85,85,2.70227146,-21.093256,-5.66075373,-21.790266,0.3,20.2910023,3.16398859,0.25473395,-0.150182471,3.26854014,23.5595417,23.5595417,22.2492523,43.2018471,2,1,120.000008,113.931923,111.062424,0,2.86949921,1.69867361,0,False,False,False,False,False,113.931923,
2.6833334,2.7,453.972443,70.67681,21.9160423,-48.3745461,4.757914,0.379878044,-21.26594,110.886047,172.052979,0.575927734,85,86,2.709221,-21.18107,-5.26869249,-21.7594624,0.3,20.4085331,3.17716074,0.237091184,-0.150332347,3.26391959,23.6724529,23.6724529,22.2714558,43.2018471,2,1,120.000008,114.330086,111.3488,0,2.981285,2.122393,1,False,False,False,False,False,114.330086,
2.7,2.7166667,454.330566,69.87138,21.4865227,-48.3257027,4.76557732,0.4597845,-21.3533916,111.325119,172.931641,0.8786621,86,86,2.716206,-21.26594,-5.63897562,-21.9550838,0.3,20.4243889,3.189891,0.25375393,-0.150382444,3.29326272,23.7176514,23.7176514,22.2788773,43.2018471,2,1,120.000008,113.904854,110.886078,0,3.018776,1.64074242,1,False,False,False,False,False,113.904854,
2.7166667,2.73333359,454.681519,69.0668259,21.0573711,-48.27358,4.77240133,0.409443021,-21.4343166,111.7161,173.807129,0.8754883,86,86,2.72322273,-21.3533916,-5.2464447,-21.925106,0.3,20.5392036,3.203009,0.236090034,-0.150332868,3.28876615,23.82797,23.82797,22.271534,43.2018471,2,1,120.000008,114.306862,111.325165,0,2.981697,0.9629587,0,False,False,False,False,False,114.306862,
2.73333359,2.75000024,455.02533,68.26318,20.6285934,-48.2185249,4.778387,0.359143466,-21.517149,111.202293,174.352783,0.5456543,86,87,2.73026633,-21.4343166,-4.85529232,-21.8885727,0.3,20.6488266,3.21514773,0.218488172,-0.150349751,3.283286,23.9321136,23.9321136,22.2740345,43.2018471,2,1,120.000008,114.710426,111.716125,0,2.99430084,1.39342248,0,False,False,False,False,False,114.710426,
2.75000024,2.766667,455.362,67.4605,20.2001858,-48.16089,4.783535,0.308885843,-21.5980682,111.497246,175.211426,0.8586426,87,87,2.73734045,-21.517149,-5.246291,-22.08815,0.3,20.6511955,3.22757244,0.23608312,-0.150433049,3.31322265,23.9644184,23.9644184,22.286375,43.2018471,2,1,120.000008,114.25898,111.202316,0,3.05666351,1.82495677,0,False,False,False,False,False,114.25898,
2.766667,2.78333354,455.691528,66.65882,19.77214,-48.10103,4.7900157,0.388851464,-21.6724548,111.868561,175.955566,0.7441406,87,87,2.74444818,-21.5980682,-4.85478973,-22.050621,0.3,20.7520046,3.23971033,0.218465552,-0.150582612,3.30759335,24.059597,24.059597,22.3085327,43.2018471,2,1,120.000008,114.666206,111.497269,0,3.16893768,2.25783467,1,False,False,False,False,False,114.666206,
2.78333354,2.80000019,456.013947,65.8581848,19.3445148,-48.0383835,4.797828,0.468750447,-21.7527828,111.432884,176.594238,0.6386719,87,88,2.751593,-21.6724548,-4.46429968,-22.0075245,0.3,20.813324,3.25086832,0.2008935,-0.150633156,3.30112886,24.1144524,24.1144524,22.316021,43.2018471,2,1,120.000008,115.0756,111.868607,0,3.206993,1.76308715,1,False,False,False,False,False,115.0756,
2.80000019,2.81666684,456.329224,65.05865,18.9173717,-47.97241,4.80480146,0.41840148,-21.8274326,111.83242,177.4519,0.857666,88,88,2.75877047,-21.7527828,-4.870419,-22.21001,0.3,20.8402,3.26291752,0.219168872,-0.150584787,3.33150172,24.1717014,24.1717014,22.3088551,43.2018471,2,1,120.000008,114.603523,111.432938,0,3.17058563,1.0723474,0,False,False,False,False,False,114.603523,
2.81666684,2.83333349,456.6374,64.2602539,18.4907074,-47.90345,4.81093645,0.368094474,-21.895607,112.183929,177.955078,0.5031738,88,88,2.76597643,-21.8274326,-4.47972536,-22.1673336,0.3,20.93285,3.274115,0.201587662,-0.1506025,3.32510018,24.25795,24.25795,22.31148,43.2018471,2,1,120.000008,115.016396,111.832474,0,3.18392181,1.51222372,0,False,False,False,False,False,115.016396,
2.83333349,2.85000014,456.938477,63.4630547,18.06451,-47.8318634,4.81623363,0.31782937,-21.9735641,111.581352,178.809814,0.8547363,88,89,2.77321362,-21.895607,-4.090339,-22.1181335,0.3,20.9115734,3.284341,0.184065282,-0.150686339,3.31772017,24.2292938,24.2292938,22.3238983,43.2018471,2,1,120.000008,115.431038,112.183975,0,3.24706268,1.95319486,0,False,False,False,False,False,115.431038,
2.85000014,2.86666679,457.232452,62.6670876,17.6387577,-47.758,4.82286358,0.397787541,-22.0422039,111.96122,179.656982,0.847167969,89,89,2.78048587,-21.9735641,-4.50808668,-22.3204155,0.3,21.0009613,3.29603481,0.202863917,-0.1508361,3.34806252,24.3490238,24.3490238,22.3460846,43.2018471,2,1,120.000008,114.941658,111.58139,0,3.36026764,2.39564061,1,False,False,False,False,False,114.941658,
2.86666679,2.88333344,457.519348,61.8724,17.2135258,-47.6813049,4.830825,0.477679074,-22.1103268,111.478767,180.13623,0.479248047,89,90,2.78779674,-22.0422039,-4.11798334,-22.2716827,0.3,21.0848064,3.30633068,0.185309261,-0.150887549,3.3407526,24.42556,24.42556,22.3537083,43.2018471,2,1,120.000008,115.360542,111.961273,0,3.399269,1.88823676,1,False,False,False,False,False,115.360542,
2.88333344,2.9,457.799164,61.0790443,16.7889023,-47.6012344,4.837947,0.427322656,-22.1797657,111.886833,180.9668,0.8305664,90,90,2.79514146,-22.1103268,-4.55680275,-22.4717617,0.3,21.0526733,3.316549,0.205056146,-0.150840923,3.37076449,24.4234371,24.4234371,22.3468018,43.2018471,2,1,120.000008,114.842751,111.478821,0,3.36392975,1.184997,0,False,False,False,False,False,114.842751,
2.9,2.91666675,458.0719,60.287075,16.3648663,-47.51814,4.84423,0.3770082,-22.2427063,112.246841,181.794434,0.8276367,90,90,2.80251551,-22.1797657,-4.16637373,-22.4239445,0.3,21.1279469,3.326965,0.187486827,-0.150860012,3.363592,24.491539,24.491539,22.3496284,43.2018471,2,1,120.000008,115.265266,111.886871,0,3.378395,1.63464916,0,False,False,False,False,False,115.265266,
2.91666675,2.9333334,458.3376,59.4965363,15.9413986,-47.43237,4.85184526,0.456917048,-22.3073254,111.716614,182.249268,0.454833984,90,91,2.80992246,-22.2427063,-3.77728033,-22.36959,0.3,21.1987286,3.336406,0.169977635,-0.150944874,3.35543871,24.5541668,24.5541668,22.3622017,43.2018471,2,1,120.000008,115.689644,112.246887,0,3.44275665,2.08546567,1,False,False,False,False,False,115.689644,
2.9333334,2.95,458.596222,58.70748,15.5185919,-47.3433762,4.8586216,0.406577945,-22.3713474,112.104866,183.078613,0.8293457,91,91,2.817366,-22.3073254,-4.23109341,-22.57044,0.3,21.153471,3.346099,0.190399215,-0.15093191,3.38556623,24.5390377,24.5390377,22.360281,43.2018471,2,1,120.000008,115.149574,111.71666,0,3.43291473,1.43927765,0,False,False,False,False,False,115.149574,
2.95,2.966667,458.847839,57.9199562,15.09642,-47.2515144,4.86455965,0.356280774,-22.4289,112.445091,183.904785,0.8261719,91,91,2.82484126,-22.3713474,-3.84147859,-22.5172272,0.3,21.2192173,3.35570216,0.172866553,-0.150984675,3.37758422,24.5968018,24.5968018,22.3680973,43.2018471,2,1,120.000008,115.577888,112.104904,0,3.47298431,1.894432,0,False,False,False,False,False,115.577888,
2.966667,2.98333359,459.0924,57.1340027,14.6748524,-47.15713,4.87183,0.4362069,-22.4900246,111.868179,184.333008,0.428222656,91,92,2.83235168,-22.4289,-3.45316172,-22.4574947,0.3,21.28071,3.364335,0.155392289,-0.15110296,3.36862445,24.649334,24.649334,22.38562,43.2018471,2,1,120.000008,116.008186,112.445145,0,3.56304169,2.35089231,1,False,False,False,False,False,116.008186,
2.98333359,3.00000024,459.33,56.3496742,14.2539911,-47.05968,4.880431,0.516066432,-22.5488758,112.360992,185.142822,0.809814453,92,92,2.83990121,-22.4900246,-3.92021418,-22.658596,0.3,21.2222519,3.373504,0.176409647,-0.151123926,3.39878964,24.6210423,24.6210423,22.3887272,43.2018471,2,1,120.000008,115.447273,111.86824,0,3.579033,1.76202643,1,False,False,False,False,False,115.447273,
3.00000024,3.016667,459.560547,55.56703,13.8339529,-46.9586258,4.88819265,0.465678036,-22.60128,112.805695,185.949463,0.8066406,92,92,2.847485,-22.5488758,-3.53118134,-22.6012478,0.3,21.27495,3.38233161,0.158903167,-0.151047483,3.39018726,24.6651382,24.6651382,22.3774014,43.2018471,2,1,120.000008,115.881813,112.361038,0,3.52077484,0.9775627,0,False,False,False,False,False,115.881813,
3.016667,3.03333354,459.784119,54.7861252,13.4147081,-46.8543129,4.895115,0.415331632,-22.6580353,112.177864,186.355957,0.406494141,93,93,2.85509849,-22.5975914,-4.016691,-22.79569,0.3,21.3240929,3.389639,0.180751115,-0.151036337,3.41935372,24.7434464,24.7434464,22.3757515,43.2018471,2,1,120.000008,115.293587,111.781296,0,3.512291,1.44146848,0,False,False,False,False,False,115.293587,
3.03333354,3.05000019,460.000732,54.0070076,12.99622,-46.7470932,4.901199,0.3650272,-22.7120457,112.526451,187.164063,0.808105469,93,93,2.86274529,-22.6580353,-3.62733841,-22.7389641,0.3,21.251318,3.39870548,0.16323024,-0.151090831,3.4108448,24.6621628,24.6621628,22.3838234,43.2018471,2,1,120.000008,115.7317,112.1779,0,3.55379486,1.90653765,0,False,False,False,False,False,115.7317,
3.05000019,3.06666684,460.2104,53.2297173,12.5784426,-46.6373177,4.90861464,0.444946021,-22.7595959,112.95134,187.9524,0.7883301,93,93,2.870429,-22.7120457,-3.23931575,-22.6757679,0.3,21.2931576,3.406807,0.145769224,-0.151210845,3.40136528,24.6945229,24.6945229,22.4016037,43.2018471,2,1,120.000008,116.171944,112.526505,0,3.64543939,2.37304473,1,False,False,False,False,False,116.171944,
3.06666684,3.08333349,460.4131,52.45431,12.1615019,-46.5244446,4.91736126,0.5247983,-22.8118324,112.408554,188.354492,0.4020996,93,94,2.87815332,-22.7595959,-2.85250854,-22.6071224,0.3,21.32666,3.41393948,0.1283629,-0.151233956,3.39106846,24.7177277,24.7177277,22.4050274,43.2018471,2,1,120.000008,116.61451,112.9514,0,3.663109,1.77256823,1,False,False,False,False,False,116.61451,
3.08333349,3.10000014,460.608856,51.6808472,11.7455339,-46.4079361,4.925268,0.4744026,-22.8610859,112.861588,189.1521,0.7976074,94,94,2.88591337,-22.8118324,-3.34168243,-22.8066044,0.3,21.2486744,3.421775,0.150375724,-0.151160032,3.42099071,24.6696644,24.6696644,22.3940754,43.2018471,2,1,120.000008,116.015205,112.4086,0,3.60660553,0.9766028,0,False,False,False,False,False,116.015205,
3.10000014,3.11666679,460.7977,50.9093781,11.3304987,-46.2881432,4.932336,0.42404893,-22.899725,112.187019,189.95166,0.799560547,94,95,2.893705,-22.8610859,-2.95446038,-22.739748,0.3,21.2787743,3.429163,0.132950723,-0.151151374,3.41096234,24.6897373,24.6897373,22.3927937,43.2018471,2,1,120.000008,116.461617,112.861633,0,3.59998322,1.45083916,0,False,False,False,False,False,116.461617,
3.11666679,3.13333344,460.979645,50.1399536,10.9163456,-46.1654129,4.938565,0.373737216,-22.9510212,112.543907,190.300781,0.3491211,94,95,2.90153122,-22.90388,-2.56876254,-22.6664524,0.3,21.3048267,3.435582,0.11559432,-0.151208267,3.399968,24.7047939,24.7047939,22.4012222,43.2018471,2,1,120.000008,116.910042,113.266571,0,3.643471,1.92634022,0,False,False,False,False,False,116.910042,
3.13333344,3.15,461.1547,49.37262,10.5030184,-46.0400963,4.94612551,0.453648776,-22.9958382,112.977104,191.079346,0.778564453,95,95,2.90939617,-22.9510212,-3.0768888,-22.8652172,0.3,21.2076855,3.44265342,0.13846001,-0.15133062,3.42978263,24.6374683,24.6374683,22.4193478,43.2018471,2,1,120.000008,116.281166,112.543961,0,3.73720551,2.40336442,1,False,False,False,False,False,116.281166,
3.15,3.16666675,461.322876,48.6074257,10.090663,-45.9116554,4.955017,0.533493757,-23.034277,113.486557,191.854736,0.7753906,95,95,2.91730332,-22.9958382,-2.69019842,-22.7938538,0.3,21.2238579,3.44937587,0.121058941,-0.151356474,3.419078,24.6429367,24.6429367,22.42318,43.2018471,2,1,120.000008,116.7342,112.977158,0,3.75704217,1.79182351,1,False,False,False,False,False,116.7342,
3.16666675,3.1833334,461.4842,47.8444328,9.679436,-45.7795563,4.96306849,0.483090848,-23.0751438,112.840721,192.187744,0.3330078,95,96,2.92524815,-23.034277,-2.30498648,-22.7172012,0.3,21.2363739,3.45514178,0.1037244,-0.151285753,3.40758038,24.6439552,24.6439552,22.4127,43.2018471,2,1,120.000008,117.1894,113.486618,0,3.70278168,0.984903038,0,False,False,False,False,False,117.1894,
3.1833334,3.20000029,461.638672,47.0837,9.269284,-45.64415,4.97028065,0.43272993,-23.11578,113.253944,192.964355,0.7766113,96,96,2.93322563,-23.0751438,-2.82448125,-22.9139538,0.3,21.12826,3.46127176,0.12710166,-0.151280209,3.43709326,24.5653534,24.5653534,22.41188,43.2018471,2,1,120.000008,116.539345,112.840775,0,3.69857,1.46998608,0,False,False,False,False,False,116.539345,
3.20000029,3.216667,461.786346,46.3252678,8.860147,-45.5057869,4.976654,0.382410973,-23.15003,113.61911,193.737549,0.773193359,96,96,2.94124,-23.11578,-2.43877435,-22.8384781,0.3,21.1325,3.46736717,0.109744854,-0.1513402,3.425772,24.5582714,24.5582714,22.4207668,43.2018471,2,1,120.000008,116.998543,113.253983,0,3.74456024,1.956405,0,False,False,False,False,False,116.998543,
3.216667,3.23333359,461.927216,45.5691872,8.451957,-45.3648071,4.98435926,0.462315321,-23.1843548,112.926582,194.046875,0.309326172,96,97,2.94929481,-23.15003,-2.05450678,-22.7566128,0.3,21.1334152,3.47250462,0.09245281,-0.15146549,3.413492,24.5469074,24.5469074,22.43933,43.2018471,2,1,120.000008,117.46003,113.619156,0,3.84087372,2.44440222,1,False,False,False,False,False,117.46003,
3.23333359,3.25000024,462.0613,44.81551,8.044877,-45.22068,4.99339533,0.54215306,-23.2210026,113.444313,194.804443,0.757568359,97,97,2.95739365,-23.1843548,-2.58389,-22.9495564,0.3,21.015234,3.47765326,0.116275057,-0.151494756,3.4424336,24.4576683,24.4576683,22.4436646,43.2018471,2,1,120.000008,116.790077,112.926651,0,3.86342621,1.822403,1,False,False,False,False,False,116.790077,
3.25000024,3.266667,462.188629,44.0642967,7.639089,-45.0728874,5.001591,0.4917429,-23.25125,113.9139,195.558838,0.754394531,97,97,2.965532,-23.2210026,-2.19857264,-22.8710556,0.3,21.0055065,3.48315048,0.0989357755,-0.151427954,3.43065858,24.4361649,24.4361649,22.4337673,43.2018471,2,1,120.000008,117.256355,113.444382,0,3.81197333,1.00514925,0,False,False,False,False,False,117.256355,
3.266667,3.28333354,462.3092,43.3156,7.23452663,-44.9217758,5.00894737,0.441374779,-23.2751446,114.335381,195.950439,0.391601563,97,97,2.973705,-23.25125,-1.815005,-22.7862434,0.3,20.9921246,3.48768759,0.08167523,-0.151426241,3.41793656,24.41006,24.41006,22.4335155,43.2018471,2,1,120.000008,117.724648,113.913956,0,3.81069183,1.501566,0,False,False,False,False,False,117.724648,
3.28333354,3.30000019,462.423065,42.5694733,6.83111572,-44.76769,5.015465,0.3910486,-23.310585,113.546478,196.595947,0.6455078,97,98,2.98191643,-23.2751446,-1.433077,-22.6951351,0.3,20.88912,3.49127173,0.06448847,-0.151489884,3.40427041,24.29339,24.29339,22.4429436,43.2018471,2,1,120.000008,118.195137,114.335434,0,3.8597033,1.99938846,0,False,False,False,False,False,118.195137,
3.30000019,3.31666684,462.5302,41.82596,6.42877531,-44.61097,5.023314,0.470945746,-23.3370457,113.996208,197.3479,0.7519531,98,98,2.99017024,-23.310585,-1.97083509,-22.8910446,0.3,20.8410778,3.496588,0.0886875838,-0.151618779,3.433657,24.2747345,24.2747345,22.462038,43.2018471,2,1,120.000008,117.505714,113.546524,0,3.95919061,2.49892139,1,False,False,False,False,False,117.505714,
3.31666684,3.33333349,462.630676,41.0851059,6.02769327,-44.45109,5.02981949,0.390330285,-23.3571415,114.368942,197.949951,0.6020508,98,98,2.99847054,-23.3370457,-1.58770943,-21.004858,0.531758845,20.81601,3.500557,0.12664178,-0.476469934,3.150729,23.9667377,23.9667377,22.4669838,43.2018471,1,1,90,87.98126,113.996262,0,-26.015,-28.1329365,-1,False,True,False,False,False,87.98126,
3.33333349,3.35000014,462.724457,40.346962,5.627721,-44.2885971,5.03498268,0.309782,-23.3842716,113.484871,198.359619,0.409667969,98,99,3.00681186,-23.3571415,-1.206175,-21.00501,0.5141552,20.75491,3.50357127,0.09302417,-0.445843846,3.15075183,23.90566,23.90566,22.4870777,43.2018471,1,1,90,88.4592,114.369,0,-25.9098053,-27.3647137,-1,False,False,False,False,False,88.4592,
3.35000014,3.36666679,462.8116,39.61156,5.228699,-44.1240273,5.03880453,0.229300827,-23.406971,113.70385,199.101318,0.7416992,99,99,3.01520061,-23.3842716,-1.74500835,-21.4803658,0.495896041,20.6471558,3.50764084,0.129801422,-0.415387422,3.222055,23.8692112,23.8692112,22.5221977,43.2018471,1,1,90,87.75995,113.484909,0,-25.72496,-26.6413574,-1,False,False,False,False,False,87.75995,
3.36666679,3.38333344,462.89212,38.87893,4.8304615,-43.9579163,5.041286,0.148886725,-23.4233,113.846024,199.8396,0.73828125,99,99,3.02364254,-23.406971,-1.36185408,-21.4889317,0.47697252,20.6112766,3.51104569,0.09743505,-0.385141,3.2233398,23.8346157,23.8346157,22.5720882,43.2018471,1,1,90,88.24362,113.7039,0,-25.4602814,-25.9623718,-1,False,False,False,False,False,88.24362,
3.38333344,3.4,462.966,38.1490822,4.432835,-43.7908,5.04242849,0.0685396343,-23.4412174,112.69754,200.075439,0.235839844,99,100,3.03214359,-23.4233,-0.9796151,-21.50372,0.457370639,20.5742054,3.51349521,0.06720708,-0.355144143,3.225558,23.7997627,23.7997627,22.6363716,43.2018471,1,1,90,88.73071,113.846085,0,-25.1153717,-25.3270531,-1,False,False,False,False,False,88.73071,
3.4,3.41666675,463.033264,37.4220276,4.035644,-43.6232033,5.042233,-0.011740501,-23.4603024,112.68634,200.79834,0.7229004,100,100,3.04070878,-23.4412174,-1.53033257,-21.94046,0.4370749,20.4299965,3.51618266,0.100330494,-0.325444072,3.29106927,23.7210655,23.7210655,22.71451,43.2018471,1,1,90,88.00751,112.6976,0,-24.690094,-24.7349529,-1,False,False,False,False,False,88.00751,
3.41666675,3.4333334,463.0939,36.6977654,3.63871026,-43.45566,5.04070044,-0.09195374,-23.4729633,112.598534,201.518066,0.719726563,100,100,3.04934382,-23.4603024,-1.14508057,-21.92186,0.4209358,20.3855114,3.51904559,0.0723008141,-0.3030673,3.288279,23.67379,23.67379,22.8058376,43.2018471,1,1,90,88.50226,112.6864,0,-24.1841431,-24.182827,-1,False,False,False,False,False,88.50226,
3.4333334,3.45000029,463.147919,35.9762878,3.24185634,-43.2887,5.03783226,-0.172100127,-23.4792156,112.4342,201.94873,0.430664063,100,100,3.05805373,-23.4729633,-0.7600816,-21.6592979,0.432468742,20.3417015,3.5209446,0.04930673,-0.321356565,3.248895,23.5905972,23.5905972,22.909544,43.2018471,1,1,90,89.00128,112.598572,0,-23.59729,-23.5165443,-1,False,False,False,False,False,89.00128,
3.45000029,3.466667,463.195343,35.2575722,2.84490824,-43.12285,5.03362942,-0.252179742,-23.4954243,110.948441,202.442871,0.494140625,100,101,3.066843,-23.4792156,-0.375124,-21.38411,0.443203956,20.24268,3.52188253,0.0249384679,-0.33920446,3.20761657,23.4502964,23.4502964,23.0246487,43.2018471,1,1,90,89.50488,112.434235,0,-22.9293518,-22.6465168,-1,False,False,False,False,False,89.50488,
3.466667,3.48333359,463.236145,34.5415955,2.44769621,-42.95864,5.028093,-0.3321926,-23.5044365,110.631218,203.153809,0.7109375,101,101,3.07571626,-23.4954243,-0.9289457,-21.5399284,0.453105658,20.1544762,3.52431369,0.0631365851,-0.356460869,3.23098946,23.3854656,23.3854656,23.150032,43.2018471,1,1,90,88.76831,110.9485,0,-22.180191,-21.5729065,-1,False,False,False,False,False,88.76831,
3.48333359,3.50000024,463.270325,33.82832,2.05005741,-42.79661,5.021224,-0.4121388,-23.50694,110.237663,203.861816,0.7080078,101,101,3.08467627,-23.5044365,-0.539409935,-21.2673588,0.4621297,20.1100216,3.52566552,0.0373916067,-0.372953266,3.190104,23.3001251,23.3001251,23.2844162,43.2018471,1,1,90,89.28171,110.631271,0,-21.3495636,-20.29578,-1,False,False,False,False,False,89.28171,
3.50000024,3.516667,463.297852,33.1177,1.65183806,-42.63729,5.013024,-0.492018372,-23.5109463,108.506523,204.054688,0.1928711,101,102,3.09372687,-23.50694,-0.14935112,-20.9872532,0.4702249,20.06879,3.52604127,0.0105342921,-0.388487548,3.14808822,23.2168789,23.2168789,23.4263477,43.2018471,1,1,90,89.80026,110.237717,0,-20.4374542,-18.8154259,-1,False,False,False,False,False,89.80026,
3.516667,3.53333354,463.318726,32.40968,1.25289536,-42.48122,5.00349331,-0.5718314,-23.5159836,107.960464,204.763672,0.7089844,102,102,3.10287046,-23.5109463,-0.6978921,-21.1584759,0.4773275,19.937603,3.526642,0.0499684662,-0.402839124,3.17377162,23.1113739,23.1113739,23.5742264,43.2018471,1,1,90,89.06287,108.506561,0,-19.4436951,-17.13198,-1,False,False,False,False,False,89.06287,
3.53333354,3.55000019,463.332947,31.7041969,0.8530999,-42.32894,4.992634,-0.6515779,-23.5144253,107.338264,205.469971,0.7062988,102,102,3.11210823,-23.5159836,-0.302539527,-20.89053,0.483362228,19.8988724,3.52739763,0.0219354276,-0.415753424,3.13357949,23.0324516,23.0324516,23.7262516,43.2018471,1,1,90,89.59213,107.96051,0,-18.3683777,-15.2458429,-1,False,False,False,False,False,89.59213,
3.55000019,3.56666684,463.340485,31.00118,0.452337623,-42.1809959,4.98044634,-0.7312579,-23.5062351,106.639977,205.947754,0.4777832,102,102,3.12144136,-23.5144253,0.0937504247,-20.6224251,0.488234222,19.8653946,3.527164,-0.006865825,-0.4269341,3.093364,22.95876,22.95876,23.8804836,43.2018471,1,1,90,90.12688,107.338318,0,-17.211441,-13.1572523,-1,False,False,False,False,False,90.12688,
3.56666684,3.58333349,463.341339,30.3005486,0.0505119748,-42.0379372,4.966932,-0.810871542,-23.5062561,104.583305,206.344727,0.396972656,102,103,3.13086939,-23.5062351,0.491103828,-20.3577785,0.491825819,19.80034,3.52593541,-0.03623063,-0.436038,3.05366683,22.8540077,22.8540077,24.0347939,43.2018471,1,1,90,90.66707,106.640015,0,-15.9729452,-10.8665724,-1,False,False,False,False,False,90.66707,
3.58333349,3.60000014,463.33548,29.60221,-0.352454,-41.90032,4.95209169,-0.8904188,-23.5004272,103.733032,207.037354,0.692626953,103,103,3.140391,-23.5062561,-0.0511484072,-20.5804329,0.493987858,19.7250557,3.52593851,0.003790004,-0.442663461,3.087065,22.81212,22.81212,24.18688,43.2018471,1,1,90,89.9303,104.583344,0,-14.6530457,-8.374262,-1,False,False,False,False,False,89.9303,
3.60000014,3.61666679,463.322876,28.9060631,-0.7566154,-41.7687,4.935927,-0.969899833,-23.4878235,102.806862,207.727783,0.6904297,103,103,-3.133181,-23.5004272,0.351819664,-20.3508911,0.494526476,19.7032948,3.52506423,-0.0260976218,-0.446332872,3.05263376,22.755928,22.755928,24.33428,43.2018471,1,1,90,90.48108,103.733063,0,-13.2519836,-5.680865,-1,False,False,False,False,False,90.48108,
3.61666679,3.63333344,463.3035,28.2120018,-1.162003,-41.6436462,4.91843843,-1.04931462,-23.4684525,101.804848,207.947021,0.219238281,103,103,-3.12348032,-23.4878235,0.755983055,-20.1385746,0.493180543,19.6895943,3.52317357,-0.05592542,-0.446461946,3.02078629,22.71038,22.71038,24.4743576,43.2018471,1,1,90,91.0368958,102.806885,0,-11.769989,-2.786911,-1,False,False,False,False,False,91.0368958,
3.63333344,3.65,463.277344,27.519907,-1.56862164,-41.5257225,4.90179729,-0.99848187,-23.4627438,99.5480652,208.578613,0.6315918,103,104,-3.11369634,-23.4684525,1.16137254,-19.9510937,0.489586651,19.6138058,3.520268,-0.0852888748,-0.442315072,2.992664,22.60647,22.60647,24.6043167,43.2018471,1,1,90,91.59747,101.804871,0,-10.2073975,0.3069621,0,False,False,False,False,False,91.59747,
3.65,3.66666675,463.244415,26.8296642,-1.976278,-41.41461,4.88600254,-0.947691441,-23.445528,98.64309,209.269531,0.690917969,104,104,-3.10383582,-23.4627438,0.623065352,-20.5853729,0.458004177,19.6022243,3.5194118,-0.0428049825,-0.3888006,3.087806,22.6900311,22.6900311,24.7130737,43.2018471,1,1,90,90.8591156,99.5480957,0,-8.68898,0.831344545,0,False,False,False,False,False,90.8591156,
3.66666675,3.68333364,463.204681,26.1411648,-2.38479614,-41.30999,4.8710537,-0.896943331,-23.42148,97.78658,209.946533,0.677001953,104,104,-3.0939095,-23.445528,1.033145,-20.764122,0.4252061,19.60844,3.51682925,-0.06589493,-0.336316,3.11461854,22.7230587,22.7230587,24.8020325,43.2018471,1,1,90,91.42786,98.64313,0,-7.215271,1.36113441,0,False,False,False,False,False,91.42786,
3.68333364,3.70000029,463.1581,25.4543056,-2.79401731,-41.2115326,4.85695,-0.84623754,-23.4004879,95.65508,210.10498,0.158447266,104,105,-3.08392739,-23.42148,1.44393861,-20.9578228,0.3908033,19.6221828,3.51322222,-0.0846444,-0.2849042,3.14367366,22.7658558,22.7658558,24.8725967,43.2018471,1,1,90,91.99979,97.78662,0,-5.78683472,1.89564455,0,False,False,False,False,False,91.99979,
3.70000029,3.716667,463.1047,24.76899,-3.20379782,-41.1189079,4.84419441,-0.765309334,-23.3785534,94.9242554,210.786865,0.681884766,105,105,-3.07389927,-23.4004879,0.9017766,-21.51788,0.354159832,19.5725842,3.51007342,-0.04790596,-0.2344853,3.227682,22.8002663,22.8002663,24.92618,43.2018471,1,1,90,91.250946,95.6551056,0,-4.40415955,2.43426371,1,False,False,False,False,False,91.250946,
3.716667,3.73333359,463.044464,24.08513,-3.61398125,-41.0315742,4.832787,-0.68444854,-23.3497143,94.27066,211.467773,0.6809082,105,105,-3.06383443,-23.3785534,1.31537259,-21.7845573,0.308531821,19.595726,3.50678325,-0.0608751476,-0.178224176,3.26768374,22.863409,22.863409,24.9634953,43.2018471,1,1,90,91.82762,94.9243,0,-3.09667969,2.49632788,1,False,False,False,False,False,91.82762,
3.73333359,3.75000024,462.9774,23.402647,-4.02443361,-40.9489861,4.820052,-0.7641012,-23.3140087,93.54101,211.9458,0.478027344,105,105,-3.05374146,-23.3497143,1.72912848,-18.45788,0.560355961,19.6273727,3.50245738,-0.145339116,-0.588436,2.768682,22.3960552,22.3960552,24.9867611,43.2018471,0,1,63.6168137,66.02273,94.2707062,0,-28.2479782,-23.7744217,-1,False,True,False,False,False,70.10342,
3.75000024,3.766667,462.903473,22.7214527,-4.43516,-40.8717041,4.8059907,-0.8436875,-23.2858143,91.389,212.282227,0.336425781,105,106,-3.043628,-23.3140087,2.14293551,-18.115591,0.564848363,19.6428356,3.49710155,-0.181565046,-0.5981975,2.7173388,22.3601742,22.3601742,24.9988251,43.2018471,0,1,63.4323578,66.4177246,93.54103,0,-27.1233063,-21.5479431,-1,False,False,False,False,False,70.74399,
3.766667,3.78333354,462.8227,22.0414486,-4.84614563,-40.80029,4.790604,-0.9232074,-23.2523479,90.5074158,212.95874,0.6765137,106,106,-3.03350139,-23.2858143,1.5919795,-18.3347969,0.5689111,19.6453533,3.49287224,-0.135854214,-0.60679847,2.75021958,22.3955727,22.3955727,24.9973755,43.2018471,0,1,63.6143265,65.8335648,91.38902,0,-25.5554581,-18.7581882,-1,False,False,False,False,False,69.9675,
3.78333354,3.80000019,462.735077,21.3625259,-5.257353,-40.735302,4.773893,-1.00266111,-23.211998,89.5499344,213.634766,0.6760254,106,106,-3.02336931,-23.2523479,2.006926,-18.0629025,0.56922996,19.6933613,3.48785233,-0.171360373,-0.607056558,2.70943546,22.4027977,22.4027977,24.9799957,43.2018471,0,1,63.65161,66.45137,90.50746,0,-24.0560913,-15.9171124,-1,False,False,False,False,False,70.8096542,
3.80000019,3.81666684,462.6406,20.68457,-5.66871834,-40.6773033,4.755859,-1.08204854,-23.1647339,88.51666,213.945313,0.310546875,106,106,-3.01324081,-23.211998,2.4216485,-17.8216686,0.5674597,19.75137,3.48179984,-0.2061282,-0.6024213,2.67325044,22.42462,22.42462,24.9441643,43.2018471,0,1,63.7645226,67.14461,89.54997,0,-22.405365,-12.8051777,-1,False,False,False,False,False,71.7102,
3.81666684,3.83333349,462.539246,20.0074558,-6.08015156,-40.6268539,4.73650265,-1.1613698,-23.1289463,86.05535,214.452881,0.507568359,106,107,-3.00312614,-23.1647339,2.83604431,-17.5768566,0.5657803,19.7814789,3.47471023,-0.2406867,-0.5974951,2.63652849,22.4180069,22.4180069,24.88728,43.2018471,0,1,63.7302551,67.6898651,88.51668,0,-20.8268127,-9.646219,-1,False,False,False,False,False,72.43305,
3.83333349,3.85000014,462.431061,19.3310471,-6.49153233,-40.5845146,4.71582556,-1.240625,-23.084013,84.87064,215.138916,0.686035156,107,107,-2.99303675,-23.1289463,2.28266764,-17.9551353,0.5603603,19.8359432,3.469342,-0.191867456,-0.584204137,2.69327044,22.529213,22.529213,24.8066769,43.2018471,0,1,64.3120956,67.4975052,86.05539,0,-18.5578842,-5.677985,-1,False,False,False,False,False,71.9676056,
3.85000014,3.86666679,462.316,18.6552,-6.902709,-40.5508461,4.69382858,-1.31981421,-23.0321846,83.61031,215.824951,0.686035156,107,107,-2.98298526,-23.084013,2.69620228,-17.86128,0.5502458,19.9183769,3.46260214,-0.222536117,-0.5608739,2.679192,22.5975685,22.5975685,24.69963,43.2018471,0,1,64.67591,68.43723,84.87067,0,-16.4334335,-1.73562932,-1,False,False,False,False,False,73.0281448,
3.86666679,3.88333344,462.194122,17.97976,-7.31349659,-40.5263977,4.67318726,-1.2384913,-22.9804554,81.06046,215.9607,0.135742188,107,108,-2.97298527,-23.0321846,3.10872912,-17.84954,0.535255134,20.0132732,3.45482779,-0.2495945,-0.5278021,2.677431,22.6907043,22.6907043,24.5633812,43.2018471,0,1,65.17961,69.5138855,83.61035,0,-14.0964661,2.53754449,1,False,False,False,False,False,74.1726456,
3.88333344,3.9,462.0654,17.3045826,-7.723719,-40.51061,4.6539,-1.15723622,-22.9312935,79.95539,216.63916,0.6784668,108,108,-2.9630518,-22.9804554,2.54003453,-18.8389969,0.4876824,20.0709534,3.44706845,-0.185809523,-0.435409367,2.82584953,22.8968029,22.8968029,24.4096928,43.2018471,0,1,66.32988,69.8661041,81.0604858,0,-11.1943817,3.45290947,1,False,False,False,False,False,73.7092056,
3.9,3.916667,461.92984,16.6295338,-8.133235,-40.5029068,4.635966,-1.07604885,-22.87534,78.92783,217.318115,0.6789551,108,108,-2.95319486,-22.9312935,2.94930124,-17.4759483,0.5601573,20.1787186,3.43969417,-0.2478109,-0.570490956,2.62139225,22.80011,22.80011,24.2419472,43.2018471,1,1,90,94.101,79.9554138,0,14.1455841,26.93396,1,False,True,False,False,False,94.101,
3.916667,3.93333364,461.787476,15.9544888,-8.541937,-40.50272,4.619384,-0.994929135,-22.8126354,77.97775,217.944092,0.625976563,108,108,-2.943422,-22.87534,3.35692358,-17.2089214,0.5607958,20.2984867,3.431301,-0.2823823,-0.5675806,2.58133841,22.8798256,22.8798256,24.0633869,43.2018471,1,1,90,94.6609344,78.92786,0,15.733078,26.79003,1,False,False,False,False,False,94.6609344,
3.93333364,3.95000029,461.6383,15.27933,-8.949748,-40.5094872,4.60415268,-0.913877,-22.7544327,75.72812,218.140137,0.196044922,108,109,-2.93374062,-22.8126354,3.76286173,-16.9659672,0.5597397,20.4257622,3.4218955,-0.3159335,-0.561066747,2.54489517,22.9706573,22.9706573,23.87707,43.2018471,1,1,90,95.21564,77.97778,0,17.237854,26.69055,1,False,False,False,False,False,95.21564,
3.95000029,3.966667,461.482361,14.6039534,-9.35662,-40.5226364,4.590271,-0.8328924,-22.6948528,74.9327545,218.833008,0.6928711,109,109,-2.92415571,-22.7544327,3.1740253,-17.30885,0.557207048,20.528429,3.413165,-0.2652884,-0.5515491,2.59632754,23.1247559,23.1247559,23.6858883,43.2018471,1,1,90,94.38786,75.72815,0,18.6597137,26.6350117,1,False,False,False,False,False,94.38786,
3.966667,3.98333359,461.319641,13.92826,-9.762528,-40.5416,4.57773829,-0.7519753,-22.6286144,74.21468,219.5271,0.6940918,109,109,-2.91467118,-22.6948528,3.57502151,-17.11971,0.553364456,20.6693516,3.404228,-0.296743482,-0.5395277,2.56795669,23.2373085,23.2373085,23.4925385,43.2018471,1,1,90,94.93129,74.93277,0,19.99852,26.62296,1,False,False,False,False,False,94.93129,
3.98333359,4,461.150177,13.2521629,-10.1674738,-40.565815,4.56655264,-0.67112565,-22.5557423,73.57379,219.943359,0.416259766,109,109,-2.9052887,-22.6286144,3.974248,-16.94653,0.5483418,20.8201218,3.39429235,-0.326886952,-0.525425851,2.54197955,23.3621,23.3621,23.2995453,43.2018471,1,1,90,95.46886,74.21472,0,21.2541351,26.6539459,1,False,False,False,False,False,95.46886,
4,4.016667,460.974,12.5755844,-10.5714769,-40.5947227,4.55671358,-0.590343356,-22.4932251,71.62685,220.369141,0.42578125,109,110,-2.8960104,-22.5557423,4.37178326,-16.787775,0.5422445,20.9641933,3.38336158,-0.35558632,-0.509608746,2.5181663,23.4823589,23.4823589,23.10922,43.2018471,1,1,90,96.00047,73.57382,0,22.426651,26.727747,1,False,False,False,False,False,96.00047,
4.016667,4.033334,460.791077,11.8984547,-10.974577,-40.6277542,4.54821968,-0.509628356,-22.424017,71.14018,221.060059,0.690917969,110,110,-2.88683581,-22.4932251,3.76029229,-17.198288,0.5351567,21.1095543,3.37398386,-0.301851869,-0.492388844,2.57974339,23.6892967,23.6892967,22.9237118,43.2018471,1,1,90,95.14293,71.62689,0,23.516037,26.8440189,1,False,False,False,False,False,95.14293,
4.033334,4.05,460.601471,11.2207155,-11.3768311,-40.66436,4.54107,-0.428980649,-22.3482819,70.73054,221.752686,0.692626953,110,110,-2.87776423,-22.424017,4.15249252,-17.0747738,0.5271494,21.273386,3.36360264,-0.3283476,-0.474038869,2.561216,23.8346024,23.8346024,22.7449646,43.2018471,1,1,90,95.66269,71.1402,0,24.5224915,27.0026436,1,False,False,False,False,False,95.66269,
4.05,4.066667,460.405151,10.5423155,-11.7783089,-40.7039833,4.53526354,-0.348400146,-22.2660675,70.39785,221.942871,0.190185547,110,110,-2.86879349,-22.3482819,4.543271,-16.9616432,0.518280268,21.44484,3.35224247,-0.353203177,-0.4547927,2.54424667,23.9890862,23.9890862,22.5747452,43.2018471,1,1,90,96.17667,70.73056,0,25.446106,27.20341,1,False,False,False,False,False,96.17667,
4.066667,4.08333349,460.202179,9.86321449,-12.1790915,-40.74607,4.530799,-0.2678868,-22.2003689,68.74475,222.608643,0.6657715,110,111,-2.859921,-22.2660675,4.93278837,-16.8582268,0.508598864,21.6030846,3.33991027,-0.3763216,-0.434854627,2.52873421,24.1318188,24.1318188,22.4146538,43.2018471,1,1,90,96.68503,70.39789,0,26.28714,27.4462585,1,False,False,False,False,False,96.68503,
4.08333349,4.10000038,459.992523,9.18338,-12.57927,-40.7900734,4.52767467,-0.187440529,-22.1224365,68.56574,223.309814,0.7011719,111,111,-2.8511436,-22.2003689,4.29075766,-17.3002777,0.498146653,21.7741814,3.33005548,-0.320614,-0.414399654,2.59504175,24.3692226,24.3692226,22.2660751,43.2018471,1,1,90,95.79065,68.7448,0,27.0458527,27.731142,1,False,False,False,False,False,95.79065,
4.10000038,4.116667,459.7762,8.5027895,-12.9789438,-40.8354378,4.52589035,-0.107061312,-22.0381222,68.46351,223.942383,0.632568359,111,111,-2.842456,-22.1224365,4.675498,-17.2217884,0.486959577,21.9518623,3.31836557,-0.3415168,-0.393580437,2.5832684,24.5351315,24.5351315,22.1302547,43.2018471,1,1,90,96.28841,68.56578,0,27.7226257,28.05813,1,False,False,False,False,False,96.28841,
4.116667,4.13333368,459.553253,7.82142925,-13.3782158,-40.88162,4.52544451,-0.0267490745,-21.9599342,67.0455856,224.19165,0.249267578,111,112,-2.83385468,-22.0381222,5.05948544,-17.1510239,0.475066632,22.1333561,3.30571842,-0.36053893,-0.372525871,2.57265377,24.7060089,24.7060089,22.00828,43.2018471,1,1,90,96.78122,68.46355,0,28.3176727,28.4271278,1,False,False,False,False,False,96.78122,
4.13333368,4.15,459.323639,7.13929462,-13.77719,-40.92807,4.526336,0.0534962341,-21.880209,67.09667,224.9082,0.716552734,112,112,-2.82533383,-21.9599342,4.40449,-17.5805588,0.462493956,22.275528,3.29399037,-0.305557519,-0.351348817,2.637084,24.9126129,24.9126129,21.9010582,43.2018471,1,1,90,95.87706,67.04562,0,28.8314381,28.8382721,1,False,False,False,False,False,95.87706,
4.15,4.166667,459.087372,6.45639038,-14.1759748,-40.9742432,4.528564,0.133674666,-21.7941437,67.22431,225.626953,0.71875,112,112,-2.81688762,-21.880209,4.7845397,-17.2006512,0.4714604,22.36427,3.28203154,-0.338358164,-0.363575429,2.58009768,24.9443665,24.9443665,21.8093548,43.2018471,1,1,90,96.36099,67.09671,0,29.2642841,29.2369556,1,False,False,False,False,False,96.36099,
4.166667,4.1833334,458.844452,5.77273035,-14.5746737,-41.0195961,4.532127,0.213786289,-21.7017174,67.42845,225.94165,0.314697266,112,112,-2.80851,-21.7941437,5.164463,-16.6408386,0.490858018,22.4548874,3.26912165,-0.380252719,-0.3927431,2.496126,24.9510136,24.9510136,21.7337933,43.2018471,1,1,90,96.84099,67.2243652,0,29.6166229,29.4459877,1,False,False,False,False,False,96.84099,
4.1833334,4.20000029,458.5949,5.08833742,-14.9733868,-41.06358,4.537024,0.29383114,-21.6240063,66.31565,226.537354,0.5957031,112,113,-2.80019546,-21.7017174,5.544476,-16.0618172,0.509602547,22.5972214,3.25525784,-0.4238219,-0.422163218,2.40927267,25.0064945,25,21.67484,43.43818,1,1,90,97.31738,67.4285,0,29.8888836,29.4524384,1,False,False,False,False,False,97.31738,
4.20000029,4.2166667,458.3387,4.403243,-15.37221,-41.105648,4.54325438,0.3738093,-21.5365486,66.67262,227.256348,0.718994141,113,113,-2.7919364,-21.6240063,4.87000036,-16.0419884,0.527706146,22.480154,3.243601,-0.385489374,-0.45181337,2.4062984,24.8864517,24.8864517,21.6328373,43.43818,1,1,90,96.3972,66.31569,0,30.0815125,29.2570572,1,False,False,False,False,False,96.3972,
4.2166667,4.23333359,458.075867,3.71748877,-15.7712269,-41.1452522,4.55081654,0.4537208,-21.4427948,67.1059,227.941162,0.684814453,113,113,-2.78372669,-21.5365486,5.24766254,-15.4644833,0.5451782,22.2974682,3.23048234,-0.4291367,-0.481673181,2.31967258,24.6171417,24.6171417,21.6079845,43.43818,1,1,90,96.8675842,66.67265,0,30.194931,28.8605747,1,False,False,False,False,False,96.8675842,
4.23333359,4.25,457.806366,3.03112459,-16.1705151,-41.1818428,4.559709,0.5335657,-21.3550434,66.22605,228.19165,0.250488281,113,114,-2.77555966,-21.4427948,5.62609434,-14.8693018,0.5620255,22.1278133,3.21641946,-0.474301279,-0.5117227,2.23039532,24.3582077,24.3582077,21.60038,44.43334,1,1,90,97.33551,67.10594,0,30.2295666,28.2637253,1,False,False,False,False,False,97.33551,
4.25,4.266667,457.530182,2.34421,-16.570137,-41.2148743,4.56993151,0.6133441,-21.2663784,66.81175,228.9292,0.7375488,114,114,-2.76742864,-21.3550434,4.94093037,-14.8850012,0.5782532,22.07584,3.20325661,-0.428566337,-0.541940033,2.23275018,24.30859,24.30859,21.6099548,44.43334,1,1,90,96.41203,66.2260742,0,30.18596,27.4673481,1,False,False,False,False,False,96.41203,
4.266667,4.283334,457.247345,1.65681338,-16.9701385,-41.2437935,4.58148241,0.693056,-21.1714268,67.47357,229.668945,0.7397461,114,114,-2.7593267,-21.2663784,5.318325,-14.2927094,0.593862653,21.56626,3.189957,-0.4737532,-0.5722972,2.14390659,23.7101669,23.7101669,21.6365662,44.43334,1,1,90,96.876236,66.8118,0,30.0644379,26.4720783,1,False,False,False,False,False,96.876236,
4.283334,4.3,456.957825,0.9690126,-17.370554,-41.2680435,4.594361,0.772701442,-21.07013,68.21145,229.940674,0.271728516,114,114,-2.751247,-21.1714268,5.697152,-13.6842756,0.6088546,21.0435486,3.17571425,-0.5203106,-0.602762043,2.05264139,23.09619,23.09619,21.6799088,44.43334,1,1,90,97.33917,67.4736,0,29.86557,25.2787876,1,False,False,False,False,False,97.33917,
4.3,4.316667,456.661621,0.280894756,-17.7713947,-41.28707,4.60856533,0.852280557,-20.9855938,67.63981,230.634766,0.6940918,114,115,-2.74318266,-21.07013,6.07758951,-13.0604753,0.6232259,20.952816,3.1605196,-0.5681567,-0.6332914,1.9590714,22.9118881,22.9118881,21.7395878,46.3985252,1,1,90,97.80122,68.21149,0,29.589735,23.88816,1,False,False,False,False,False,97.80122,
4.316667,4.33333349,456.358734,-0.407444,-18.1726475,-41.3003235,4.62409544,0.931793332,-20.8895187,68.52962,231.371338,0.736572266,115,115,-2.73512769,-20.9855938,5.38234234,-13.1316442,0.636971653,20.2356453,3.14783931,-0.514259934,-0.663832545,1.96974671,22.2053928,22.2053928,21.8150921,46.3985252,1,1,90,96.87724,67.63986,0,29.23738,22.3009415,1,False,False,False,False,False,96.87724,
4.33333349,4.35000038,456.049164,-1.095898,-18.57428,-41.30724,4.64094925,1.01123989,-20.78707,69.49527,231.940186,0.568847656,115,115,-2.72707558,-20.8895187,5.7635026,-12.5139608,0.6500841,19.4491,3.13342786,-0.5620142,-0.6943195,1.87709415,21.3261948,21.3261948,21.9057941,46.3985252,1,1,90,97.33859,68.52966,0,28.80893,20.51786,1,False,False,False,False,False,97.33859,
4.35000038,4.366667,455.73288,-1.78435254,-18.9762325,-41.3072662,4.656452,0.9301742,-20.6943665,69.0054245,232.3667,0.426513672,115,116,-2.71902013,-20.78707,6.146817,-17.9525318,0.3,18.862709,3.11806059,-0.2766068,-0.148573861,2.69288,21.55559,21.55559,22.0109386,49.4655647,0,1,59.5671654,67.36731,69.4953,0,-2.12799072,-11.89316,-1,False,True,False,False,False,69.34986,
4.366667,4.38333368,455.4099,-2.472702,-19.3783588,-41.30096,4.670605,0.849176,-20.5971565,69.81633,233.125244,0.7585449,116,116,-2.71095586,-20.6943665,5.44860029,-17.45406,0.348462939,18.2761841,3.104155,-0.2847953,-0.201250717,2.618109,20.8942928,20.8942928,22.0985088,49.4655647,0,1,56.6962852,63.58038,69.00548,0,-5.42509842,-13.6873789,-1,False,False,False,False,False,65.66743,
4.38333368,4.4,455.080231,-3.16085,-19.7805347,-41.2888756,4.683409,0.768245339,-20.4934769,70.54995,233.885742,0.760498047,116,116,-2.70288825,-20.5971565,5.83342552,-16.110136,0.425370634,17.10901,3.08957362,-0.3722052,-0.300847828,2.4165206,19.5255318,19.5255318,22.16923,49.4655647,0,1,51.3541832,58.7005119,69.81636,0,-11.1158485,-18.0018444,-1,False,False,False,False,False,61.241806,
4.4,4.416667,454.743866,-3.84870958,-20.1826611,-41.2715721,4.6948657,0.6873821,-20.39437,69.8375854,234.153809,0.2680664,116,117,-2.6948235,-20.4934769,6.220063,-15.119278,0.4697693,15.9188538,3.07402158,-0.438299239,-0.367830634,2.267892,18.1867447,18.1867447,22.2237511,49.4655647,0,1,46.6746941,54.4831047,70.55,0,-16.0668983,-21.7029018,-1,False,False,False,False,False,57.2474937,
4.416667,4.4333334,454.4008,-4.53620338,-20.5846634,-41.2496147,4.70497561,0.6065863,-20.2959,70.41684,234.905518,0.751709,117,117,-2.68676686,-20.39437,5.52033567,-15.2929268,0.472995937,15.4797087,3.05915546,-0.391664475,-0.373551965,2.293939,17.7736473,17.7736473,22.26255,54.589077,0,1,45.3119278,52.2131729,69.83763,0,-17.6244583,-22.136446,-1,False,False,False,False,False,54.765255,
4.4333334,4.45000029,454.051025,-5.223263,-20.9864826,-41.2235641,4.71374,0.525857747,-20.1909981,70.919,235.658936,0.753417969,117,117,-2.67872381,-20.2959,5.907279,-14.4203291,0.5079457,13.9719982,3.04438519,-0.450086564,-0.4312491,2.16304946,16.1350479,16.1350479,22.28601,54.589077,0,1,40.1958122,47.557888,70.4168854,0,-22.8589973,-26.3726311,-1,False,False,False,False,False,50.25695,
4.45000029,4.4666667,453.69455,-5.909829,-21.38808,-41.1939774,4.72116,0.4451965,-20.08415,70.59226,236.1687,0.5097656,117,118,-2.67069983,-20.1909981,6.295393,-13.6586208,0.5335575,12.4382572,3.02864981,-0.5038431,-0.4760135,2.04879332,14.487051,14.487051,22.29439,54.589077,0,1,35.41412,43.2359276,70.91902,0,-27.683094,-30.3237247,-1,False,False,False,False,False,46.0413437,
4.4666667,4.48333359,453.3314,-6.595853,-21.7894325,-41.1614227,4.72723675,0.3646025,-19.9763241,70.94044,236.978516,0.809814453,118,118,-2.66270018,-20.08415,6.081159,-13.5347939,0.54088074,11.4289389,3.01262259,-0.4933773,-0.489026219,2.030219,13.4591579,13.4591579,22.2878323,63.7898521,0,1,32.5724945,40.1007843,70.5922852,0,-30.4915,-32.38417,-1,False,False,False,False,False,42.81459,
4.48333359,4.5,452.961548,-7.281294,-22.1905251,-41.1264572,4.73197126,0.284075648,-19.86201,71.21171,237.790039,0.811523438,118,118,-2.6547296,-19.9763241,6.469608,-12.8896561,0.5585374,9.788299,2.99644876,-0.5420277,-0.520972431,1.93344843,11.7217474,11.7217474,22.2663441,63.7898521,0,1,27.9609642,35.9459343,70.94046,0,-34.9945259,-36.26396,-1,False,False,False,False,False,38.7414246,
4.5,4.516667,452.585022,-7.966121,-22.5913563,-41.08964,4.735365,0.2036159,-19.7388973,71.60586,238.638916,0.848876953,118,119,-2.64679384,-19.86201,6.858633,-12.2934141,0.5724511,8.120966,2.97930145,-0.588934839,-0.5463544,1.84401214,9.964978,9.964978,22.2298412,63.7898521,0,1,23.490633,31.9302845,71.21173,0,-39.2814445,-40.0520668,-1,False,False,False,False,False,34.7997131,
4.516667,4.533334,452.2018,-8.650313,-22.9919338,-41.05154,4.73741865,0.123223208,-19.6089039,71.723526,239.412842,0.7739258,119,119,-2.638898,-19.7388973,7.409458,-11.7018433,0.5804541,6.61256742,2.96083474,-0.6451276,-0.5604306,1.75527656,8.367844,8.367844,22.1781216,75.65818,0,1,19.5551319,28.646883,71.605896,0,-42.95901,-43.35492,-1,False,False,False,False,False,31.60742,
4.533334,4.55,451.811951,-9.33385849,-23.39227,-41.0127068,4.73813343,0.0428975038,-19.47161,71.9292755,240.22998,0.8171387,119,120,-2.63104773,-19.6089039,7.79941559,-11.2920027,0.5835905,5.27377033,2.94133568,-0.682749748,-0.5647854,1.69380045,6.967571,6.967571,22.1108665,75.39344,0,1,16.1828022,25.7243366,71.72357,0,-45.9992332,-46.14423,-1,False,False,False,False,False,28.7256145,
4.55,4.566667,451.4154,-10.0167532,-23.7923775,-40.9737,4.73751068,-0.0373612642,-19.3263988,71.89359,240.970459,0.7404785,120,120,-2.62324762,-19.47161,8.323087,-10.8406582,0.5846576,3.97104716,2.92074156,-0.7299234,-0.5647193,1.62609875,5.597146,5.597146,22.0276489,75.39344,0,1,12.9373693,23.0905838,71.92929,0,-48.838707,-48.85628,-1,False,False,False,False,False,26.15525,
4.566667,4.58333349,451.0122,-10.6990042,-24.1922741,-40.93508,4.73555136,-0.117553152,-19.1746826,71.7813339,241.7124,0.741943359,120,120,-2.6155045,-19.3263988,8.713188,-10.2550173,0.59525317,2.99498177,2.89895988,-0.77798295,-0.5827244,1.53825271,4.5332346,4.5332346,21.9279728,75.12776,0,1,10.4472017,21.0440655,71.8936157,0,-50.84955,-50.83622,-1,False,False,False,False,False,24.2331524,
4.58333349,4.60000038,450.602356,-11.3806276,-24.5919781,-40.8974075,4.732257,-0.197678208,-19.01529,71.71446,242.546387,0.8339844,120,121,-2.60782361,-19.1746826,9.102962,-9.269424,0.623058736,2.00307035,2.87620258,-0.850752,-0.635036767,1.39041376,3.393484,3.393484,21.811203,75.12776,0,1,7.80137634,18.8383331,71.78137,0,-52.94304,-52.81108,-1,False,False,False,False,False,22.291666,
4.60000038,4.616667,450.185822,-12.0616484,-24.9915,-40.8612328,4.72762775,-0.277736485,-18.84893,71.449234,243.3606,0.814209,121,121,-2.60021114,-19.01529,9.591685,-8.243524,0.6482241,1.14794564,2.85229349,-0.9326343,-0.6831306,1.23652864,2.38447428,2.38447428,21.6766472,74.861145,0,1,5.473132,17.06812,71.71448,0,-54.64636,-54.2732048,-1,False,False,False,False,False,20.8024387,
4.616667,4.63333368,449.762634,-12.7421007,-25.39085,-40.8271179,4.72166538,-0.357728064,-18.67576,71.1966,244.192383,0.8317871,121,122,-2.59267354,-18.84893,9.980498,-7.299618,0.6712871,0.4022528,2.82733965,-1.00496709,-0.7274299,1.09494269,1.49719548,1.49719548,21.5235176,74.861145,0,1,3.43337369,15.4602289,71.44925,0,-55.98902,-55.2524147,-1,False,False,False,False,False,19.44928,
4.63333368,4.65,449.3328,-13.4220276,-25.7900257,-40.7956123,4.714371,-0.437652975,-18.4952621,70.77868,244.966309,0.7739258,122,122,-2.58521748,-18.67576,10.4413662,-6.322452,0.6926258,-0.2546797,2.80136418,-1.084794,-0.7682023,0.948367834,0.693688154,0.693688154,21.3509388,74.5935745,0,1,1.5900203,14.1330652,71.1966248,0,-57.06356,-55.8415451,-1,False,False,False,False,False,18.3897572,
4.65,4.666667,448.8963,-14.1014824,-26.1890182,-40.7672729,4.705746,-0.5175113,-18.30836,70.2845,245.741943,0.775634766,122,122,-2.57784939,-18.4952621,10.8284588,-5.48200941,0.709697545,-0.628884256,2.77428937,-1.15273964,-0.799248338,0.822301447,0.193417192,0.193417192,21.1579628,74.5935745,0,1,0.443283975,13.408494,70.77872,0,-57.370224,-55.54115,-1,False,False,False,False,False,17.8881721,
4.666667,4.6833334,448.4532,-14.7805271,-26.5878067,-40.7426567,4.69579124,-0.5973031,-18.1143532,69.7823639,246.522949,0.781005859,122,123,-2.570577,-18.30836,11.2143307,-4.635756,0.7264378,-1.00989878,2.746254,-1.22197711,-0.8289134,0.6953634,-0.314535379,-0.314535379,20.9435844,74.32504,0,1,0.720881,14.1027784,70.2845154,0,-56.18174,-53.6242676,-1,False,False,False,False,False,17.3645363,
4.6833334,4.70000029,448.003418,-15.4592323,-26.986351,-40.7223129,4.68450737,-0.677028358,-17.913723,69.13585,247.279053,0.7561035,123,123,-2.56340647,-18.1143532,11.6550369,-3.83270884,0.7395333,-1.15124536,2.717153,-1.29289329,-0.8493535,0.574906349,-0.576339,-0.576339,20.70674,74.32504,0,1,1.32098877,15.1819353,69.78238,0,-54.6004448,-51.19353,-1,False,False,False,False,False,17.4520931,
4.70000029,4.7166667,447.547,-16.1376781,-27.3846016,-40.7068,4.671896,-0.756687164,-17.70661,68.4631958,248.062012,0.782959,123,124,-2.556347,-17.913723,12.0379725,-3.10525727,0.751075864,-1.21032083,2.68705845,-1.35621464,-0.8650553,0.4657886,-0.7445322,-0.7445322,20.446312,74.0555344,0,1,1.70659447,15.9720211,69.1358643,0,-53.1638451,-48.78676,-1,False,False,False,False,False,17.6518326,
4.7166667,4.73333359,447.083954,-16.8159561,-27.78249,-40.69666,4.657958,-0.836279631,-17.4926281,67.66461,248.888428,0.826416,124,124,-2.54940557,-17.70661,12.4603968,-2.36468077,0.7617801,-1.24159336,2.65599155,-1.42381239,-0.87747705,0.354702115,-0.886891246,-0.886891246,20.1611481,74.0555344,0,1,2.0330317,16.7461052,68.46323,0,-51.71712,-46.2494278,-1,False,False,False,False,False,17.9563675,
4.73333359,4.75000048,446.6143,-17.4941635,-28.1799221,-40.6924438,4.64269447,-0.915805757,-17.2723484,66.79008,249.717041,0.8286133,124,124,-2.542591,-17.4926281,12.8394518,-1.73133612,0.769657433,-1.10364878,2.62389421,-1.482297,-0.8818969,0.259700418,-0.843948364,-0.843948364,19.85005,73.78504,0,1,1.93455482,17.03807,67.66464,0,-50.62657,-43.948143,-1,False,False,False,False,False,18.5898132,
4.75000048,4.766667,446.138,-18.17241,-28.576786,-40.6947,4.62610674,-0.9952656,-17.0454979,65.87281,250.532715,0.8156738,124,125,-2.53591132,-17.2723484,13.2161274,-1.11496067,0.7769484,-0.963018954,2.59085226,-1.54023743,-0.8833709,0.1672441,-0.7957748,-0.7957748,19.5118046,73.78504,0,1,1.82408977,17.3103256,66.7901,0,-49.4797745,-41.47078,-1,False,False,False,False,False,19.2195969,
4.766667,4.783334,445.655121,-18.85081,-28.97294,-40.7039642,4.608196,-1.07465923,-16.8123665,64.84659,251.331787,0.799072266,125,125,-2.52937579,-17.0454979,13.6178007,-0.487351626,0.7839278,-0.840380847,2.55682468,-1.601306,-0.88241607,0.07310275,-0.7672781,-0.7672781,19.1452045,73.51356,0,1,1.758748,17.6525764,65.87283,0,-48.2202568,-38.7611656,-1,False,False,False,False,False,19.8307266,
4.783334,4.8,445.165649,-19.52949,-29.36822,-40.7207756,4.58896255,-1.15398669,-16.5729942,63.7681656,252.135986,0.8041992,125,126,-2.52299333,-16.8123665,13.9889126,0.101715654,0.7904237,-0.7248053,2.521855,-1.6585753,-0.8785372,-0.0152573483,-0.740062654,-0.740062654,18.7490368,73.51356,0,1,1.6963464,17.9558678,64.84662,0,-46.89075,-35.8623428,-1,False,False,False,False,False,20.38161,
4.8,4.816667,444.669617,-20.2085838,-29.7624283,-40.7456665,4.56840849,-1.23324811,-16.32733,62.5905037,252.924316,0.7883301,126,126,-2.51677346,-16.5729942,14.3764763,0.6852069,0.7963432,-0.6115116,2.48594928,-1.71729147,-0.8714388,-0.102781035,-0.714292645,-0.714292645,18.3220921,73.24106,0,1,1.637261,18.2766953,63.76819,0,-45.4914932,-32.7748337,-1,False,False,False,False,False,20.9393654,
4.816667,4.83333349,444.167023,-20.888237,-30.1553421,-40.77916,4.54653454,-1.31244338,-16.075655,61.33722,253.715332,0.7910156,126,126,-2.51072526,-16.32733,14.7406778,1.23557007,0.80186373,-0.5140012,2.44909954,-1.77300227,-0.861432731,-0.185335517,-0.6993367,-0.6993367,17.8631878,73.24106,0,1,1.60297072,18.5889473,62.5905151,0,-44.0015678,-29.478035,-1,False,False,False,False,False,21.4253368,
4.83333349,4.85000038,443.6579,-21.5686,-30.5467,-40.82177,4.52334166,-1.39157271,-15.8179188,60.0196877,254.513428,0.7980957,126,127,-2.504859,-16.075655,15.1008339,1.75803041,0.806684852,-0.414231926,2.41134834,-1.82724214,-0.847810745,-0.263704568,-0.6779365,-0.6779365,17.3712,72.9675446,0,1,1.55390644,18.87599,61.33725,0,-42.46126,-26.0125256,-1,False,False,False,False,False,21.9040184,
4.85000038,4.866667,443.1423,-22.2498322,-30.9362068,-40.8739967,4.49883127,-1.47063613,-15.55431,58.615345,255.311523,0.7980957,127,127,-2.49918413,-15.8179188,15.4661283,2.26377678,0.810965836,-0.3248238,2.37268782,-1.88137531,-0.8308791,-0.339566529,-0.6643903,-0.6643903,16.8450165,72.9675446,0,1,1.5228498,19.1814041,60.0197144,0,-40.83831,-22.3463383,-1,False,False,False,False,False,22.3571777,
4.866667,4.88333368,442.620239,-22.9321041,-31.3235378,-40.9363327,4.473004,-1.54963362,-15.2849178,57.1397552,256.121826,0.810302734,127,128,-2.49371076,-15.55431,15.8169527,2.73160672,0.8145565,-0.2386154,2.33314657,-1.93257022,-0.810317338,-0.409741,-0.648356438,-0.648356438,16.283638,72.693,0,1,1.48609006,19.4582424,58.6153564,0,-39.1571121,-18.5041752,-1,False,False,False,False,False,22.7780972,
4.88333368,4.9,442.091766,-23.615591,-31.70832,-41.00926,4.44586134,-1.62856531,-15.0098162,55.5846024,256.9624,0.8405762,128,128,-2.48844886,-15.2849178,16.1659927,3.16916347,0.8173901,-0.1544838,2.29273772,-1.98208845,-0.7860239,-0.47537455,-0.6298584,-0.6298584,15.6861277,72.693,0,1,1.44368184,19.7215137,57.13977,0,-37.4182549,-14.4869146,-1,False,False,False,False,False,23.1843433,
4.9,4.916667,441.556946,-24.300478,-32.09015,-41.0932274,4.417404,-1.7074312,-14.72919,53.95413,257.8064,0.843994141,128,128,-2.48340869,-15.0098162,16.505579,3.573695,0.819604039,-0.08374259,2.25147247,-2.029206,-0.7583208,-0.536054254,-0.6197969,-0.6197969,15.0516291,72.41742,0,1,1.42061532,19.987236,55.5846252,0,-35.59739,-10.2705059,-1,False,False,False,False,False,23.5409374,
4.916667,4.9333334,441.0158,-24.9869556,-32.4685745,-41.1886826,4.387634,-1.7862314,-14.4431658,52.2443848,258.636475,0.8300781,128,129,-2.47860026,-14.72919,16.8387527,3.937974,0.8208742,-0.0110683925,2.20937848,-2.07337475,-0.7266999,-0.5906961,-0.6017645,-0.6017645,14.3793945,72.1407852,0,1,1.3792758,20.2213936,53.9541321,0,-33.73274,-5.89346933,-1,False,False,False,False,False,23.8867874,
4.9333334,4.95000029,440.4684,-25.6752224,-32.8431053,-41.29604,4.358721,-1.7347846,-14.1518087,50.58779,259.468262,0.8317871,129,129,-2.47403359,-14.4431658,17.16145,4.25694561,0.8211367,0.0622088462,2.166475,-2.11378455,-0.691232264,-0.6385419,-0.576333046,-0.576333046,13.6688442,72.1407852,0,1,1.32097518,20.4207211,52.2443848,0,-31.8236656,-1.35546327,0,False,False,False,False,False,24.214304,
4.95000029,4.9666667,439.914856,-26.365469,-33.2135239,-41.41484,4.33066463,-1.68338072,-13.85536,48.9704971,260.293457,0.8251953,129,130,-2.46971869,-14.1518087,17.4800434,3.822451,0.7942888,0.13745378,2.1227715,-2.08263063,-0.6135086,-0.5733677,-0.43591392,-0.43591392,12.9658937,71.86308,0,1,0.9990917,20.3460617,50.5878,0,-30.24174,-1.50334394,0,False,False,False,False,False,24.5341072,
4.9666667,4.98333359,439.3552,-27.05788,-33.5796432,-41.5446243,4.30346441,-1.63201964,-13.553936,47.41204,261.114746,0.821289063,130,130,-2.465651,-13.85536,17.78245,3.40735269,0.7675013,0.206966132,2.078304,-2.047208,-0.542198956,-0.5111029,-0.304136783,-0.304136783,12.2726727,71.86308,0,1,0.697047353,20.2672844,48.97052,0,-28.7032356,-1.64271832,0,False,False,False,False,False,24.815012,
4.98333359,5.00000048,438.78952,-27.75263,-33.94131,-41.6849442,4.277119,-1.58070135,-13.2475805,45.8876,261.936768,0.8220215,130,131,-2.461824,-13.553936,18.0857,3.02488184,0.7408159,0.268825084,2.03309059,-2.009726,-0.477096736,-0.453732282,-0.1849072,-0.1849072,11.5910988,71.5843048,0,1,0.423779935,20.2132854,47.41205,0,-27.1987629,-1.7643249,0,False,False,False,False,False,25.07259,
5.00000048,5.016667,438.2179,-28.4498863,-34.2983932,-41.8353462,4.251629,-1.52942586,-12.9366636,44.4271126,262.780518,0.84375,131,131,-2.4582324,-13.2475805,18.3680859,2.65253377,0.7140413,0.332290083,1.9871372,-1.96733582,-0.4176814,-0.397880077,-0.0655899942,-0.0655899942,10.9228811,71.5843048,0,1,0.150321364,20.1306381,45.88762,0,-25.75698,-1.89694893,0,False,False,False,False,False,25.3037071,
5.016667,5.033334,437.640381,-29.1498089,-34.650795,-41.9953842,4.226992,-1.478193,-12.6210613,43.01553,263.6289,0.8483887,131,131,-2.45486927,-12.9366636,18.6559639,2.308614,0.6872011,0.395489484,1.94049966,-1.92305982,-0.363731861,-0.3462921,0.0491973758,0.0491973758,10.2695732,71.3044357,0,1,0.112752147,20.2857571,44.42711,0,-24.1413517,-1.80417681,0,False,False,False,False,False,25.5345173,
5.033334,5.05,437.057068,-29.8525524,-34.9984474,-42.1646233,4.203209,-1.42700291,-12.301116,41.63265,264.491455,0.8625488,131,132,-2.45172739,-12.6210613,18.9362564,1.98063993,0.660229564,0.460611671,1.89315927,-1.87534153,-0.31491375,-0.297096,0.163515657,0.163515657,9.632531,71.02347,0,1,0.374752969,20.72778,43.01555,0,-22.28777,-1.42203438,0,False,False,False,False,False,25.7554741,
5.05,5.066667,436.468048,-30.5582638,-35.3413048,-42.34263,4.180278,-1.37585545,-11.9768476,40.3187943,265.371338,0.8798828,132,132,-2.44879961,-12.301116,19.19094,1.65798223,0.6332224,0.522711456,1.84516752,-1.82282007,-0.2710447,-0.24869734,0.274014115,0.274014115,9.012953,71.02347,0,1,0.6280067,21.1285858,41.6326752,0,-20.50409,-1.05850077,0,False,False,False,False,False,25.9355049,
5.066667,5.08333349,435.873383,-31.26708,-35.679348,-42.5289764,4.158199,-1.32475066,-11.6483812,39.0290871,266.2417,0.8703613,132,133,-2.446077,-11.9768476,19.4562187,1.36065352,0.6061005,0.5843276,1.79652727,-1.76886368,-0.2317616,-0.204098031,0.380229533,0.380229533,8.411839,70.74139,0,1,0.87145555,21.5280113,40.3188324,0,-18.7908211,-0.71421,0,False,False,False,False,False,26.1213551,
5.08333349,5.10000038,435.273163,-31.9791336,-36.0125732,-42.7232475,4.13697052,-1.27368844,-11.3160143,37.8127937,267.1062,0.864501953,133,133,-2.44355345,-11.6483812,19.691864,1.06253207,0.5788691,0.644337952,1.74725723,-1.70985186,-0.196785241,-0.15937981,0.484958142,0.484958142,7.83015776,70.74139,0,1,1.111512,21.888,39.0291443,0,-17.1411438,-0.38246876,0,False,False,False,False,False,26.266016,
5.10000038,5.116667,434.66748,-32.69455,-36.34101,-42.9250374,4.116593,-1.22266877,-10.9795933,36.6164932,267.969727,0.8635254,133,134,-2.44121933,-11.3160143,19.9425716,0.7889914,0.5515541,0.700833142,1.69740224,-1.649911,-0.165839836,-0.11834871,0.5824844,0.5824844,7.26861,70.4581757,0,1,1.33507681,22.2452946,37.8128357,0,-15.5675411,-0.07588716,0,False,False,False,False,False,26.4150333,
5.116667,5.13333368,434.0564,-33.41345,-36.6647072,-43.13394,4.0970645,-1.17169154,-10.6396389,35.4976,268.838623,0.8688965,134,134,-2.43906665,-10.9795933,20.1599464,0.5075812,0.523987532,0.7585387,1.646939,-1.58453417,-0.138542086,-0.07613718,0.682401538,0.682401538,6.727885,70.17382,0,1,1.5641433,22.56895,36.6165466,0,-14.047596,0.227827787,0,False,False,False,False,False,26.5262985,
5.13333368,5.15,433.44,-34.13594,-36.9837265,-43.349575,4.07838535,-1.12075686,-10.2958689,34.4273643,269.7124,0.8737793,134,134,-2.4370873,-10.6396389,20.3966866,0.245117024,0.496183276,0.8151083,1.595946,-1.51807427,-0.114639178,-0.0367675535,0.778340757,0.778340757,6.20851231,70.17382,0,1,1.78411388,22.902338,35.49765,0,-12.5953121,0.5145455,0,False,False,False,False,False,26.6525555,
5.15,5.166667,432.818359,-34.862133,-37.2981567,-43.5715561,4.0605545,-1.06986463,-9.948715,33.3731232,270.582764,0.8703613,134,135,-2.43527222,-10.2958689,20.6267948,-0.0175026264,0.4679833,0.873306453,1.54438043,-1.44794941,-0.0938055962,0.00262539415,0.875931859,0.875931859,5.710929,69.8883057,0,1,2.00789881,23.2301121,34.4274,0,-11.1972866,0.797546148,0,False,False,False,False,False,26.7718182,
5.166667,5.1833334,432.191559,-35.5921249,-37.6080933,-43.7995148,4.043571,-1.01901484,-9.598089,32.40004,271.463135,0.8803711,135,135,-2.43361354,-9.948715,20.8200722,-0.2906261,0.439587325,0.925075054,1.49230731,-1.372836,-0.07587739,0.043593917,0.968669,0.968669,5.235532,69.6016159,0,1,2.22058153,23.5052185,33.3731537,0,-9.867935,1.062288,0,False,False,False,False,False,26.83354,
5.1833334,5.20000029,431.559662,-36.32601,-37.9136543,-44.0330925,4.02743435,-0.9682073,-9.244228,31.4405346,272.361084,0.8979492,135,136,-2.432103,-9.598089,21.0373611,-0.5546583,0.410701722,0.975895762,1.43971348,-1.29601216,-0.0605025776,0.08319875,1.05909455,1.05909455,4.78255033,69.6016159,0,1,2.42799258,23.7991924,32.40007,0,-8.600878,1.31502867,0,False,False,False,False,False,26.91602,
5.20000029,5.216667,430.92276,-37.0638771,-38.2149734,-44.27194,4.01214361,-0.917442143,-8.887221,30.56444,273.290527,0.929443359,136,136,-2.430732,-9.244228,21.2156715,-0.84707576,0.380916655,1.03109956,1.38663435,-1.21221042,-0.0473624952,0.127061367,1.15816092,1.15816092,4.35224533,69.31374,0,1,2.65525961,24.070055,31.440567,0,-7.370512,1.58124125,0,False,False,False,False,False,26.9645061,
5.216667,5.23333359,430.280884,-37.8058052,-38.5122,-44.51571,3.99769831,-0.866719246,-8.527036,29.6985912,274.215576,0.9250488,136,137,-2.42949224,-8.887221,21.4210339,-1.1521337,0.3498295,1.09183657,1.33308327,-1.12405646,-0.03620673,0.172820061,1.26465666,1.26465666,3.944711,69.31374,0,1,2.8996172,24.385458,30.5644684,0,-6.17901039,1.85863328,0,False,False,False,False,False,27.0521,
5.23333359,5.25000048,429.634125,-38.5518723,-38.8054848,-44.7640762,3.984602,-0.785773933,-8.164058,28.9482269,275.1433,0.9277344,137,137,-2.428376,-8.527036,21.5843983,-1.49971414,0.317272633,1.15101039,1.27905536,-1.02722085,-0.0268773977,0.224957123,1.3759675,1.3759675,3.560088,69.02467,0,1,3.1550796,24.6666756,29.6986389,0,-5.03196335,2.14148974,1,False,False,False,False,False,27.0897045,
5.25000048,5.266667,428.982544,-39.3021469,-39.0951462,-45.0165634,3.97285366,-0.7048961,-7.798028,28.2347546,276.0691,0.92578125,137,138,-2.427375,-8.164058,21.7788086,-1.4859246,0.3,1.20550168,1.22460866,-0.980046451,-0.0216735434,0.2228887,1.42839038,1.42839038,3.21089482,68.73438,0,1,3.27541351,24.8443527,28.9482727,0,-4.10392,1.79220414,1,False,False,False,False,False,27.14715,
5.266667,5.283334,428.326172,-40.05669,-39.38151,-45.2727,3.961948,-0.65435034,-7.42943,27.6099014,276.995361,0.926269531,138,138,-2.426478,-7.798028,21.9293957,-1.088838,0.3,1.26037991,1.1697042,-0.9868229,-0.0195556562,0.1633257,1.42370558,1.42370558,2.89713383,68.73438,0,1,3.26465917,24.8446617,28.2348022,0,-3.39014053,1.35469973,0,False,False,False,False,False,27.1581516,
5.283334,5.3,427.6651,-40.81556,-39.6647758,-45.5321922,3.95188379,-0.6038467,-7.05785656,26.9892483,277.927734,0.932373047,138,139,-2.42567372,-7.42943,22.1144638,-0.6778131,0.3,1.31258714,1.11441457,-0.9951509,-0.0175916255,0.101671971,1.41425908,1.41425908,2.60616636,68.44286,0,1,3.24297428,24.8690586,27.6099548,0,-2.74089622,1.34786785,0,False,False,False,False,False,27.1971359,
5.3,5.316667,426.999359,-41.578804,-39.94515,-45.794754,3.94266081,-0.5533852,-6.68404055,26.46081,278.8474,0.919677734,139,139,-2.42495465,-7.05785656,22.252367,-0.276940227,0.3,1.36608052,1.05867851,-1.0013566,-0.0157808959,0.0415410362,1.4076215,1.4076215,2.33791018,68.15009,0,1,3.227738,24.8509979,26.9893036,0,-2.13830566,1.34366274,0,False,False,False,False,False,27.18915,
5.316667,5.33333349,426.328979,-42.3464737,-40.22285,-46.0600967,3.934278,-0.5029657,-6.307317,25.98051,279.778564,0.931152344,139,139,-2.424314,-6.68404055,22.4293861,0.138928428,0.3,1.42055774,1.00260615,-1.0093224,-0.0141229313,-0.0208392646,1.39971852,1.39971852,2.09228587,68.15009,0,1,3.20959687,24.8695545,26.4608612,0,-1.59130669,1.33302391,0,False,False,False,False,False,27.2221737,
5.33333349,5.35000038,425.654022,-43.1186066,-40.4980965,-46.32795,3.926735,-0.4525882,-5.9284296,25.5020752,280.726074,0.947509766,139,140,-2.423744,-6.307317,22.6029644,0.557685852,0.3,1.47656918,0.946097553,-1.01713347,-0.0126169538,-0.0836528838,1.39291632,1.39291632,1.869178,67.8560638,0,1,3.193983,24.88661,25.9805756,0,-1.09396553,1.3217628,0,False,False,False,False,False,27.2536983,
5.35000038,5.366667,424.974518,-43.89524,-40.7711143,-46.5980453,3.92003059,-0.4022527,-5.546869,25.1179447,281.6875,0.9614258,140,140,-2.4232378,-5.9284296,22.7272415,0.964822948,0.3,1.53495276,0.889264464,-1.02272594,-0.0112619782,-0.144723445,1.39022934,1.39022934,1.668441,67.56075,0,1,3.18781543,24.8632,25.5021362,0,-0.638937,1.31710351,0,False,False,False,False,False,27.2400246,
5.366667,5.38333368,424.2905,-44.67641,-41.04214,-46.8701172,3.91416454,-0.351959139,-5.16316175,24.7335815,282.660645,0.973144531,140,141,-2.422789,-5.546869,22.89454,1.38854289,0.3,1.59516335,0.832030356,-1.03025436,-0.0100573711,-0.208281443,1.386882,1.386882,1.4899807,67.56075,0,1,3.18013215,24.8812122,25.1180115,0,-0.23679924,1.30834615,0,False,False,False,False,False,27.2725754,
5.38333368,5.4,423.601959,-45.4621429,-41.3114166,-47.1439056,3.909136,-0.3017075,-4.77695227,24.44547,283.6477,0.987060547,141,141,-2.4223907,-5.16316175,23.0105457,1.80001473,0.3,1.65354621,0.7744743,-1.03547466,-0.009001872,-0.270002216,1.383544,1.383544,1.33361042,67.2641449,0,1,3.17247,24.848114,24.7336273,0,0.1144867,1.2974081,0,False,False,False,False,False,27.2490425,
5.4,5.416667,422.908966,-46.2524643,-41.57918,-47.4191628,3.90494442,-0.251497746,-4.388666,24.1555939,284.6289,0.9812012,141,142,-2.42203641,-4.77695227,23.17279,2.22885,0.3,1.71241009,0.71654284,-1.04277563,-0.00809469353,-0.3343275,1.37808263,1.37808263,1.19921374,66.9662247,0,1,3.15993452,24.8558884,24.4455414,0,0.410346985,1.2795949,0,False,False,False,False,False,27.2715,
5.416667,5.4333334,422.211548,-47.04739,-41.84568,-47.6956329,3.901589,-0.201329812,-3.99799967,23.9633369,285.6172,0.98828125,142,142,-2.42171979,-4.388666,23.2822742,2.64491463,0.3,1.768906,0.6582999,-1.04770243,-0.00733473152,-0.396737218,1.37216878,1.37216878,1.08662677,66.9662247,0,1,3.1463604,24.8107433,24.1556549,0,0.6550884,1.25909209,0,False,False,False,False,False,27.2359066,
5.4333334,5.45000029,421.5097,-47.8469429,-42.1111565,-47.9730759,3.89906883,-0.1512037,-3.60532475,23.76699,286.6006,0.983398438,142,143,-2.42143416,-3.99799967,23.4407024,3.079017,0.3,1.82535648,0.5997,-1.05483174,-0.00672083441,-0.461852551,1.36350393,1.36350393,0.995679,66.66698,0,1,3.12647223,24.8072128,23.9633942,0,0.843818665,1.23088682,0,False,False,False,False,False,27.2473145,
5.45000029,5.466667,420.803436,-48.65113,-42.3758659,-48.2512436,3.89738345,-0.101119369,-3.21032047,23.6704254,287.5901,0.989501953,143,143,-2.42117453,-3.60532475,23.544054,3.499573,0.3,1.88182485,0.5407987,-1.05948257,-0.00625217753,-0.524935961,1.35688889,1.35688889,0.926248431,66.36637,0,1,3.11128926,24.7549515,23.7670288,0,0.9879226,1.206244,0,False,False,False,False,False,27.2046337,
5.466667,5.48333359,420.092773,-49.45996,-42.64006,-48.5298958,3.896532,-0.0510767661,-2.81337762,23.56595,288.575928,0.985839844,143,144,-2.42093444,-3.21032047,23.69991,3.93916845,0.3,1.93910325,0.4815481,-1.066496,-0.005927377,-0.590875268,1.348228,1.348228,0.8781298,66.36637,0,1,3.09141064,24.7488365,23.6704712,0,1.07836533,1.17600811,0,False,False,False,False,False,27.2138538,
5.48333359,5.50000048,419.377716,-50.27344,-42.90399,-48.8088,3.89651418,-0.0010758643,-2.41418672,23.5649261,289.567139,0.991210938,144,144,-2.4207077,-2.81337762,23.79675,4.363951,0.3,1.99550951,0.422006667,-1.07085383,-0.005745565,-0.6545927,1.34091687,1.34091687,0.851194739,66.06441,0,1,3.0746305,24.6893463,23.56601,0,1.12333679,1.14824939,0,False,False,False,False,False,27.1639252,
5.50000048,5.516667,418.658264,-51.09157,-43.16791,-49.0877151,3.89651418,0,-2.01307917,23.5084229,290.57666,1.00952148,144,145,-2.42048955,-2.41418672,23.9512825,4.809237,0.3,2.052135,0.362128019,-1.07780778,-0.005705771,-0.7213856,1.33074939,1.33074939,0.8452993,65.761055,0,1,3.051295,24.6785069,23.5649719,0,1.11353493,1.113546,0,False,False,False,False,False,27.168932,
5.516667,5.533334,417.9344,-51.91435,-43.4318275,-49.3666344,3.89651418,0,-1.60975373,23.5084229,291.602783,1.026123,145,145,-2.420274,-2.01307917,24.045866,5.23847675,0.3,2.111056,0.3019619,-1.082064,-0.00566938939,-0.785771549,1.32528448,1.32528448,0.839909434,65.45629,0,1,3.03875279,24.6218071,23.5084686,0,1.11333847,1.11333847,0,False,False,False,False,False,27.1219063,
5.533334,5.55,417.206116,-52.7417755,-43.6957359,-49.6455574,3.89651418,0,-1.2045244,23.4520111,292.638184,1.03540039,145,146,-2.42006135,-1.60975373,24.2000332,5.68781328,0.3,2.17193556,0.241463065,-1.08900154,-0.005633547,-0.853172,1.31876349,1.31876349,0.834599435,65.45629,0,1,3.02378678,24.6190319,23.5084686,0,1.11056328,1.11056328,0,False,False,False,False,False,27.1349754,
5.55,5.566667,416.47345,-53.57385,-43.95964,-49.9244843,3.89651418,0,-0.797069,23.4520111,293.68335,1.045166,146,146,-2.419851,-1.2045244,24.293644,6.12088966,0.3,2.23550582,0.180678666,-1.093214,-0.00559806265,-0.9181335,1.31737232,1.31737232,0.829342544,65.15011,0,1,3.020594,24.5714817,23.4520569,0,1.11942482,1.11942482,0,False,False,False,False,False,27.0970325,
5.566667,5.58333349,415.7364,-54.4105721,-44.22354,-50.20342,3.89651418,0,-0.38788256,23.3912811,294.718262,1.03491211,146,147,-2.4196434,-0.797069,24.4474525,6.574254,0.3,2.30110264,0.119560353,-1.10013545,-0.005563028,-0.986138165,1.31496453,1.31496453,0.824152231,64.8424759,0,1,3.015068,24.5778427,23.4520569,0,1.12578583,1.12578583,0,False,False,False,False,False,27.11923,
5.58333349,5.60000038,414.994934,-55.2519455,-44.48744,-50.482357,3.89785123,0.08022302,0.0235895328,23.4678879,295.755127,1.03686523,147,147,-2.41943812,-0.38788256,24.5352936,24.5569248,1,2.36203861,0.0581823848,-3.68029428,-0.061427135,-3.683539,-1.3215003,-1.3215003,0.819028437,64.8424759,2,1,176.96994,178,23.3913269,0,154.608673,154.608673,1,False,True,False,False,False,178,
5.60000038,5.616667,414.249084,-56.09796,-44.75173,-50.7609138,3.90052414,0.160379186,0.436689168,23.5599232,296.8003,1.045166,147,148,-2.41923523,0.0235895328,24.6887188,25.13599,1,2.42234969,-0.00353843,-3.70330787,-0.06355216,-3.77039862,-1.34804893,-1.34804893,0.8473621,64.53338,2,1,176.909012,178,23.4679413,0,154.532059,154.4706,1,False,False,False,False,False,178,
5.616667,5.63333368,413.4988,-56.94861,-45.01683,-51.03871,3.904532,0.240468562,0.8521823,23.7895546,297.8518,1.05151367,148,148,-2.41902661,0.436689168,24.775486,25.6666431,1,2.48638248,-0.06550338,-3.71632314,-0.06817022,-3.84999657,-1.36361408,-1.36361408,0.908936262,64.22279,2,1,176.873276,178,23.559967,0,154.440033,154.194412,1,False,False,False,False,False,178,
5.63333368,5.65,412.74408,-57.8038635,-45.28313,-51.3153648,3.90987349,0.3204912,1.26916873,24.0312557,298.902344,1.05053711,148,149,-2.41880417,0.8521823,24.9300537,26.283987,1,2.55210829,-0.127827361,-3.73950815,-0.07526268,-3.942598,-1.39048982,-1.39048982,1.00350237,63.9106941,2,1,176.8116,178,23.7896118,0,154.210388,153.658188,1,False,False,False,False,False,178,
5.65,5.666667,411.9849,-58.6637039,-45.55103,-51.59048,3.91654754,0.40044713,1.68868077,24.34845,299.959473,1.05712891,149,150,-2.41856,1.26916873,25.01462,26.8491974,1,2.612228,-0.190375313,-3.75219321,-0.08481138,-4.02738,-1.41515207,-1.41515207,1.13081837,63.9106941,2,1,176.75499,178,24.031311,0,153.968689,152.987839,1,False,False,False,False,False,178,
5.666667,5.6833334,411.221222,-59.5281,-45.82091,-51.8636627,3.92455316,0.480336457,2.10964942,24.8071384,301.035645,1.07617188,150,150,-2.41828632,1.68868077,25.0994244,27.4334221,1,2.67322087,-0.253302127,-3.7649138,-0.09679749,-4.1150136,-1.44179273,-1.44179273,1.29063308,63.597065,2,1,176.693832,178,24.3484955,0,153.6515,152.1202,1,False,False,False,False,False,178,
5.6833334,5.70000029,410.453,-60.397007,-46.09316,-52.13451,3.93388915,0.5601592,2.53313923,25.2763939,302.122559,1.08691406,150,151,-2.41797566,2.10964942,25.2592735,28.1102848,1,2.74389029,-0.316447437,-3.788891,-0.111204244,-4.21654272,-1.47265244,-1.47265244,1.48272324,63.2818832,2,1,176.622986,178,24.80719,0,153.19281,150.989563,1,False,False,False,False,False,178,
5.70000029,5.716667,409.6802,-61.2703857,-46.368145,-52.402607,3.94455433,0.6399154,2.95834947,25.8874645,303.2224,1.09985352,151,151,-2.41762066,2.53313923,25.347887,28.734417,1,2.81487441,-0.3799709,-3.80218315,-0.128008723,-4.31016254,-1.49528813,-1.49528813,1.70678294,63.2818832,2,1,176.571,178,25.2764435,0,152.723557,149.727188,1,False,False,False,False,False,178,
5.716667,5.73333359,408.902771,-62.14818,-46.64622,-52.6675377,3.95654774,0.719605148,3.38594031,26.5065975,304.3291,1.10668945,151,152,-2.41721439,2.95834947,25.513876,29.4535084,1,2.88216949,-0.443752438,-3.82708144,-0.147192463,-4.41802645,-1.535857,-1.535857,1.962566,62.965126,2,1,176.477875,178,25.8875122,0,152.112488,148.202148,1,False,False,False,False,False,178,
5.73333359,5.75000048,408.120636,-63.0303268,-46.9277344,-52.9288635,3.96986818,0.7992285,3.815625,27.2698021,305.4331,1.10400391,152,152,-2.41674948,3.38594031,25.606081,30.1168957,1,2.95260453,-0.507891059,-3.84091234,-0.168731034,-4.51753473,-1.5649302,-1.5649302,2.249747,62.6467667,2,1,176.411118,178,26.5066528,0,151.493347,146.548416,1,False,False,False,False,False,178,
5.75000048,5.766667,407.33374,-63.9167633,-47.2130127,-53.1861343,3.98451471,0.8787855,4.24751568,28.0402145,306.5437,1.1105957,152,153,-2.41621971,3.815625,25.78012,30.8797569,1,3.027329,-0.572343767,-3.86701822,-0.1926017,-4.63196373,-1.60463476,-1.60463476,2.56802249,62.32678,2,1,176.319931,178,27.2698517,0,150.730148,144.630371,1,False,False,False,False,False,178,
5.766667,5.783334,406.542023,-64.80741,-47.50237,-53.4388962,4.000486,0.9582762,4.6819396,28.9552956,307.6521,1.10839844,153,153,-2.41561818,4.24751568,25.879591,31.5856266,1,3.09944177,-0.6371274,-3.8819387,-0.21877788,-4.737844,-1.63840222,-1.63840222,2.9170382,62.32678,2,1,176.242386,178,28.0402679,0,149.959732,142.585144,1,False,False,False,False,False,178,
5.783334,5.8,405.745422,-65.70219,-47.796093,-53.6866722,4.017781,1.03770065,5.11843729,29.8747311,308.766846,1.11474609,153,154,-2.41493845,4.6819396,26.0635433,32.39366,1,3.16934967,-0.702290952,-3.90953159,-0.247226611,-4.85904932,-1.68969965,-1.68969965,3.29635477,62.00514,2,1,176.124542,178,28.9553528,0,149.044647,140.275589,1,False,False,False,False,False,178,
5.8,5.816667,404.943848,-66.6010056,-48.0944557,-53.9289665,4.03639841,1.11705887,5.55785227,30.9414425,309.879639,1.112793,154,154,-2.4141748,5.11843729,26.16982,33.141037,1,3.24466372,-0.767765641,-3.92547321,-0.277917,-4.97115564,-1.72649193,-1.72649193,3.70556,61.6818237,2,1,176.040024,178,29.8747864,0,148.125214,137.8423,1,False,False,False,False,False,178,
5.816667,5.83333349,404.1372,-67.50376,-48.3977,-54.16528,4.056338,1.196351,5.99925041,32.0102043,311.0061,1.12646484,154,155,-2.4133203,5.55785227,26.3654346,33.99535,1,3.32224441,-0.8336779,-3.95481539,-0.3108097,-5.099303,-1.77705836,-1.77705836,4.14412928,61.3568039,2,1,175.923843,178,30.9414978,0,147.0585,135.142685,1,False,False,False,False,False,178,
5.83333349,5.85000038,403.325439,-68.41035,-48.70606,-54.39508,4.07759762,1.27557707,6.44378376,33.15384,312.143555,1.13745117,155,156,-2.41237,5.99925041,26.4807377,34.7857361,1,3.39638972,-0.8998876,-3.97211075,-0.3458621,-5.2178607,-1.821471,-1.821471,4.61149454,61.3568039,2,1,175.821808,178,32.0102539,0,145.989746,132.322266,1,False,False,False,False,False,178,
5.85000038,5.866667,402.508453,-69.32064,-49.0197144,-54.61783,4.10017633,1.35473716,6.890753,34.447506,313.296631,1.15307617,156,156,-2.41131759,6.44378376,26.6013031,35.5986137,1,3.4714973,-0.9665676,-3.99019551,-0.3830289,-5.33979225,-1.868295,-1.868295,5.107052,61.0300522,2,1,175.7142,178,33.1538849,0,144.846115,129.308487,1,False,False,False,False,False,178,
5.866667,5.88333368,401.686127,-70.23452,-49.3388329,-54.83297,4.12407351,1.43383121,7.34073067,35.741745,314.46167,1.16503906,156,157,-2.4101584,6.890753,26.8172245,36.52299,1,3.54754782,-1.033613,-4.022584,-0.422252238,-5.478449,-1.930901,-1.930901,5.63002968,60.7015457,2,1,175.5703,178,34.4475555,0,143.552444,126.0265,1,False,False,False,False,False,178,
5.88333368,5.9,400.8584,-71.1518555,-49.66354,-55.0399246,4.1492877,1.51285934,7.793783,37.1864128,315.619141,1.1574707,157,157,-2.40888667,7.34073067,26.9511032,37.3816528,1,3.62601757,-1.10110962,-4.04266548,-0.463473082,-5.60724831,-1.98123074,-1.98123074,6.179641,60.37125,2,1,175.4546,178,35.74179,0,142.258209,122.626076,1,False,False,False,False,False,178,
5.9,5.916667,400.025177,-72.07249,-49.99393,-55.2381,4.175818,1.59182167,8.24963,38.62836,316.779053,1.15991211,157,158,-2.40749812,7.793783,27.1824989,38.35378,1,3.70638752,-1.1690675,-4.077375,-0.5066244,-5.753067,-2.0466795,-2.0466795,6.75499153,60.37125,2,1,175.304108,178,37.1864624,0,140.813538,118.957649,1,False,False,False,False,False,178,
5.916667,5.933334,399.18634,-72.99627,-50.33006,-55.4268875,4.20366335,1.67071819,8.709215,40.1446228,317.94043,1.161377,158,159,-2.405988,8.24963,27.3278236,39.2549744,1,3.78875065,-1.23744452,-4.09917355,-0.5516284,-5.88824654,-2.099496,-2.099496,7.355045,60.039135,2,1,175.182648,178,38.6284027,0,139.3716,115.174667,1,False,False,False,False,False,178,
5.933334,5.95000029,398.3418,-73.92303,-50.671936,-55.60566,4.23282242,1.74954891,9.171483,41.8153152,319.1018,1.161377,159,159,-2.404351,8.709215,27.4796982,40.1782455,1,3.87229824,-1.3063823,-4.121955,-0.598400056,-6.026737,-2.154439,-2.154439,7.97866726,59.7051735,2,1,175.056259,178,40.14467,0,137.855331,111.200394,1,False,False,False,False,False,178,
5.95000029,5.966667,397.4915,-74.85259,-51.0195274,-55.77378,4.263294,1.828314,9.63765049,43.47954,320.2798,1.17797852,159,160,-2.402584,9.171483,27.7362747,41.22005,1,3.95423484,-1.37572253,-4.1604414,-0.64684397,-6.18300772,-2.22877288,-2.22877288,8.624586,59.36933,2,1,174.885254,178,41.8153534,0,136.184647,106.955,1,False,False,False,False,False,178,
5.966667,5.98333359,396.635284,-75.78477,-51.372757,-55.9305954,4.295078,1.90701342,10.1072521,45.3006058,321.4453,1.16552734,160,160,-2.4006834,9.63765049,27.9018478,42.1852036,1,4.03741932,-1.4456476,-4.18527746,-0.6968558,-6.32778072,-2.2903614,-2.2903614,9.29141,59.36933,2,1,174.743515,178,43.4795837,0,134.520416,102.59967,1,False,False,False,False,False,178,
5.98333359,6.00000048,395.7731,-76.71936,-51.7314949,-56.0754356,4.32817173,1.9856472,10.5806,47.1159363,322.639648,1.19433594,160,161,-2.39864516,10.1072521,28.17642,43.2724571,1,4.12065172,-1.51608789,-4.22646332,-0.74831754,-6.490869,-2.37021732,-2.37021732,9.977567,59.03158,2,1,174.5597,178,45.3006439,0,132.699356,97.9714355,1,False,False,False,False,False,178,
6.00000048,6.016667,394.904846,-77.65615,-52.0955544,-56.207634,4.36257553,2.06421542,11.0581312,49.0871277,323.830322,1.19067383,161,161,-2.39646649,10.5806,28.3605175,44.2817879,1,4.20680666,-1.58709,-4.254078,-0.8011006,-6.64226866,-2.435462,-2.435462,10.6813412,58.6918869,2,1,174.40947,178,47.1159821,0,130.884018,93.2331,1,False,False,False,False,False,178,
6.016667,6.033334,394.030426,-78.5949249,-52.4647,-56.3265038,4.3982873,2.14271832,11.5390987,51.0486374,325.0454,1.21508789,161,162,-2.39414454,11.0581312,28.653595,45.41216,1,4.2941227,-1.65871978,-4.29803944,-0.855065167,-6.81182432,-2.51770163,-2.51770163,11.4008684,58.3502159,2,1,174.220062,178,49.0871735,0,128.912827,88.22342,1,False,False,False,False,False,178,
6.033334,6.05,393.14978,-79.5354462,-52.83863,-56.43137,4.43530655,2.22115564,12.0246611,53.085,326.2649,1.21948242,162,163,-2.391677,11.5390987,28.8508015,46.4569435,1,4.379357,-1.73086488,-4.32762051,-0.9100565,-6.96854162,-2.58918476,-2.58918476,12.1340857,58.00653,2,1,174.055374,178,51.0486755,0,126.951317,83.10819,1,False,False,False,False,False,178,
6.05,6.066667,392.262817,-80.47747,-53.21699,-56.52154,4.473632,2.29952765,12.5143023,55.2808762,327.4673,1.20239258,163,163,-2.38906217,12.0246611,29.0566578,47.5207,1,4.46692562,-1.80369925,-4.358499,-0.965907037,-7.128105,-2.66117954,-2.66117954,12.87876,58.00653,2,1,173.889465,178,53.0850372,0,124.91497,77.80321,1,False,False,False,False,False,178,
6.066667,6.08333349,391.3695,-81.4207458,-53.5993538,-56.59634,4.51326227,2.37783432,13.0082569,57.4649239,328.6897,1.22241211,163,164,-2.38629842,12.5143023,29.3774223,48.70795,1,4.55938,-1.87714541,-4.40661335,-1.02243412,-7.306193,-2.74681282,-2.74681282,13.6324539,57.6608,2,1,173.692047,178,55.2809143,0,122.719086,72.22405,1,False,False,False,False,False,178,
6.08333349,6.10000038,390.469757,-82.365,-53.98523,-56.6550865,4.554197,2.456076,13.5071859,59.8103027,329.894775,1.20507813,164,164,-2.3833847,13.0082569,29.59844,49.8029671,1,4.650432,-1.95123863,-4.43976641,-1.07944036,-7.470445,-2.820013,-2.820013,14.3925371,57.3129845,2,1,173.523224,178,57.4649658,0,120.535042,66.5424042,1,False,False,False,False,False,178,
6.10000038,6.116667,389.563538,-83.30995,-54.37406,-56.6971245,4.59643459,2.53425217,14.0100889,62.14235,331.119629,1.22485352,164,165,-2.38032079,13.5071859,29.9372082,51.0224762,1,4.73928547,-2.026078,-4.49058151,-1.13671255,-7.653372,-2.91408634,-2.91408634,15.1561661,56.9630432,2,1,173.306183,178,59.8103333,0,118.189667,60.5853577,1,False,False,False,False,False,178,
6.116667,6.13333368,388.6508,-84.25532,-54.7652168,-56.7218056,4.639974,2.61236334,14.5182,64.54483,332.348877,1.229248,165,166,-2.37710643,14.0100889,30.173418,52.1436462,1,4.83578348,-2.10151339,-4.526013,-1.194021,-7.821547,-2.98576355,-2.98576355,15.9202785,56.9630432,2,1,173.140762,178,62.14238,0,115.85762,54.52789,1,False,False,False,False,False,178,
6.13333368,6.15,387.731476,-85.20079,-55.1579933,-56.728508,4.68214035,2.52996325,15.0311623,66.96078,333.556152,1.20727539,166,166,-2.37374258,14.5182,30.41218,53.2712021,1,4.92975235,-2.17773,-4.561827,-1.25112343,-7.99068069,-3.06092834,-3.06092834,16.6816444,56.61094,2,-1,-172.967239,-150.278839,64.54489,0,-214.82373,-279.99234,-1,True,False,False,False,False,178,
6.15,6.166667,386.8056,-86.14609,-55.55159,-56.7177467,4.72293425,2.44763184,15.54889,69.20654,334.803467,1.24731445,166,167,-2.3702302,15.0311623,30.7756748,54.50121,1,5.01751328,-2.25467443,-4.6163516,-1.30415583,-8.175181,-3.157668,-3.157668,17.3887444,56.25663,2,-1,-172.743774,-149.854126,66.9608154,0,-216.814941,-277.937256,-1,False,False,False,False,False,-150.765442,
6.166667,6.183334,385.873169,-87.09092,-55.9452667,-56.69008,4.762357,2.365369,16.0721264,71.3723145,336.05957,1.25610352,167,168,-2.36658144,15.54889,31.0295429,55.600338,1,5.11041,-2.33233356,-4.654432,-1.35328567,-8.340051,-3.22964048,-3.22964048,18.043808,55.9000778,2,-1,-172.577484,-149.570328,69.206604,0,-218.776932,-275.9858,-1,False,False,False,False,False,-150.612778,
6.183334,6.20000029,384.9342,-88.03502,-56.3383522,-56.64608,4.80041027,2.283175,16.59991,73.55259,337.288574,1.22900391,168,168,-2.362807,16.0721264,31.2873325,56.68399,1,5.20461369,-2.410819,-4.6931,-1.39868009,-8.502599,-3.297985,-3.297985,18.6490669,55.9000778,2,-1,-172.419479,-149.289078,71.37236,0,-220.661438,-274.089478,-1,False,False,False,False,False,-150.4533,
6.20000029,6.216667,383.9887,-88.97813,-56.7302551,-56.5863571,4.83709431,2.20104933,17.13316,75.5594254,338.545654,1.25708008,168,169,-2.35891819,16.59991,31.6692085,57.8725624,1,5.29556274,-2.48998666,-4.75038147,-1.44051647,-8.680884,-3.38532162,-3.38532162,19.2068863,55.5412369,2,-1,-172.217514,-148.864288,73.55263,0,-222.416916,-272.19632,-1,False,False,False,False,False,-150.203308,
6.216667,6.23333359,383.0382,-89.91849,-57.03051,-56.421833,4.872411,2.118992,17.6710358,77.58291,339.7727,1.22705078,169,169,-2.35492468,17.13316,31.9339275,58.92693,1,5.389438,-2.569974,-4.790089,-1.47897625,-8.83904,-3.44960165,-3.44960165,19.7196827,55.18006,2,-1,-172.068787,-148.581757,75.55946,0,-224.14122,-270.4039,-1,False,False,False,False,False,-150.03746,
6.23333359,6.25000048,382.0839,-90.85474,-57.25922,-56.1749458,4.90636063,2.03700328,18.2121258,79.43042,341.0254,1.25268555,169,170,-2.3508296,17.6710358,32.27365,60.0395737,1,5.465977,-2.65065551,-4.841048,-1.51423275,-9.005937,-3.53995943,-3.53995943,20.18977,54.8165054,2,-1,-171.859665,-148.138,77.58296,0,-225.720963,-268.598541,-1,False,False,False,False,False,-149.812378,
6.25000048,6.266667,381.1257,-91.78677,-57.49206,-55.9221535,4.93894529,1.95508277,18.7575436,81.19831,342.2766,1.2512207,170,171,-2.346636,18.2121258,32.45216,60.9740257,1,5.53053141,-2.731819,-4.867824,-1.546461,-9.146104,-3.61557245,-3.61557245,20.6194782,54.8165054,2,-1,-171.68457,-147.820313,79.43048,0,-227.2508,-266.874481,-1,False,False,False,False,False,-149.7081,
6.266667,6.283334,380.163574,-92.71451,-57.72856,-55.66387,4.97016573,1.87323058,19.3067017,82.98711,343.491455,1.21484375,171,171,-2.34235334,18.7575436,32.6353,61.898468,1,5.594446,-2.81363153,-4.895295,-1.575844,-9.284771,-3.69032478,-3.69032478,21.0112534,54.4505234,2,-1,-171.511383,-147.500809,81.19835,0,-228.699158,-265.199921,-1,False,False,False,False,False,-149.603058,
6.283334,6.3,379.197449,-93.63785,-57.968277,-55.4005051,5.00002337,1.79144657,19.85978,84.59669,344.74,1.24853516,171,172,-2.33798814,19.3067017,32.9507561,62.94118,1,5.654801,-2.89600539,-4.9426136,-1.60255861,-9.441177,-3.78637648,-3.78637648,21.3674469,54.4505234,2,-1,-171.288742,-147.028061,82.98717,0,-230.015228,-263.523651,-1,False,False,False,False,False,-149.403717,
6.3,6.316667,378.227264,-94.5567245,-58.2107773,-55.132412,5.02851868,1.70973063,20.4174442,86.1266861,345.9895,1.24951172,172,173,-2.33354855,19.85978,33.1422462,63.8472176,1,5.7170763,-2.978967,-4.97133732,-1.626779,-9.577083,-3.86000633,-3.86000633,21.6903858,54.0820656,2,-1,-171.117981,-146.704071,84.5967255,0,-231.300812,-261.947174,-1,False,False,False,False,False,-149.2982,
6.316667,6.33333349,377.253,-95.4710541,-58.455677,-54.8599548,5.05565357,1.62808287,20.9785442,87.6814041,347.208984,1.21948242,173,173,-2.32904148,20.4174442,33.3366,64.74521,1,5.78004265,-3.06261683,-5.00049,-1.648674,-9.7117815,-3.93173885,-3.93173885,21.9823189,53.71108,2,-1,-170.951569,-146.38208,86.1267548,0,-232.50885,-260.423157,-1,False,False,False,False,False,-149.1903,
6.33333349,6.35000038,376.274628,-96.3807755,-58.70262,-54.5834579,5.08142853,1.54650307,21.54419,89.05307,348.458252,1.24926758,173,174,-2.32447314,20.9785442,33.6656952,65.76694,1,5.848934,-3.14678168,-5.04985428,-1.66840446,-9.865041,-4.01610661,-4.01610661,22.2453918,53.71108,2,-1,-170.755722,-145.924484,87.68144,0,-233.605911,-258.917816,-1,False,False,False,False,False,-148.963776,
6.35000038,6.366667,375.2921,-97.28583,-58.9512634,-54.30322,5.105845,1.46499133,22.1142044,90.45203,349.657471,1.19921875,174,174,-2.31984973,21.54419,33.8649368,66.64998,1,5.918417,-3.23162866,-5.07974052,-1.68612754,-9.997498,-4.07908058,-4.07908058,22.481699,53.337513,2,-1,-170.609451,-145.618454,89.0531158,0,-234.671555,-257.510345,-1,False,False,False,False,False,-148.839417,
6.366667,6.38333368,374.30542,-98.18615,-59.2012978,-54.019516,5.128904,1.38354754,22.68806,91.6661453,350.905029,1.24755859,174,175,-2.31517673,22.1142044,34.2007179,67.66152,1,5.9836874,-3.3171308,-5.130108,-1.70199,-10.149229,-4.16554165,-4.16554165,22.6932,53.337513,2,-1,-170.408554,-145.149811,90.45207,0,-235.601883,-256.0966,-1,False,False,False,False,False,-148.618317,
6.38333368,6.40000057,373.314545,-99.0816956,-59.45244,-53.7326279,5.15060663,1.30217159,23.2666969,92.8009949,352.1543,1.24926758,175,176,-2.31045938,22.68806,34.403904,68.5328445,1,6.05253124,-3.40320921,-5.160586,-1.71613181,-10.2799273,-4.227396,-4.227396,22.8817558,52.96131,2,-1,-170.26474,-144.842773,91.666214,0,-236.508987,-254.7883,-1,False,False,False,False,False,-148.494812,
6.40000057,6.416667,372.319458,-99.97241,-59.7044334,-53.4427872,5.170954,1.22086346,23.8492336,93.96683,353.355957,1.20166016,176,176,-2.30570245,23.2666969,34.607872,69.39913,1,6.1226,-3.49000478,-5.191181,-1.72868431,-10.40987,-4.28727,-4.28727,23.0491238,52.5824165,2,-1,-170.125488,-144.5396,92.8010559,0,-237.340668,-253.532944,-1,False,False,False,False,False,-148.369446,
6.416667,6.433334,371.32016,-100.858246,-59.9570274,-53.1502266,5.189948,1.139623,24.4362049,94.94367,354.601318,1.24536133,176,177,-2.30091023,23.8492336,34.9510231,70.39873,1,6.19339752,-3.57738519,-5.242654,-1.73977029,-10.55981,-4.366412,-4.366412,23.1969357,52.5824165,2,-1,-169.941345,-144.080872,93.96689,0,-238.047745,-252.281052,-1,False,False,False,False,False,-148.133072,
6.433334,6.45000029,370.31665,-101.739166,-60.21001,-52.8551559,5.207589,1.05845034,25.0279217,95.95443,355.7964,1.19506836,177,177,-2.296087,24.4362049,35.1558,71.2553558,1,6.26645136,-3.66543078,-5.27337027,-1.74950242,-10.6883039,-4.42185259,-4.42185259,23.3266983,52.20077,2,-1,-169.812271,-143.786865,94.9437256,0,-238.7306,-251.132675,-1,False,False,False,False,False,-148.0027,
6.45000029,6.466667,369.308929,-102.615128,-60.4631729,-52.5577774,5.22387838,0.9773453,25.6232338,96.77549,357.041016,1.24462891,177,178,-2.2912364,25.0279217,35.5021935,72.2500153,1,6.33628035,-3.7541883,-5.3253293,-1.75798547,-10.8375025,-4.501222,-4.501222,23.439806,51.8163147,2,-1,-169.6274,-143.324081,95.9545,0,-239.27858,-249.9768,-1,False,False,False,False,False,-147.7684,
6.466667,6.48333359,368.297,-103.4861,-60.71633,-52.25827,5.23881674,0.8963078,26.2235088,97.51636,358.2876,1.246582,178,179,-2.286362,25.6232338,35.7092056,73.1012,1,6.413737,-3.843485,-5.356381,-1.76531315,-10.9651794,-4.55144262,-4.55144262,23.537508,51.8163147,2,-1,-169.510361,-143.04,96.77554,0,-239.815536,-248.937073,-1,False,False,False,False,False,-147.628632,
6.48333359,6.50000048,367.280853,-104.352043,-60.96933,-51.9568138,5.25240564,0.8153379,26.8278751,98.2949448,359.482178,1.19458008,179,179,-2.281467,26.2235088,35.9141235,73.9481,1,6.491684,-3.93352652,-5.387119,-1.77157021,-11.0922146,-4.60053062,-4.60053062,23.6209354,51.4289856,2,-1,-169.395935,-142.760147,97.5164,0,-240.27655,-247.948135,-1,False,False,False,False,False,-147.491074,
6.50000048,6.516667,366.2605,-105.212936,-61.22199,-51.65356,5.264646,0.734435439,27.4364567,98.87829,360.7295,1.24731445,179,180,-2.27655435,26.8278751,36.2636871,74.93711,1,6.56609154,-4.02418137,-5.43955326,-1.7768321,-11.2405672,-4.67447567,-4.67447567,23.6910934,51.4289856,2,-1,-169.223465,-142.3062,98.295,0,-240.6012,-246.949341,-1,False,False,False,False,False,-147.247025,
6.516667,6.533334,365.235931,-106.068748,-61.47417,-51.34867,5.2755394,0.6536004,28.0499935,99.38267,361.97583,1.24633789,180,181,-2.271627,27.4364567,36.46686,75.77774,1,6.644781,-4.1154685,-5.47002935,-1.78116322,-11.3666611,-4.72188,-4.72188,23.7488422,51.0387154,2,-1,-169.112869,-142.031265,98.87834,0,-240.9096,-246.06044,-1,False,False,False,False,False,-147.111725,
6.533334,6.55,364.207184,-106.919456,-61.72575,-51.04229,5.28508663,0.5728327,28.6669712,99.92969,363.148438,1.17260742,181,181,-2.26668739,28.0499935,36.6685867,76.61604,1,6.72431,-4.207499,-5.500288,-1.784619,-11.4924068,-4.768097,-4.768097,23.7949181,50.64544,2,-1,-169.004974,-141.760132,99.38272,0,-241.142868,-245.22226,-1,False,False,False,False,False,-146.97728,
6.55,6.566667,363.174255,-107.76503,-61.9765778,-50.73455,5.29328871,0.492132336,29.2888241,100.276024,364.3855,1.23706055,181,182,-2.261738,28.6669712,37.0195045,77.60144,1,6.804871,-4.300046,-5.552926,-1.78724468,-11.6402168,-4.83534575,-4.83534575,23.8299274,50.64544,2,-1,-168.847931,-141.3195,99.92975,0,-241.249252,-244.382721,-1,False,False,False,False,False,-146.7213,
6.566667,6.58333349,362.137146,-108.605453,-62.2265549,-50.4256,5.300147,0.4114992,29.9149818,100.668976,365.5652,1.1796875,182,182,-2.25678134,29.2888241,37.2173233,78.43331,1,6.88781452,-4.393324,-5.58259869,-1.789075,-11.7649975,-4.877183,-4.877183,23.854332,50.2490845,2,-1,-168.750183,-141.061371,100.276077,0,-241.337448,-243.650223,-1,False,False,False,False,False,-146.584717,
6.58333349,6.60000038,361.0959,-109.440712,-62.47555,-50.1155548,5.30566263,0.330933273,30.5450878,100.861412,366.807129,1.24194336,182,183,-2.25181937,29.9149818,37.56817,79.41739,1,6.963753,-4.48724747,-5.6352253,-1.79013574,-11.9126091,-4.948856,-4.948856,23.868475,50.2490845,2,-1,-168.582642,-140.609528,100.669022,0,-241.278534,-242.895538,-1,False,False,False,False,False,-146.341843,
6.60000038,6.616667,360.0505,-110.27079,-62.7234726,-49.8045731,5.30983639,0.2504345,31.18008,100.97303,368.050781,1.24365234,183,184,-2.24685478,30.5450878,37.766304,80.24767,1,7.05115461,-4.58176327,-5.6649456,-1.79044259,-12.0371513,-4.98599672,-4.98599672,23.8725662,49.84958,2,-1,-168.4958,-140.361816,100.86145,0,-241.223267,-242.269073,-1,False,False,False,False,False,-146.197342,
6.616667,6.63333368,359.001,-111.095673,-62.9702,-49.4927635,5.31266975,0.170002773,31.818573,101.135368,369.224121,1.17333984,184,184,-2.241889,31.18008,37.9595833,81.0730057,1,7.1412735,-4.67701244,-5.693938,-1.79000139,-12.1609516,-5.019678,-5.019678,23.866684,49.446846,2,-1,-168.417023,-140.126038,100.9731,0,-241.099152,-241.698044,-1,False,False,False,False,False,-146.05217,
6.63333368,6.65000057,357.947418,-111.915344,-63.2156258,-49.1802673,5.31416368,0.0896380842,32.46169,101.092239,370.467529,1.2434082,184,185,-2.23692465,31.818573,38.3093872,82.0533447,1,7.22450447,-4.772786,-5.74640846,-1.78880751,-12.3080025,-5.083498,-5.083498,23.8507652,49.446846,2,-1,-168.26767,-139.692245,101.135422,0,-240.827667,-241.103653,-1,False,False,False,False,False,-145.796616,
6.65000057,6.666667,356.889771,-112.7298,-63.45966,-48.86724,5.314319,0.009340367,33.1091537,101.101143,371.636719,1.16918945,185,185,-2.23196316,32.46169,38.50058,82.8745956,1,7.314708,-4.86925364,-5.77508736,-1.78684866,-12.43119,-5.1164813,-5.1164813,23.8246479,49.0408058,2,-1,-168.19046,-139.459488,101.0923,0,-240.551773,-240.6285,-1,False,False,False,False,False,-145.6555,
6.666667,6.683334,355.828064,-113.539024,-63.7021751,-48.5538025,5.31313753,-0.0708904341,33.7602539,100.900642,372.880859,1.24414063,185,186,-2.22700763,33.1091537,38.84882,83.85198,1,7.401799,-4.96637344,-5.827323,-1.78410089,-12.5777979,-5.17599869,-5.17599869,23.7880116,49.0408058,2,-1,-168.051071,-139.036163,101.101212,0,-240.137375,-240.1382,-1,False,False,False,False,False,-145.394653,
6.683334,6.70000029,354.76236,-114.343025,-63.94309,-48.2401276,5.31062,-0.151054382,34.416153,100.6209,374.126465,1.24560547,186,187,-2.22206,33.7602539,39.0338173,84.66428,1,7.498025,-5.06403828,-5.855073,-1.78053236,-12.6996431,-5.201618,-5.201618,23.74043,48.6313744,2,-1,-167.991043,-138.82547,100.900696,0,-239.726181,-239.678177,-1,False,False,False,False,False,-145.247284,
6.70000029,6.716667,353.692657,-115.1418,-64.18227,-47.92636,5.30676746,-0.231151521,35.07547,100.400177,375.289063,1.16259766,187,187,-2.217122,34.416153,39.2148361,85.4716644,1,7.5954957,-5.162423,-5.88222551,-1.77610135,-12.82075,-5.22525454,-5.22525454,23.68135,48.2184677,2,-1,-167.935654,-138.622635,100.620956,0,-239.243576,-239.0257,-1,False,False,False,False,False,-145.101959,
6.716667,6.73333359,352.619,-115.935349,-64.4196,-47.6126823,5.301581,-0.3111819,35.73913,99.96663,376.5337,1.24462891,187,188,-2.21219683,35.07547,39.55981,86.44034,1,7.68692875,-5.26132059,-5.933972,-1.77075887,-12.9660511,-5.27912235,-5.27912235,23.610117,48.2184677,2,-1,-167.809372,-138.214157,100.400253,0,-238.61441,-238.1042,-1,False,False,False,False,False,-144.836945,
6.73333359,6.75000048,351.5414,-116.723671,-64.6549759,-47.2992744,5.29506159,-0.391145617,36.4070969,99.5931,377.69165,1.157959,188,188,-2.20728636,35.73913,39.7376175,87.23971,1,7.78902674,-5.36086941,-5.960643,-1.764444,-13.0859566,-5.29693,-5.29693,23.525919,47.8019943,2,-1,-167.767624,-138.027435,99.96669,0,-237.994125,-237.069427,-1,False,False,False,False,False,-144.686111,
6.75000048,6.766667,350.45993,-117.506775,-64.88825,-46.9863319,5.287211,-0.4710427,37.0783348,99.0013,378.927734,1.236084,188,189,-2.20239377,36.4070969,40.079422,88.2004547,1,7.887905,-5.461065,-6.011914,-1.75709045,-13.2300692,-5.342164,-5.342164,23.4278717,47.8019943,2,-1,-167.66153,-137.641022,99.5931549,0,-237.234161,-235.773163,-1,False,False,False,False,False,-144.408829,
6.766667,6.783334,349.3746,-118.284676,-65.11931,-46.67408,5.27803,-0.55087316,37.75422,98.3306,380.165771,1.23803711,189,190,-2.197522,37.0783348,40.24758,88.9834,1,7.993483,-5.56175041,-6.03713751,-1.74862254,-13.34751,-5.35402727,-5.35402727,23.3149662,47.38186,2,-1,-167.6337,-137.476044,99.00136,0,-236.4774,-234.3586,-1,False,False,False,False,False,-144.260422,
6.783334,6.8,348.285461,-119.057388,-65.34799,-46.36274,5.26751947,-0.6306371,38.4333344,97.72839,381.315918,1.15014648,190,190,-2.19267368,37.75422,40.4108849,89.75815,1,8.100078,-5.663133,-6.061633,-1.73895717,-13.4637232,-5.36364555,-5.36364555,23.1860943,46.9579659,2,-1,-167.61113,-137.320374,98.33066,0,-235.651031,-232.7532,-1,False,False,False,False,False,-144.1153,
6.8,6.816667,347.192566,-119.824928,-65.57416,-46.0525551,5.25568056,-0.7103346,39.1164131,96.90362,382.562744,1.24682617,190,191,-2.18785286,38.4333344,40.7466927,90.70005,1,8.201751,-5.76500034,-6.11200428,-1.72800326,-13.6050081,-5.40325737,-5.40325737,23.0400429,46.9579659,2,-1,-167.518158,-136.951187,97.7284546,0,-234.679642,-230.881866,-1,False,False,False,False,False,-143.839539,
6.816667,6.83333349,346.095947,-120.587326,-65.7976456,-45.7438126,5.24251461,-0.7899657,39.8036423,96.14926,383.708,1.14526367,191,191,-2.18306255,39.1164131,40.90374,91.4579,1,8.314312,-5.867462,-6.13556147,-1.71566284,-13.7186861,-5.404374,-5.404374,22.8755035,46.5302124,2,-1,-167.515549,-136.820557,96.90369,0,-233.724243,-228.9059,-1,False,False,False,False,False,-143.688263,
6.83333349,6.85000038,344.995636,-121.344604,-66.01827,-45.4367828,5.22802258,-0.8695304,40.49369,95.1681,384.95752,1.24951172,191,192,-2.17830682,39.8036423,41.23423,92.38342,1,8.419818,-5.97054672,-6.185135,-1.70183241,-13.8575144,-5.43769646,-5.43769646,22.6910973,46.5302124,2,-1,-167.4373,-136.469833,96.14932,0,-232.619171,-226.659973,-1,False,False,False,False,False,-143.4102,
6.85000038,6.866667,343.8917,-122.0968,-66.23588,-45.1317978,5.21220541,-0.9490288,41.188118,94.1091461,386.209229,1.251709,192,193,-2.17358971,40.49369,41.3808746,93.11724,1,8.53770351,-6.074054,-6.20713139,-1.68640172,-13.9675865,-5.429883,-5.429883,22.4853554,46.09849,2,-1,-167.455658,-136.368759,95.16817,0,-231.536942,-224.316879,-1,False,False,False,False,False,-143.25766,
6.866667,6.88333368,342.78418,-122.843956,-66.450264,-44.8291855,5.19506454,-1.028461,41.88551,93.1270447,387.3506,1.14135742,193,193,-2.168916,41.188118,41.52241,93.8389,1,8.657827,-6.178218,-6.228362,-1.6692555,-14.0758352,-5.418008,-5.418008,22.2567387,45.66269,2,-1,-167.483536,-136.28154,94.10922,0,-230.390747,-221.790131,-1,False,False,False,False,False,-143.1058,
6.88333368,6.90000057,341.673157,-123.586113,-66.66122,-44.5293045,5.176601,-1.107827,42.5863876,91.9122238,388.6067,1.25610352,193,194,-2.16429019,41.88551,41.8430748,94.73041,1,8.771471,-6.282827,-6.2764616,-1.65027356,-14.2095613,-5.43809032,-5.43809032,22.0036469,45.66269,2,-1,-167.436386,-135.969345,93.1271057,0,-229.096451,-218.99585,-1,False,False,False,False,False,-142.819962,
6.90000057,6.916667,340.5587,-124.323318,-66.86854,-44.2325478,5.15681553,-1.18712676,43.2911453,90.7786,389.745361,1.13867188,194,194,-2.15971732,42.5863876,41.97255,95.42116,1,8.896853,-6.38795853,-6.2958827,-1.62933373,-14.3131742,-5.416321,-5.416321,21.72445,45.222683,2,-1,-167.4875,-135.9154,91.91228,0,-227.827682,-216.108017,-1,False,False,False,False,False,-142.668243,
6.916667,6.933334,339.440826,-125.055641,-67.072,-43.9393234,5.13570929,-1.26636052,43.9981041,89.40909,391.0056,1.26025391,194,195,-2.155203,43.2911453,42.2848625,96.28473,1,9.011064,-6.493672,-6.34272957,-1.60630858,-14.44271,-5.43164635,-5.43164635,21.4174461,44.7783546,2,-1,-167.4515,-135.620773,90.77867,0,-226.399445,-212.94191,-1,False,False,False,False,False,-142.39003,
6.933334,6.95000029,338.319641,-125.783142,-67.27136,-43.65007,5.11328363,-1.34552824,44.7089424,87.9594,392.264648,1.2590332,195,196,-2.15075326,43.9981041,42.40206,96.94063,1,9.142674,-6.59971571,-6.3603096,-1.58106971,-14.5410948,-5.39842033,-5.39842033,21.0809288,44.7783546,2,-1,-167.52951,-135.604034,89.4091339,0,-225.013168,-209.699249,-1,False,False,False,False,False,-142.236389,
6.95000029,6.966667,337.1952,-126.5059,-67.4663849,-43.3652534,5.08954,-1.42463,45.42239,86.59898,393.3811,1.11645508,196,196,-2.14637375,44.7089424,42.50912,97.57465,1,9.277352,-6.70634174,-6.37636852,-1.55348837,-14.636199,-5.35884666,-5.35884666,20.7131767,44.3295746,2,-1,-167.622375,-135.610764,87.95946,0,-223.570221,-206.281723,-1,False,False,False,False,False,-142.085632,
6.966667,6.98333359,336.067566,-127.223984,-67.6568,-43.08536,5.064479,-1.50366592,46.13871,84.9943542,394.636963,1.25585938,196,197,-2.142071,45.42239,42.80627,98.3848953,1,9.402204,-6.813359,-6.420941,-1.52343524,-14.7577353,-5.35553169,-5.35553169,20.31247,44.3295746,2,-1,-167.630173,-135.372025,86.5990448,0,-221.971069,-202.590088,-1,False,False,False,False,False,-141.798,
6.98333359,7.00000048,334.936859,-127.9375,-67.84235,-42.8109245,5.03810167,-1.58263588,46.85843,83.4830551,395.7622,1.12524414,197,197,-2.137852,46.13871,42.897747,98.9750061,1,9.544011,-6.920807,-6.43466234,-1.49078226,-14.8462515,-5.30224037,-5.30224037,19.8770962,43.8762054,2,-1,-167.755173,-135.424026,84.99443,0,-220.418457,-198.8274,-1,False,False,False,False,False,-141.645844,
7.00000048,7.016667,333.803162,-128.646545,-68.02274,-42.54248,5.01040936,-1.66154,47.579567,81.72436,397.0293,1.26708984,197,198,-2.133724,46.85843,43.1824226,99.7435455,1,9.672368,-7.02876472,-6.47736359,-1.45540369,-14.9615326,-5.28916454,-5.28916454,19.4053822,43.4181023,2,-1,-167.785843,-135.21817,83.48311,0,-218.701279,-194.7828,-1,False,False,False,False,False,-141.3623,
7.016667,7.033334,332.666534,-129.351227,-68.1977,-42.2806053,4.981403,-1.74037838,48.3039856,79.88597,398.302734,1.2734375,198,199,-2.12969446,47.579567,43.25718,100.284607,1,9.82349,-7.136935,-6.48857737,-1.41717887,-15.0426912,-5.219201,-5.219201,18.8957176,43.4181023,2,-1,-167.949844,-135.323349,81.72443,0,-217.047775,-190.684875,-1,False,False,False,False,False,-141.204468,
7.033334,7.05,331.5271,-130.051651,-68.36692,-42.02589,4.95108366,-1.819151,49.03035,78.14881,399.428467,1.12573242,199,199,-2.12577128,48.3039856,43.3196259,100.796875,1,9.976539,-7.24559832,-6.49794436,-1.37599015,-15.1195316,-5.142993,-5.142993,18.3465347,42.9551125,2,-1,-168.128372,-135.453537,79.88603,0,-215.339569,-186.415543,-1,False,False,False,False,False,-141.053787,
7.05,7.066667,330.384918,-130.747971,-68.5300751,-41.77895,4.91945267,-1.89785814,49.7586746,76.157196,400.709473,1.28100586,199,200,-2.12196255,49.03035,43.5820923,101.490639,1,10.1126862,-7.35455275,-6.537314,-1.33172917,-15.2235966,-5.11091042,-5.11091042,17.7563877,42.9551125,2,-1,-168.203491,-135.310425,78.14888,0,-213.4593,-181.857712,-1,False,False,False,False,False,-140.772873,
7.066667,7.08333349,329.240143,-131.4403,-68.68688,-41.54043,4.886511,-1.97649956,50.4897575,74.08547,401.9983,1.28881836,200,201,-2.11827683,49.7586746,43.62514,101.945778,1,10.274106,-7.46380138,-6.54377127,-1.28429413,-15.2918673,-5.017761,-5.017761,17.12392,42.48708,2,-1,-168.4215,-135.496552,76.15727,0,-211.653824,-177.25853,-1,False,False,False,False,False,-140.620667,
7.08333349,7.10000038,328.092865,-132.12883,-68.83699,-41.3109741,4.85225964,-2.05507541,51.22123,72.123024,403.126221,1.12792969,201,201,-2.114723,50.4897575,43.65343,102.367142,1,10.4406786,-7.573464,-6.548015,-1.23359287,-15.355072,-4.91439342,-4.91439342,16.4479046,42.0138321,2,-1,-168.663223,-135.718948,74.0855255,0,-209.804474,-172.499664,-1,False,False,False,False,False,-140.470062,
7.10000038,7.11666727,326.9432,-132.81369,-68.98008,-41.0912666,4.8167,-2.133586,51.955,69.89643,404.418457,1.29223633,201,202,-2.11130953,51.22123,43.8886642,102.973534,1,10.5886269,-7.68318462,-6.5833,-1.17954648,-15.4460306,-4.85740376,-4.85740376,15.7272863,42.0138321,2,-1,-168.796387,-135.65654,72.12309,0,-207.779633,-167.449753,-1,False,False,False,False,False,-140.1863,
7.11666727,7.13333368,325.7913,-133.495056,-69.1158,-40.8819923,4.779833,-2.212031,52.690094,67.7840958,405.53125,1.112793,202,202,-2.10804629,51.955,43.8916,103.327194,1,10.7637548,-7.79325056,-6.58374071,-1.12208831,-15.49908,-4.735325,-4.735325,14.9611769,41.5351944,2,-1,-169.081467,-135.943832,69.8965,0,-205.840332,-162.370132,-1,False,False,False,False,False,-140.038345,
7.13333368,7.15000057,324.637238,-134.173126,-69.24382,-40.6838531,4.741659,-2.29041052,53.4256668,65.40193,406.825439,1.29418945,202,203,-2.10494232,52.690094,44.1055031,103.870026,1,10.9225359,-7.90351439,-6.61582565,-1.06116378,-15.5805044,-4.65796852,-4.65796852,14.14885,41.5351944,2,-1,-169.261978,-135.946487,67.7841644,0,-203.730652,-157.005173,-1,False,False,False,False,False,178,
7.15000057,7.166667,323.481171,-134.848083,-69.36379,-40.4975471,4.70218039,-2.36872482,54.1630058,62.9400749,408.1289,1.3034668,203,204,-2.10200739,53.4256668,44.07939,104.149986,1,11.1069832,-8.01385,-6.611909,-0.996738851,-15.6224985,-4.51551533,-4.51551533,13.2898512,41.0509758,2,-1,-169.594086,-136.30542,65.40199,0,-201.707413,-151.612,-1,False,False,False,False,False,178,
7.166667,7.183334,322.323242,-135.520142,-69.47535,-40.3237762,4.66139746,-2.4469738,54.8999,60.6033859,409.24707,1.11816406,204,204,-2.09925079,54.1630058,44.0353546,104.39032,1,11.294528,-8.124452,-6.60530329,-0.9287945,-15.6585484,-4.36402035,-4.36402035,12.3839264,40.5609741,2,-1,-169.946915,-136.7002,62.94014,0,-199.640335,-146.0606,-1,False,False,False,False,False,178,
7.183334,7.20000029,321.1636,-136.189529,-69.57816,-40.1632576,4.61931133,-2.52515769,55.6374626,57.9882469,410.563477,1.31640625,204,205,-2.09668255,54.8999,44.21268,104.82814,1,11.4624023,-8.234985,-6.631902,-0.8573343,-15.7242212,-4.261819,-4.261819,11.4311237,40.5609741,2,-1,-170.1847,-136.790833,60.60344,0,-197.394272,-140.216141,-1,False,False,False,False,False,178,
7.20000029,7.216667,320.0024,-136.856476,-69.67186,-40.0166779,4.57592344,-2.60327649,56.37559,55.5023041,411.68457,1.12109375,205,205,-2.094312,55.6374626,44.1378136,104.991142,1,11.6631975,-8.34562,-6.620672,-0.7823795,-15.7486715,-4.085474,-4.085474,10.4317265,40.0649834,2,-1,-170.5946,-137.268692,57.98831,0,-195.257,-134.366669,-1,False,False,False,False,False,178,
7.216667,7.23333359,318.8398,-137.521225,-69.75612,-39.88473,4.53123474,-2.6813302,57.1122475,52.7316856,413.005859,1.32128906,205,206,-2.092149,56.37559,44.2873459,105.356117,1,11.8374643,-8.456339,-6.643102,-0.703977,-15.8034182,-3.96595383,-3.96595383,9.386359,39.56277,2,-1,-170.872162,-137.422318,55.50235,0,-192.924667,-128.208618,-1,False,False,False,False,False,178,
7.23333359,7.25000048,317.675964,-138.184021,-69.83055,-39.76808,4.485246,-2.75931883,57.84926,49.88165,414.338623,1.33276367,206,207,-2.09020281,57.1122475,44.17599,105.436226,1,12.05042,-8.566837,-6.626399,-0.622198045,-15.8154345,-3.76501465,-3.76501465,8.295974,39.56277,2,-1,-171.338272,-137.987076,52.73175,0,-190.718826,-122.063858,-1,False,False,False,False,False,178,
7.25000048,7.266667,316.511047,-138.845139,-69.89484,-39.6673851,4.43795872,-2.83724236,58.58503,47.1722755,415.4629,1.12426758,207,207,-2.08848286,57.84926,44.0431137,105.473289,1,12.2691011,-8.677389,-6.60646725,-0.5371377,-15.8209944,-3.55189323,-3.55189323,7.16183567,39.0541039,2,-1,-171.832031,-138.597366,49.8817139,0,-188.47908,-115.77227,-1,False,False,False,False,False,178,
7.266667,7.283334,315.345245,-139.504852,-69.94863,-39.583252,4.389374,-2.915101,59.3190842,44.1658936,416.807861,1.3449707,207,208,-2.08699822,58.58503,44.1462173,105.724037,1,12.457921,-8.787755,-6.621933,-0.4489188,-15.8586063,-3.40068531,-3.40068531,5.985584,39.0541039,2,-1,-172.181961,-138.862244,47.1723328,0,-186.034576,-109.163269,-1,False,False,False,False,False,178,
7.283334,7.3,314.1787,-140.163452,-69.99159,-39.51627,4.33949232,-2.992895,60.05251,41.0803871,418.159424,1.3515625,208,209,-2.08575749,59.3190842,43.9713173,105.675026,1,12.6933975,-8.897863,-6.595698,-0.3576933,-15.8512545,-3.157857,-3.157857,4.769244,38.538723,2,-1,-172.743347,-139.5752,44.16597,0,-183.741165,-102.593018,-1,False,False,False,False,False,178,
7.3,7.316667,313.011658,-140.821228,-70.0234,-39.46698,4.2883153,-3.07062387,60.78291,38.14816,419.279541,1.12011719,209,209,-2.084769,60.05251,43.7729034,105.583023,1,12.936739,-9.007876,-6.56593561,-0.263641268,-15.8374538,-2.90071487,-2.90071487,3.51521683,38.0163536,2,-1,-173.337051,-140.339767,41.08046,0,-181.420227,-95.88316,-1,False,False,False,False,False,178,
7.316667,7.33333349,311.844269,-141.478485,-70.04376,-39.43588,4.23584366,-3.148288,61.5112534,34.9068146,420.6538,1.37426758,209,210,-2.0840404,60.78291,43.8239021,105.719971,1,13.14575,-9.117436,-6.57358551,-0.166973442,-15.857996,-2.712246,-2.712246,2.2263124,38.0163536,2,-1,-173.771729,-140.732712,38.14824,0,-178.880951,-88.8432,-1,False,False,False,False,False,178,
7.33333349,7.35000038,310.676727,-142.135544,-70.05237,-39.42341,4.182079,-3.22588754,62.2377319,31.5853348,422.043457,1.38964844,210,211,-2.083579,61.5112534,43.57974,105.543861,1,13.408639,-9.226688,-6.536961,-0.06793069,-15.83158,-2.42294121,-2.42294121,0.9057425,37.48671,2,-1,-174.438309,-141.607788,34.90689,0,-176.514679,-81.86475,-1,False,False,False,False,False,178,
7.35000038,7.36666727,309.509247,-142.792709,-70.04892,-39.4299355,4.127022,-3.30342221,62.9594154,28.4307976,423.178223,1.13476563,211,211,-2.08339119,62.2377319,43.30873,105.325035,1,13.6804514,-9.33566,-6.49630976,0.033214543,-15.7987556,-2.11830425,-2.11830425,-0.442860544,36.94947,2,-1,-175.139389,-142.5391,31.5854034,0,-174.1245,-74.7511749,-1,False,False,False,False,False,178,
7.36666727,7.38333368,308.342041,-143.4503,-70.03319,-39.4557838,4.07067347,-3.38089228,63.6783066,24.9571285,424.5901,1.41186523,211,212,-2.083483,62.9594154,43.30262,105.354332,1,13.9064369,-9.44391251,-6.49539328,0.13615568,-15.80315,-1.89671326,-1.89671326,-1.81540906,36.94947,2,-1,-175.64888,-143.053848,28.4308624,0,-171.484711,-67.27708,-1,False,False,False,False,False,178,
7.38333368,7.40000057,307.1753,-144.108658,-70.00491,-39.5011826,4.0130353,-3.458298,64.3939743,21.654705,425.7334,1.14331055,212,212,-2.08385921,63.6783066,42.9863472,105.060928,1,14.1955967,-9.551746,-6.44795227,0.2405586,-15.75914,-1.56354332,-1.56354332,-3.20744777,36.4043045,2,-1,-176.414291,-144.085968,24.9572,0,-169.043167,-59.8905754,-1,False,False,False,False,False,178,
7.40000057,7.416667,306.009216,-144.7681,-69.96388,-39.5662956,3.954108,-3.535639,65.10355,18.0235367,427.155029,1.42163086,212,213,-2.084524,64.3939743,42.93994,105.026894,1,14.4361792,-9.659097,-6.4409914,0.346053541,-15.754035,-1.31785583,-1.31785583,-4.614047,35.85085,2,-1,-176.9783,-144.688065,21.65477,0,-166.342834,-52.134922,-1,False,False,False,False,False,178,
7.416667,7.433334,304.844055,-145.428955,-69.90993,-39.65119,3.89389277,-3.61291575,65.80902,14.308794,428.5901,1.43505859,213,214,-2.08548045,65.10355,42.5701027,104.658714,1,14.7501,-9.765533,-6.38551569,0.452240974,-15.6988077,-0.9487076,-0.9487076,-6.02987957,35.85085,2,-1,-177.825211,-145.84465,18.0236053,0,-163.868256,-44.4949532,-1,False,False,False,False,False,178,
7.433334,7.45000029,303.68,-146.091553,-69.84288,-39.75584,3.83239055,-3.690128,66.50999,10.784976,429.723877,1.13378906,214,214,-2.08673024,65.80902,42.16654,104.250969,1,15.0761013,-9.871353,-6.324981,0.5586882,-15.6376457,-0.5615444,-0.5615444,-7.44917631,35.2887154,2,-1,-178,-146.355713,14.3088684,0,-160.664581,-36.01609,-1,False,False,False,False,False,178,
7.45000029,7.466667,302.517273,-146.756226,-69.76264,-39.8801231,3.76960254,-3.767276,67.2033844,6.9150424,431.182617,1.45874023,214,215,-2.08827448,66.50999,42.057373,104.13446,1,15.3391514,-9.976499,-6.308606,0.664934456,-15.62017,-0.281018257,-0.281018257,-8.865792,34.71748,2,-1,-178,-146.4442,10.7850647,0,-157.229263,-27.1960564,-1,False,False,False,False,False,178,
7.466667,7.48333359,301.3561,-147.4233,-69.66915,-40.02382,3.70553,-3.84435964,67.89123,2.96259546,432.65625,1.47363281,215,216,-2.09011269,67.2033844,41.60076,103.667564,1,15.6919966,-10.0805082,-6.24011469,0.7704876,-15.5501356,0.141860962,0.141860962,-10.2731676,34.71748,2,-1,-178,-146.82196,6.915146,0,-153.7371,-18.2099686,-1,False,False,False,False,False,178,
7.48333359,7.50000048,300.196747,-148.093063,-69.56237,-40.1865845,3.64017367,-3.921379,68.57309,-1.071776,434.1482,1.49194336,216,217,-2.09224272,67.89123,41.1107368,103.1698,1,16.058279,-10.1836843,-6.16661072,0.874824464,-15.4754705,0.5828085,0.5828085,-11.6643257,34.13669,2,-1,-178,-147.225357,2.96270752,0,-150.188065,-9.058041,-1,False,False,False,False,False,178,
7.50000048,7.516667,299.039368,-148.765869,-69.44234,-40.3679771,3.57570434,-3.868153,69.24631,-4.765597,435.31543,1.16723633,217,217,-2.09466171,68.57309,40.5878258,102.644913,1,16.4395485,-10.285964,-6.08817434,0.9774001,-15.3967371,1.04281139,1.04281139,-13.0320015,33.545845,2,-1,-177.609375,-147.263062,-1.07165527,0,-146.1914,0.6501749,0,False,False,False,False,False,178,
7.516667,7.533334,297.884216,-149.441986,-69.30998,-40.5670662,3.51212144,-3.81497145,69.912,-8.703581,436.8484,1.532959,217,218,-2.09736466,69.24631,40.393795,102.478065,1,16.7475853,-10.3869467,-6.05906963,1.07430542,-15.3717108,1.37587452,1.37587452,-14.3240709,33.545845,2,-1,-176.845139,-146.6537,-4.76547241,0,-141.888229,0.9941525,0,False,False,False,False,False,178,
7.533334,7.55,296.731445,-150.1217,-69.16588,-40.78268,3.44942427,-3.761834,70.570076,-12.6049309,438.3977,1.54931641,218,219,-2.100336,69.912,39.821804,101.964355,1,17.168417,-10.4868011,-5.973271,1.165418,-15.2946539,1.87376308,1.87376308,-15.5389071,33.1653557,2,-1,-175.70163,-145.975388,-8.703461,0,-137.271927,1.70860457,0,False,False,False,False,False,178,
7.55,7.566667,295.581268,-150.805267,-69.01066,-41.0136681,3.38811636,-3.678476,71.21942,-16.1176147,439.5547,1.15698242,219,219,-2.10356021,70.570076,39.2119446,101.444275,1,17.6130352,-10.5855122,-5.881792,1.25066137,-15.2166414,2.39639378,2.39639378,-16.6754837,33.0592537,2,-1,-174.499435,-145.267,-12.6048126,0,-132.662186,2.473671,1,False,False,False,False,False,178,
7.566667,7.58333349,294.433838,-151.49292,-68.84514,-41.2587852,3.327692,-3.62545252,71.8585358,-19.9009171,441.119873,1.56518555,219,220,-2.10702085,71.21942,38.96151,101.3187,1,17.95913,-10.6829138,-5.844227,1.3293339,-15.1978064,2.761323,2.761323,-17.7244511,33.0592537,2,-1,-173.658585,-144.62442,-16.1175079,0,-128.506912,0.7064036,0,False,False,False,False,False,178,
7.58333349,7.60000038,293.289337,-152.18486,-68.66978,-41.5168152,3.2686553,-3.54220819,72.48855,-23.6171513,442.708252,1.58837891,220,221,-2.1107,71.8585358,38.3002129,100.810822,1,18.4485683,-10.7787809,-5.74503231,1.402189,-15.121624,3.32694435,3.32694435,-18.6958523,33.0592537,2,1,172.352524,178,-19.9008179,0,197.900818,323.4159,1,True,False,False,False,False,178,
7.60000038,7.61666727,292.147919,-152.8813,-68.485405,-41.7865753,3.21100473,-3.45903325,73.10911,-27.2621136,444.3203,1.61206055,221,222,-2.11458135,72.48855,37.6058,100.303162,1,18.9619255,-10.8732824,-5.64087,1.46867824,-15.045475,3.9164505,3.9164505,-19.5823765,33.0592537,2,1,170.987045,178,-23.6170654,0,201.617065,321.434357,1,False,False,False,False,False,178,
7.61666727,7.63333368,291.0097,-153.582413,-68.2927,-42.066864,3.15473938,-3.37592769,73.71867,-30.4858818,445.519531,1.19921875,222,222,-2.11864781,73.10911,36.88467,99.80046,1,19.50241,-10.9663668,-5.53270054,1.52899742,-14.97007,4.532341,4.532341,-20.386631,33.0592537,2,1,169.554886,178,-27.2620239,0,205.262024,319.518524,1,False,False,False,False,False,178,
7.63333368,7.65000057,289.874847,-154.288361,-68.09231,-42.3565063,3.09985781,-3.2928915,74.31639,-33.98246,447.19043,1.67089844,222,223,-2.12288237,73.71867,36.5745468,99.73742,1,19.9191284,-11.0578012,-5.486182,1.58337033,-14.9606133,4.958515,4.958515,-21.1116028,33.0592537,2,1,168.560074,178,-30.4857788,0,208.485779,317.318024,1,False,False,False,False,False,178,
7.65000057,7.666667,288.743439,-154.999268,-67.88484,-42.6544,3.046359,-3.20992446,74.9029,-37.4139862,448.8684,1.67797852,223,224,-2.127268,74.31639,35.8127632,99.24888,1,20.5287113,-11.147459,-5.371915,1.63204181,-14.887332,5.64137936,5.64137936,-21.7605572,33.0592537,2,1,166.958588,178,-33.9823456,0,211.982346,315.526672,1,False,False,False,False,False,178,
7.666667,7.683334,287.6156,-155.715256,-67.67092,-42.95948,2.994242,-3.12702656,75.4778748,-40.78782,450.561035,1.692627,224,225,-2.13179,74.9029,35.0196762,98.7540741,1,21.1749668,-11.2354355,-5.25295162,1.6752758,-14.8131113,6.36185551,6.36185551,-22.33701,33.0592537,2,1,165.257584,178,-37.4138641,0,215.413864,313.806122,1,False,False,False,False,False,178,
7.683334,7.70000029,286.491425,-156.436432,-67.45112,-43.2707443,2.94350529,-3.0441978,76.04089,-44.0960922,452.279053,1.71801758,225,226,-2.13643265,75.4778748,34.1868477,98.2423859,1,21.8637161,-11.321682,-5.12802744,1.71334994,-14.7363586,7.12735748,7.12735748,-22.8446655,33.0592537,2,1,163.435532,178,-40.78769,0,218.787689,312.1635,1,False,False,False,False,False,178,
7.70000029,7.716667,285.371,-157.162888,-67.22599,-43.5872574,2.89414787,-2.961438,76.5903,-46.9240646,453.49585,1.21679688,226,226,-2.141182,76.04089,33.325016,97.72224,1,22.59824,-11.4061346,-4.99875259,1.746551,-14.6583357,7.939904,7.939904,-23.2873459,33.0592537,2,1,161.482391,178,-44.0959473,0,222.095947,310.5906,1,False,False,False,False,False,177.977554,
7.716667,7.73333359,284.2544,-157.894684,-66.99606,-43.90813,2.84616876,-2.878747,77.12565,-50.083252,455.278076,1.78222656,226,227,-2.14602423,76.5903,32.96446,97.7202759,1,23.13575,-11.4885454,-4.944669,1.77517211,-14.658042,8.477708,8.477708,-23.66896,33.0592537,2,1,160.177444,178,-46.92392,0,224.92392,308.672333,1,False,False,False,False,False,176.5276,
7.73333359,7.75000048,283.1417,-158.6319,-66.76184,-44.23255,2.79956675,-2.796125,77.64718,-53.178978,457.1045,1.826416,227,228,-2.15094686,77.12565,32.07285,97.20177,1,23.9682159,-11.5688477,-4.81092739,1.79950964,-14.580266,9.38795,9.38795,-23.9934616,33.0592537,2,1,157.94368,178,-50.08313,0,228.08313,307.2199,1,False,False,False,False,False,173.869034,
7.75000048,7.766667,282.032959,-159.374557,-66.52378,-44.5597458,2.75434065,-2.71357179,78.15406,-56.2160721,458.949463,1.8449707,228,229,-2.15593815,77.64718,31.1521168,96.6668854,1,24.8717251,-11.6470776,-4.67281771,1.819861,-14.5000334,10.3716917,10.3716917,-24.2648125,33.0592537,2,1,155.489029,178,-53.1788635,0,231.178879,305.8383,1,False,False,False,False,False,170.9545,
7.766667,7.783334,280.928253,-160.122711,-66.28234,-44.88903,2.71048927,-2.63108754,78.64578,-59.20266,460.812,1.86254883,229,230,-2.160987,78.15406,30.1967,96.10728,1,25.8425331,-11.7231092,-4.52950525,1.83652222,-14.4160919,11.4264412,11.4264412,-24.4869614,33.0592537,2,1,152.8026,174.958954,-56.2159424,0,231.174881,301.490875,1,False,False,False,False,False,167.769562,
7.783334,7.8,279.8276,-160.876373,-66.03793,-45.21976,2.66801143,-2.548672,79.12166,-62.1289673,462.713379,1.90136719,230,231,-2.166083,78.64578,29.1965885,95.51047,1,26.8920269,-11.7968674,-4.37948847,1.84978545,-14.3265705,12.5654564,12.5654564,-24.663805,33.0592537,2,1,149.82663,171.2169,-59.2025452,0,230.419434,296.5256,1,False,False,False,False,False,164.247284,
7.8,7.816667,278.731079,-161.635559,-65.79093,-45.5513535,2.626906,-2.466325,79.5807,-64.99203,464.675781,1.96240234,231,232,-2.171217,79.12166,28.1649,94.88698,1,28.0358429,-11.8682489,-4.22473526,1.85993755,-14.2330475,13.8027954,13.8027954,-24.7991657,33.0592537,2,1,146.487991,167.091614,-62.12883,0,229.220444,291.2501,1,False,False,False,False,False,160.310089,
7.816667,7.833334,277.6387,-162.400284,-65.54171,-45.8832932,2.58717179,-2.38404679,80.02193,-67.79461,466.6931,2.017334,232,233,-2.17638,79.5807,27.10606,94.2383652,1,29.28756,-11.9371061,-4.06590939,1.86725962,-14.1357555,15.151804,15.151804,-24.8967934,33.0592537,2,1,142.69397,162.493881,-64.99188,0,227.485764,285.571838,1,False,False,False,False,False,155.850891,
7.833334,7.85000038,276.550537,-163.170532,-65.29059,-46.2150955,2.54880786,-2.301837,80.44415,-70.54946,468.7495,2.05639648,233,234,-2.18156433,80.02193,26.01696,93.55872,1,30.6633987,-12.0032892,-3.90254426,1.8720243,-14.0338087,16.62959,16.62959,-24.9603233,33.0592537,2,1,138.3036,157.280487,-67.79448,0,225.074966,279.3501,1,False,False,False,False,False,150.697021,
7.85000038,7.86666727,275.466675,-163.946228,-65.03122,-46.54164,2.511813,-2.21969581,80.8465,-73.26021,470.829346,2.079834,234,235,-2.18676281,80.44415,24.88114,92.82865,1,32.1809,-12.0666237,-3.732171,1.87449622,-13.9242983,18.2566032,18.2566032,-24.9932823,33.0592537,2,1,133.091476,151.213745,-70.54933,0,221.763077,272.3596,1,False,False,False,False,False,144.553421,
7.86666727,7.88333368,274.38736,-164.727219,-64.75933,-46.8592033,2.4761858,-2.137623,80.4571457,-136.81279,551.8584,81.02905,235,275,-2.19196939,80.8465,23.6915379,92.0385,1,33.8369675,-12.1269751,-3.55373073,1.87493074,-13.8057756,20.0311928,20.0311928,-24.9990749,33.0592537,2,1,126.750595,143.983444,-73.2600861,0,217.24353,264.293365,1,False,False,False,False,False,137.232864,
